source_port,destination_port,packet_count,byte_count,duration_seconds,packets_per_second,bytes_per_second,protocol_TCP,protocol_UDP
-0.7677631367111605,-0.5141880004053625,-0.05118347856718305,-0.35791459552191535,1.2718882007209686,-0.499007798025722,-0.3890436152863271,True,False
0.40610796223129364,-0.5141880004053625,1.5700979788095155,0.7777743220493014,1.204900103676797,-0.29542234580624055,-0.20569892300450895,True,False
-0.5336353156798455,-0.5232095034498154,-1.1069016368589868,-0.9303578279614115,-1.1590912332072796,0.1675708628577172,-0.37579477122857385,False,True
1.1424547498548163,-0.5232095034498154,-1.1823100767369727,-0.9319475274960888,-1.0904098259322694,-0.4624909587970253,-0.4384478715742245,False,True
-0.9369771842464276,-0.39289890391882876,-0.7298594374690568,-0.5871341284268075,1.6976719886556162,-0.5895485580568136,-0.43267140477623905,True,False
-0.7966867421169944,2.1588499386918003,1.9848443981384383,0.1809178467558331,0.854850081011532,-0.1768437019449514,-0.27039527121861134,True,False
-0.5909347309345847,-0.5141880004053625,-0.013479258628190058,-0.6143482704609253,1.4964657960615535,-0.5068410251483212,-0.4330215786777021,True,False
1.5281028219326025,2.1588499386918003,1.0799431196026066,0.20922963846865664,-0.27255959224187376,0.09563552595372375,-0.007864592576363504,True,False
-1.258533176163559,-0.39289890391882876,0.25045028094476085,0.19772324183670698,-0.9607320347375942,1.1266825372549298,1.2552696819790758,False,True
0.38414136039845387,-0.39289890391882876,1.4192810990535434,0.9734209147813667,2.040223066012881,-0.39856989432663115,-0.25295596056921055,True,False
-0.12623975999199108,-0.5141880004053625,0.1373376211277819,0.7702043242651241,1.3553628127599,-0.4818567722303235,-0.22289688085657558,True,False
0.18123788611207325,-0.5232095034498154,-0.9560847571030148,-0.8863004408574989,-1.0086099163194422,-0.20712654763154864,-0.3695615033988701,False,True
-0.8904145619074904,2.1588499386918003,-0.7298594374690568,-0.7466339817394256,1.2569461335191714,-0.5799229823553146,-0.44908229800802696,True,False
-0.2360727691561901,-0.34478422101507983,0.25045028094476085,0.39605718378215526,-0.6463903893578195,0.14716705630801902,0.4295557123543435,True,False
-0.8651611867330785,-0.5141880004053625,-0.8052678773470429,-0.5402001421649075,-1.07115074803207,0.29671048319400534,0.6089107258320502,True,False
1.4953446476282677,-0.5141880004053625,0.47667560057871877,-0.3446670993996049,0.5438020170697626,-0.3497480087936356,-0.3484547381867958,True,False
-1.0715705525838026,-0.5325651362366555,-0.8052678773470429,-0.557459737112832,-0.1672580252493831,-0.5148552975819206,-0.3373710720955178,True,False
1.1190091000182691,-0.5232095034498154,-0.9560847571030148,-0.9190028312851454,-1.1519458361892347,0.79352295595276,-0.31772415359205125,False,True
-1.4844988433966366,-0.49982042148271527,-0.8052678773470429,-0.8404262542853839,0.29350843558610956,-0.5541783391311169,-0.45325337143775646,True,False
1.3489736748169263,-0.39289890391882876,-0.8429720972860358,-0.7217665390184028,0.1010851268267271,-0.5496401366687174,-0.41458783369886565,True,False
-0.007970699251090518,-0.5232095034498154,-1.1446058567979798,-0.9330830271637154,-1.141674327975795,-0.18076031550625102,-0.41516136981189966,False,True
1.306136062265104,2.1588499386918003,-0.35281723807912696,-0.6582921075980752,2.006487116029247,-0.5598631618965164,-0.44572464822754293,True,False
0.2900300837181078,-0.39289890391882876,-0.39052145801811994,-0.21234353813218365,-0.07047883282528977,-0.4177667321363294,-0.23323305221350876,False,True
-0.33423773295780834,-0.5141880004053625,2.0979570579554174,1.7967338737885026,0.3573704214348866,-0.007699102721366858,0.1919574311675066,True,False
-1.2796233051053127,-0.39289890391882876,-0.8052678773470429,-0.6274065166386313,0.07015895535800129,-0.5386386166036182,-0.3847159313001298,True,False
0.6264313352280061,-0.5141880004053625,-0.4659298978961059,-0.35636274597615897,-0.7620192879779532,-0.12233699364655636,0.02139591982439836,True,False
-0.8536027004818836,-0.5141880004053625,-0.6921552175300638,-0.3395573508952851,1.5760513769109759,-0.5831757631096143,-0.3964298555646945,True,False
-0.21974846155971564,-0.5232095034498154,-1.0314931969810008,-0.9312662276955128,-1.1812159130365907,1.383223742941906,-0.3168999559639623,False,True
1.4722276751258778,-0.5141880004053625,0.5897882603956978,0.2230827344137013,1.093718470388207,-0.4051478739596305,-0.28505502853197073,True,False
1.7494670064874793,-0.34478422101507983,-0.05118347856718305,-0.6970504962530636,-0.6918120407147146,0.04398933356912845,-0.29705560331873776,True,False
-1.616134115726597,-0.39289890391882876,-0.05118347856718305,-0.2089370391293038,1.5342582474773068,-0.5128034507239208,-0.37685286997844775,True,False
-0.7549447206790295,-0.5141880004053625,0.21274606100576787,0.41123502933943096,0.9608029211697299,-0.44220181427762717,-0.23982038824830113,True,False
0.38655166084894005,-0.39289890391882876,0.5520840404567048,0.5843987286524893,0.2891356014735042,-0.2850544843296415,-0.08814490176244393,True,False
1.5677084406985455,2.1588499386918003,2.0979570579554174,1.085948931843164,0.05277926573598571,0.14512124429371925,0.13741295266933687,True,False
-0.5841420660286691,-0.5232095034498154,-1.0691974169199938,-0.919797681052484,-1.0865207947427606,-0.20468847077674884,-0.4031320618030099,False,True
-0.6642297764516412,-0.5335675254638169,-0.5413383377740919,-0.499473554086033,0.5719742334377836,-0.5241006781303196,-0.3839106880391843,True,False
1.6906885432290326,-0.3922306444340545,-0.6544509975910708,-0.42816417495908177,-0.8888873006577203,-0.0916860224942592,0.13185139344788824,True,False
-1.589237353881399,-0.5141880004053625,1.1553515594805925,-0.09992907103714901,0.3514345317245836,-0.18457433672465068,-0.2720818181133262,True,False
0.7134760492239722,-0.5141880004053625,-0.6167467776520779,-0.25685512510314684,-0.423338634005463,-0.4022330444525308,-0.1448172371643753,True,False
0.6414957130435446,-0.20912754560589883,-0.27740879820114095,-0.32241130591412326,0.21120611524545124,-0.4387438488375275,-0.3117394473309805,True,False
0.9437693013567865,-0.5141880004053625,1.9471401781994453,1.5222836041231504,1.3679789043698856,-0.2739201977031425,-0.11196803386300094,True,False
-0.5494118277193912,-0.39289890391882876,1.4946895389315296,0.0631665312229534,-0.6868623646553398,0.9102006240485493,0.25628291944076664,True,False
-0.0824708949933901,-0.39289890391882876,-0.8429720972860358,-0.6859604494992436,1.5876626470652988,-0.5994517365685128,-0.44439693359547067,True,False
-0.35505396412109796,-0.39289890391882876,1.4569853189925366,2.6464661250624175,1.4795140859484313,-0.34341142290863613,0.033541563297933924,True,False
0.683018616258738,-0.39289890391882876,-0.315113018140134,0.14946450596257593,1.8714316692663033,-0.552561001019517,-0.3433896752529351,True,False
-0.09764483192031434,-0.5141880004053625,-0.8806763172250288,-0.6682845046731895,0.10151310633562041,-0.5582035798790166,-0.39895391280753817,True,False
-1.4611079731157823,-0.39289890391882876,-1.0314931969810008,-0.6492081102570623,-0.9694590951580709,-0.36854051207543387,-0.014455031517062816,True,False
-1.6819791416694234,2.1588499386918003,-0.39052145801811994,-0.34640819888996566,-0.7266644589824183,-0.1140632229338571,-0.007076540667841659,True,False
-1.167215656823549,-0.5232095034498154,-1.1069016368589868,-0.9321746274296141,-1.0813292172218374,-0.30615229790483955,-0.44194426669534864,False,True
1.0181051584320076,-0.39289890391882876,1.7586190785044804,0.4081691802368391,1.4675864831136218,-0.3085843399159393,-0.2856542968242933,True,False
-1.7096975968500143,-0.5232095034498154,-0.9560847571030148,-0.8947788383757777,-1.0291901483557904,-0.15865468303315297,-0.37491726003535736,False,True
1.7109569788353935,-0.5232095034498154,-0.9937889770420077,-0.9111678835785217,-1.0733650767954745,-0.08644777816265967,-0.38674693209299454,False,True
-1.4440167517396076,-0.5335675254638169,0.02422496131080293,-0.3932664851740239,0.49843618912707083,-0.4206393177375291,-0.35589862512869114,True,False
1.1090940004378602,-0.39289890391882876,0.5143798205177118,0.42800257443138395,1.7429819931841044,-0.46507387190062505,-0.30117379414249335,True,False
0.9667219351920979,-0.5141880004053625,1.1553515594805925,1.9736447220047288,0.32772818849284074,-0.1775196044393513,0.24906200292939332,True,False
0.15089001225822474,-0.39289890391882876,0.9291262398466347,1.9678158237109122,-0.05670905732176567,-0.08097417492676016,0.4892206594623025,True,False
0.9118328203878449,2.1588499386918003,-0.239704578262148,-0.3403522006626237,-0.43137720565076354,-0.25635276769244414,-0.1824470155087977,True,False
-0.4595733563830888,-0.5141880004053625,0.32585872082274686,-0.5828949296676681,1.1787003146106323,-0.44645637908612673,-0.4217136571140618,True,False
-1.711121865298029,2.1588499386918003,0.25045028094476085,0.8124070619119131,0.42774513894073557,-0.3700130139382337,-0.06773690155785839,True,False
-1.4891551056305303,2.1588499386918003,1.9094359582604523,0.037087888856462206,-0.6431340235292834,1.0074762696488404,0.18233947282932708,True,False
-0.3895650842076044,-0.5232095034498154,-1.0691974169199938,-0.9126061831575155,-1.141525465537919,0.126298566793421,-0.3071325566625091,False,True
-0.8050680141380031,-0.5232095034498154,-0.9937889770420077,-0.924150429778386,-1.1715584623793893,1.1882500126823239,-0.28978426458637735,False,True
-0.9241039886586038,-0.39289890391882876,0.25045028094476085,0.7639590760931777,-0.906918263445443,0.8170105676331577,1.6609442114256345,True,False
-1.2202422667342445,-0.39289890391882876,-0.4282256779571129,-0.6572323079082903,-0.9447293226659309,0.2723297146460076,-0.06860707860984039,True,False
0.04155001909526155,-0.39289890391882876,0.32585872082274686,0.25487672510724646,-0.3475862609313458,-0.09947097086725847,0.053284585692683614,False,True
0.6655987175484063,2.1588499386918003,1.7209148585654874,-0.22173033538456363,2.133541206756359,-0.37856438746113297,-0.3967974872296943,True,False
-1.1035618131084373,-0.39289890391882876,0.4389713806397258,0.2401152294281005,0.0007146280888769141,-0.22768726011744675,-0.10425964769940531,False,True
-0.5711045317737667,-0.49982042148271527,0.1373376211277819,-0.2801328682894924,0.315260959320731,-0.37192605939113355,-0.3125426846729559,True,False
-0.3041089773267313,-0.39289890391882876,0.25045028094476085,0.7109690916039357,0.625304201806838,-0.39938459822613104,-0.13325426613793295,False,True
0.9732407023195492,-0.5232095034498154,-1.1823100767369727,-0.9368680260558041,-1.148019589390257,-0.3055608832222396,-0.43090639980868134,False,True
-0.6395241968341581,-0.5232095034498154,-1.0314931969810008,-0.9310391277619875,-1.086985989861123,-0.11500465855105707,-0.43682201939959764,False,True
0.8175024254847273,-0.39289890391882876,1.3438726591755574,1.0368953462016943,0.22067748785530777,-0.10363501302025802,0.05200614928093587,True,False
-1.2650519432910101,-0.5232095034498154,-0.9560847571030148,-0.9220308303988164,-1.1460471620884007,0.6695129527614713,-0.3487812720197712,False,True
0.3267871655880218,-0.3922306444340545,0.1373376211277819,-0.4803971596699059,-0.13497348403503923,-0.2586460082984439,-0.3141403129408235,True,False
0.7489184217572574,-0.34478422101507983,-0.126591918445169,-0.46957206283853226,0.7183804410887673,-0.4692439488973247,-0.38523438299769536,True,False
-1.6222146464085052,-0.5141880004053625,1.3061684392365644,1.3170231142051798,1.7082040061353385,-0.3822637466492326,-0.18187045484606656,True,False
1.050589434957878,-0.39289890391882876,0.5143798205177118,0.8585083484175536,0.9881563941294333,-0.4039167658448306,-0.16458171348936015,True,False
0.7018627834170844,-0.39289890391882876,-0.013479258628190058,-0.4644623143342125,0.28120867665661053,-0.39576972684983136,-0.3562025610307688,True,False
-0.7019181107683339,-0.5335675254638169,-0.16429613838416202,-0.2637059730978274,-0.7622239738300327,0.07655938501802546,0.10056007614478611,True,False
-0.3817863872992172,-0.5232095034498154,-1.0314931969810008,-0.9178673316175188,-1.098671691234384,-0.06169284930526184,-0.38864435905506395,False,True
-0.08488119544387626,-0.5335675254638169,0.25045028094476085,-0.42907257469318305,-0.9116632536527386,0.8399067646309557,0.17674393835532207,True,False
-0.3740624699465229,-0.39289890391882876,-0.6167467776520779,-0.5045833025903528,0.10891901261994835,-0.49928540083592193,-0.35175712333252895,True,False
0.7069025025408282,-0.5232095034498154,-0.9560847571030148,-0.9235448299556519,-1.0103032265502812,-0.20352374594264894,-0.4389207826426716,False,True
0.6780336766906871,-0.5232095034498154,-0.9560847571030148,-0.9165804319942087,-1.0707227685231768,-0.018555786537665864,-0.4029655156791434,False,True
-0.695673241419347,-0.39289890391882876,0.8914220199076417,0.2606677734121422,-0.4824370218422098,0.23085826873961143,0.15458407351955725,True,False
-0.6955636823079613,-0.39289890391882876,0.8160135800296556,0.2953762132525956,0.3002444608999959,-0.23578602036284602,-0.16452082287874772,False,True
1.0834571683735983,-0.39289890391882876,-1.0691974169199938,-0.8051122146221962,0.6172284145520684,-0.6128852986447115,-0.4505632773864097,True,False
-0.9157227166375951,-0.39289890391882876,-0.9937889770420077,-0.5879289781941461,-0.0658268816416667,-0.575101142239015,-0.3601900066829019,True,False
-1.5923597885558924,-0.5141880004053625,0.32585872082274686,0.9750106143160441,-0.7597491358003451,0.3936662820781966,1.1467595266330672,True,False
0.5960286818184647,-0.5325651362366555,0.1373376211277819,0.18901774438490293,-0.21506147561229322,-0.2277958873040467,-0.042821961865984234,True,False
-1.398440161403142,-0.3922306444340545,-0.16429613838416202,-0.13637861036796328,0.813596577915163,-0.4829611486274234,-0.3263982957123066,True,False
1.2037530726751349,-0.39289890391882876,0.1373376211277819,-0.4649922141791049,0.050174173073156775,-0.3149933439253388,-0.33373770248409435,False,True
0.9918109716994312,2.1588499386918003,-0.126591918445169,0.6443531111031745,-0.4328100066153194,-0.2125518721178481,0.3033680669880953,True,False
0.18425076167518095,-0.39289890391882876,-0.35281723807912696,0.023916092711993502,-0.8129674573409925,0.027707325266529935,0.449881563908606,False,True
-1.3000560793787523,2.1588499386918003,0.8914220199076417,1.8097164199883669,-0.7678435308598494,0.7896003075477602,1.8961650633449707,True,False
0.4531088210157738,-0.5141880004053625,2.0602528380164244,3.274775941149143,-0.1522043112191789,0.28674092140160634,1.0503129993158273,True,False
1.5107377027779634,-0.39289890391882876,-0.7675636574080498,-0.7657482261444736,-0.08512317515133495,-0.5142699177430206,-0.41879480210829095,True,False
0.05979161114098638,2.1588499386918003,0.9668304597856276,-0.045387237002150735,1.4573335827049165,-0.39555850732033143,-0.35030102205074826,True,False
0.8641746069350503,-0.5141880004053625,0.4012671607007328,0.843292652871357,-0.11653314954315759,-0.19351194024434987,0.14749398053601628,True,False
-1.4084648200949368,2.1588499386918003,0.6651967002736837,-0.045803586880280495,0.6820580062470387,-0.34155872589273634,-0.2973442597599102,True,False
0.8334980557470446,-0.5325651362366555,-0.35281723807912696,-0.22407703469765863,-0.41444410334237575,-0.30666525961933955,-0.13276350552490018,True,False
0.2418788542640774,-0.39289890391882876,-0.5790425577130849,-0.4207455771305879,0.7401329648233888,-0.5401231881538182,-0.3766660609387346,True,False
-0.6458786252945307,-0.5232095034498154,-1.1069016368589868,-0.9227878301772341,-1.2038616113984675,3.5898341676282044,0.3389370456730774,False,True
-0.24790515318584944,-0.39289890391882876,0.5143798205177118,-0.016734795389039218,0.07187087339357455,-0.23323931632144623,-0.2019691517482052,True,False
-0.7782808114041909,-0.5232095034498154,-1.0691974169199938,-0.9135524328805377,-1.1012395682877438,-0.1476652326554541,-0.37189090814540265,False,True
0.6806630953639448,2.1588499386918003,1.2307599993585785,2.2497225411936794,1.0447985517412275,-0.3154882011087387,0.06471620036906725,True,False
0.999699227719204,-0.39289890391882876,-0.6544509975910708,-0.32036740651239537,-0.6697431842996071,-0.3137018873735389,-0.03809241238673857,False,True
-0.9290341486709619,2.1588499386918003,1.5700979788095155,1.6804965578124584,-0.9039968381021278,2.0691139036653436,2.777882026120915,True,False
0.7919751525318511,-0.5232095034498154,-0.9937889770420077,-0.9013647364480121,-1.143218775768758,0.45960298434439045,-0.24229135132340454,False,True
1.2766098817466485,-0.5141880004053625,0.06192918124979592,0.5012801529822214,0.7884946493283332,-0.44731332689152664,-0.20183745063082348,True,False
0.5181869331789002,-0.5141880004053625,1.4192810990535434,2.397715997874348,-0.5050082889851487,0.48026628917318864,1.335121453218302,True,False
-1.1322663002914997,2.1588499386918003,-0.39052145801811994,-0.6371718137802203,-0.5598827051471659,-0.2489661190036448,-0.29869723643401236,True,False
-1.50997133679382,-0.39289890391882876,1.0045346797246206,0.9168730313335615,1.4679214235988427,-0.3923540053156317,-0.21262428772824998,True,False
-0.4313618852012621,-0.39289890391882876,-0.7675636574080498,-0.7563992788810145,0.874090551106997,-0.5736407100636152,-0.4452059457901061,True,False
-0.04763109757272647,2.1588499386918003,-0.39052145801811994,-0.6615472066452714,0.3354132118481859,-0.47689009586522396,-0.40951857870778224,True,False
0.12629399175212733,-0.39289890391882876,0.28815450088375383,0.41097007941698477,-0.8408047332237928,0.5886219078066788,0.9181976988448419,False,True
-1.4158600601134739,2.1588499386918003,2.1356612778944104,2.430494088279836,-0.2094605263872111,0.36208594499609936,0.8138916597422226,True,False
0.7896196316370578,-0.5141880004053625,0.36356294076173984,1.2420801361418234,0.09358618151872693,-0.27438488066804245,0.16413364255784924,True,False
-0.6463168617400735,-0.5141880004053625,-0.08888769850617603,0.10949491766211919,1.963558910506774,-0.5339978217983188,-0.35219569087423375,True,False
0.1826621545600878,2.1588499386918003,1.4192810990535434,-0.20095069146699662,1.0277724104091672,-0.2879572441493412,-0.35216837589950784,True,False
-1.598275980570722,-0.5232095034498154,-1.0691974169199938,-0.9163911820496042,-1.0604326525050027,-0.27903171031704205,-0.4076449955403459,False,True
1.1478231463127173,-0.39289890391882876,-0.202000358323155,0.064642680790868,1.0814001036539733,-0.5065815268692213,-0.3105932056807361,True,False
-1.1733509670611502,-0.5141880004053625,1.7963232984434734,0.5354586929777824,1.7190151406860783,-0.3334660004910371,-0.28560161010884383,True,False
-0.775815731398012,-0.5232095034498154,-1.0691974169199938,-0.9091996841546357,-1.173623928704918,0.7314485536545656,-0.13906712155973566,False,True
-0.3318274325073222,2.1588499386918003,0.6651967002736837,0.3711518910722116,0.1246426076205942,-0.2158589664654478,-0.10134665373812522,True,False
-1.2611625948368166,-0.5325651362366555,-0.35281723807912696,-0.34307739986492763,0.38505883487981074,-0.47504343369302415,-0.33501072448174696,True,False
-1.218379761840687,2.1588499386918003,1.7963232984434734,2.9789404277434897,0.24611435692735847,-0.02077660901926563,0.5549400106799227,True,False
1.2486175287875934,-0.39289890391882876,1.7586190785044804,2.9819684268571605,-1.0862044620622742,6.360871453888052,11.315514433770886,True,False
-0.259627978104123,-0.5141880004053625,2.0979570579554174,0.3178969566605234,0.5743560324437987,-0.08483044005105983,-0.208022709610801,True,False
-0.36622899348244287,-0.39289890391882876,0.09963340118878891,-0.627860716505682,0.029445078598932656,-0.31854183202093844,-0.38173570771086696,True,False
-0.5397158463617537,2.1588499386918003,-0.27740879820114095,0.18735234487238392,2.0721168433278008,-0.5546973356893169,-0.3472938595965663,True,False
1.0849909959329986,-0.5141880004053625,-0.9183805371640218,-0.6571566079304486,1.9167230659900574,-0.6112619256894116,-0.44460081645329275,True,False
1.339989827683296,-0.5141880004053625,2.0225486180774315,1.9491557791729148,-0.24526194269637389,0.3644697082575991,0.6703729058166452,True,False
0.030977564846538158,-0.39289890391882876,1.3815768791145504,1.0311799978746405,1.483700842013692,-0.35220419017953536,-0.19786887315400306,True,False
0.6176118267614544,-0.39289890391882876,0.36356294076173984,0.8661161961906519,0.8335255367858042,-0.4077609612817303,-0.1393318793569282,True,False
-0.19367339304991077,-0.5232095034498154,-1.1069016368589868,-0.9341428268535003,-1.1891056222440153,1.1275455199040296,-0.30988734943626317,False,True
-1.5137511261366279,-0.5141880004053625,1.9848443981384383,2.1469976712623917,0.04600602481263068,0.12264145151122127,0.4650058011622413,True,False
0.3052588002007249,-0.5232095034498154,-1.1446058567979798,-0.9232041800553639,-1.1266392217503254,-0.2599616042250438,-0.38293852254456545,False,True
0.26127081697935245,-0.5141880004053625,0.1373376211277819,0.08118312594929565,1.1656748512964878,-0.4689723809308247,-0.31391598694787237,True,False
1.4711320840120203,2.1588499386918003,1.0045346797246206,-0.08463767551311063,1.5143665042161347,-0.39662667465523127,-0.3585540152147307,True,False
1.5740080896032251,-0.5232095034498154,-0.9937889770420077,-0.917791631639677,-1.0353121161134384,-0.2047548540574488,-0.42080494447811484,False,True
0.2338262595772259,2.1588499386918003,0.6651967002736837,1.288067872680701,1.4919254917063374,-0.43192447545652807,-0.16216317855421397,True,False
1.0061632152909625,-0.39289890391882876,1.6455064186875015,0.07762522699073227,-0.7295858843257336,1.1397600435528283,0.3326597259822408,True,False
-1.1018636468819583,-0.5232095034498154,-0.9560847571030148,-0.9171860318169428,-1.112590329175784,0.23825095227211068,-0.37357886545189345,False,True
-0.9456871336015935,-0.39289890391882876,-0.126591918445169,-0.05852118315769855,0.4605693064923795,-0.4424130338071271,-0.2761086612677317,False,True
-1.4197494085676674,-0.5232095034498154,-1.0314931969810008,-0.9219551304209747,-1.078519438706929,-0.14791266124715402,-0.4137734932819659,False,True
1.6501516720163107,2.1588499386918003,1.6455064186875015,1.2171748434318796,0.9923989736088975,-0.25172404257454456,-0.10258091291880453,True,False
1.6792943956449162,-0.39289890391882876,1.1930557794195855,0.7792883216061369,1.4952935043632807,-0.3741710212475334,-0.23488462089618223,True,False
-1.022707188905765,-0.39289890391882876,1.7963232984434734,0.5691830331062928,-0.11632846369107816,0.18477016740271562,0.05122843255648274,True,False
-0.887292127232997,-0.39289890391882876,-0.5413383377740919,-0.4081415308199325,0.33238013967646385,-0.5056038821898213,-0.34627393599209244,True,False
1.5970702825499223,-0.20912754560589883,-0.27740879820114095,-0.5772931313073768,0.5248034484358461,-0.4756650225941241,-0.3985383271421589,True,False
1.7152845637351302,-0.5141880004053625,-0.08888769850617603,0.6903029976531314,0.015693910900142997,-0.3605503790166346,0.032137874484868496,True,False
-0.20808041619713488,-0.34478422101507983,-0.4282256779571129,-0.4840307586063111,0.5263292884240746,-0.5016208853478218,-0.3779723999967815,True,False
0.05513534890709265,-0.39289890391882876,1.5323937588705225,1.2169477434983542,1.5628398355494868,-0.3443287191510361,-0.18014307653044043,True,False
-0.44259169411829996,-0.5232095034498154,-0.9560847571030148,-0.9162776320828415,-1.1625708926926297,1.0874017396116333,-0.2643005606746443,False,True
0.10925754993164558,-0.49982042148271527,-0.6921552175300638,-0.49114655652343786,0.7957516931747854,-0.5597424650225163,-0.3930176228484845,True,False
0.06614603960135898,-0.5232095034498154,-0.9560847571030148,-0.8878144404143344,-1.0912471771453216,0.08553923244362462,-0.3001955952197221,False,True
0.34037249539985287,-0.39289890391882876,-0.239704578262148,0.14303000784602515,0.4673611552204691,-0.4632573839469252,-0.23076771511426686,False,True
-1.1430030932073016,-0.5232095034498154,-1.0314931969810008,-0.8958386380655625,-1.0394058331550267,-0.2586580779858439,-0.3711158320252187,False,True
-0.1718163503284567,-0.39289890391882876,0.8914220199076417,0.15495275435610456,0.21239701474845876,-0.19494219820124972,-0.18300444158510293,True,False
0.2584770596390162,-0.39289890391882876,2.0602528380164244,2.9816656269457935,0.5808873719056055,-0.09311628045115905,0.3625315892028717,True,False
-1.0648874467892728,-0.5232095034498154,-1.1446058567979798,-0.9304713779281742,-1.0857392669439119,-0.3818352727465327,-0.4355424233159453,False,True
1.5968511643271508,2.1588499386918003,0.21274606100576787,0.2193355855105335,-0.7408994296043048,0.2812612833220067,0.4673371804852601,True,False
0.8086281374624829,-0.5141880004053625,0.5520840404567048,1.062216988789768,1.0082528232426848,-0.4010321105562309,-0.13212932170550412,True,False
0.35160230431689066,-0.5232095034498154,-1.1446058567979798,-0.9314933276290381,-1.1942971997649388,1.0269265708939386,-0.21544643549992246,False,True
-1.3941673560590984,-0.5232095034498154,-0.9937889770420077,-0.920176180941693,-1.2040476894458125,6.905588515937401,0.4511120463199744,False,True
-0.7239394921568666,-0.5232095034498154,-1.1069016368589868,-0.9252102294681709,-1.066945384162075,-0.3390482309135366,-0.42747403738218137,False,True
-1.6246797264146842,-0.39289890391882876,-0.013479258628190058,0.3736499903409901,-0.2457271378147361,-0.26100563218514367,0.04443185409911998,False,True
0.19531623192514017,-0.39289890391882876,0.28815450088375383,0.22629998347197672,0.4505583075452229,-0.367019731463034,-0.20898637345665985,False,True
0.824678547280493,-0.5232095034498154,-1.1446058567979798,-0.9381927756680352,-1.0475374438239997,-0.44172506162532715,-0.46354748901690596,False,True
0.64752146416976,-0.5141880004053625,-0.239704578262148,-0.4476569192533386,0.4236142062896784,-0.45844157867432567,-0.3630175453618066,True,False
-0.6711320004689425,-0.39289890391882876,0.4389713806397258,0.7408705828514366,-0.1087364793594054,-0.1865296260834505,0.10738537998865058,False,True
0.7078885345432998,2.1588499386918003,0.36356294076173984,-0.22922463319089928,0.9517223124592978,-0.42062724805012913,-0.35270723155409756,True,False
0.4194741738203533,-0.39289890391882876,0.8914220199076417,1.9111165403074235,1.8493442050464612,-0.4346220505904278,-0.12091132172819602,True,False
0.27025466411298266,-0.5141880004053625,-0.8429720972860358,-0.39534823456467266,1.8168921935895073,-0.6027890051346124,-0.41016358351974763,True,False
-0.00024678189839622385,-0.5232095034498154,-1.1823100767369727,-0.9309634277841458,-1.1098363740750792,-0.42888894907542835,-0.42710297371519357,False,True
0.6601207619791195,-0.5232095034498154,-0.9560847571030148,-0.9035600358054234,-1.0503844379483769,-0.09601904027085878,-0.3819514223563643,False,True
-1.5262408648346015,2.1588499386918003,-0.8429720972860358,-0.8033711151318353,2.089533748559285,-0.6061504130755121,-0.4635023636756993,True,False
1.4447831177237511,-0.39289890391882876,1.0422388996636136,1.3011639688473282,0.09019956105704932,-0.11849279820965666,0.18325042645287354,True,False
0.8578749580303706,-0.5141880004053625,-1.1069016368589868,-0.90810203447593,2.064487643386659,-0.62983717459801,-0.4756797962635387,True,False
-1.078472776601104,2.1588499386918003,-0.5790425577130849,-0.7648019764214514,1.5109798837544572,-0.5693740755677156,-0.45453718308549446,True,False
0.657436563750169,2.1588499386918003,-0.8806763172250288,-0.6800180012386644,1.285211388910865,-0.5986128932942129,-0.43916675845638226,True,False
-0.9144627868566592,-0.39289890391882876,1.0045346797246206,1.3233819123438888,-0.10302388330591643,-0.03733018528836413,0.3062553287700869,False,True
0.2435222409348634,2.1588499386918003,-0.27740879820114095,0.11157666705276797,0.6803646960162,-0.4894486056049228,-0.26518493587183667,True,False
-0.6785272404874796,-0.39289890391882876,-0.239704578262148,0.3842101372499176,0.41071899760867536,-0.45697511165522575,-0.16491443746290738,True,False
1.7192286917450166,-0.5232095034498154,-1.0691974169199938,-0.9071179347639868,-1.0917495878731527,-0.18599855983785055,-0.36005392545339393,False,True
-1.423200520576318,-0.20912754560589883,-0.5790425577130849,-0.7872848698404584,-0.5061061494644837,-0.3581847202862348,-0.39409907174887,True,False
-0.5597651637453431,-0.5335675254638169,-1.0314931969810008,-0.8554148498980552,0.8875067783205659,-0.6114791800626117,-0.46357413012822785,True,False
1.0290062900148882,-0.5232095034498154,-1.1069016368589868,-0.9215766305317658,-1.1053891087435355,-0.23173664024014637,-0.3961100446945174,False,True
0.8383734362037097,-0.49982042148271527,-0.27740879820114095,-0.563515735340174,-0.29302817744981496,-0.3266768013285377,-0.32042803050069657,True,False
0.3239934082476855,-0.39289890391882876,0.7783093600906626,0.43837347139570704,-0.5996103682553064,0.3426899573443011,0.38685241644102625,False,True
1.1943857686516546,-0.39289890391882876,1.9848443981384383,2.973792829250249,0.36916776963655457,-0.033709279068364434,0.4732646318638516,True,False
1.6813760187612452,-0.39289890391882876,-0.8429720972860358,-0.6180954193640932,-1.0616421598127448,0.16471034694391748,0.34479140637919525,False,True
-1.2129565858270932,-0.5141880004053625,-0.08888769850617603,0.5037404022620791,0.35338835122170537,-0.42150230038662906,-0.12402047262501488,True,False
-1.6950714554800186,2.1588499386918003,0.21274606100576787,0.9692195660111483,2.0611754541439193,-0.5098343076235209,-0.2549033944643553,True,False
0.46987136505779126,2.1588499386918003,0.09963340118878891,0.3150582074914569,-0.26455823620604213,-0.21795909207304764,0.03107204197709021,True,False
1.2176123002654304,-0.5141880004053625,2.0225486180774315,-0.07600787803914838,-0.8338268064483583,1.9230887906564569,0.39972452384220425,True,False
1.2796227573097563,-0.39289890391882876,1.9848443981384383,1.912630539864259,0.7131330401536405,-0.1425295806667545,0.0910883383296588,True,False
-0.7485902922186569,-0.5232095034498154,-1.0314931969810008,-0.899018037134917,-1.0643402914992461,-0.19474908320284973,-0.36118450369730526,False,True
0.26948775033328254,-0.5141880004053625,1.6078021987485085,1.9197463377813857,1.0772319553934468,-0.27113209991374276,0.0015410517758225677,True,False
-0.18594947569721648,-0.5141880004053625,-0.7675636574080498,-0.5039777027676186,0.8418804411115912,-0.5725423685102152,-0.39737370312510245,True,False
-0.1376339075761075,-0.49982042148271527,-0.5036341178350989,-0.5335385441148314,0.08696180303324764,-0.4709638793518245,-0.3581632684678487,True,False
0.8049579072310608,-0.5325651362366555,-0.8429720972860358,-0.7563235789031727,-0.7441930110423098,-0.3808696977545327,-0.32522017092030664,True,False
-0.6484532644120954,-0.39289890391882876,0.6274924803346907,0.4778131598512714,-0.8052266105714438,0.7284733757104659,0.8595663171574779,True,False
-1.4210093383486033,2.1588499386918003,1.7586190785044804,1.6708448106376321,1.6886099877499186,-0.334087589392137,-0.13290905218454835,True,False
-0.3883051544266684,-0.5141880004053625,-0.4659298978961059,-0.3492090980701113,-0.1538417980358142,-0.421194523357929,-0.26354130467321296,True,False
-1.478966108271657,-0.39289890391882876,0.09963340118878891,0.01528629523803125,1.2208842079437257,-0.4775418589848239,-0.3281064532496761,True,False
0.47135041306149866,-0.39289890391882876,0.47667560057871877,0.9716041153131642,-0.043776633031293574,-0.20229263782784904,0.1507193180206824,True,False
1.7226250241979744,-0.39289890391882876,-0.202000358323155,-0.3645761935719915,0.1776376355044276,-0.41767017463712935,-0.31934837595751486,False,True
-0.3444815098723745,-0.5335675254638169,-0.7675636574080498,-0.5728646826036331,-0.6492001678727278,-0.38527513365553234,-0.2262158461762961,True,False
-0.7092585712311781,2.1588499386918003,-0.8052678773470429,-0.474341161442564,1.0639459828130198,-0.5843948015370142,-0.40042181453451026,True,False
0.39148182086129807,-0.39289890391882876,1.6832106386264944,2.0659986949716935,0.6100085863150855,-0.16345238377465263,0.1557534851010307,True,False
-0.48066348532484277,-0.5232095034498154,-1.1446058567979798,-0.9208196307533479,-1.1956927851200256,1.1500373823739276,0.022958593387087497,False,True
-0.9581220927438744,2.1588499386918003,1.3815768791145504,2.6102815356540496,0.7611411763686302,-0.2456529898123451,0.2132382725352064,True,False
-1.6669695434095777,-0.39289890391882876,-0.6167467776520779,-0.42736932519174314,0.222277759062474,-0.5106671160541209,-0.341176723505363,True,False
-1.0124634119911988,2.1588499386918003,1.1930557794195855,1.300861168935961,0.4193902346149486,-0.19678886037344956,0.04953529590452615,True,False
-0.523501097876665,2.1588499386918003,-0.6167467776520779,-0.6004573245269598,1.9054281285162205,-0.5823489895227144,-0.437471803940359,True,False
-0.3009865426522379,2.1588499386918003,-0.239704578262148,-0.3515936473721272,0.9575093397317249,-0.5039443001723215,-0.3747495385683442,True,False
0.7748839311556766,-0.5141880004053625,-0.126591918445169,-0.07101167950159129,1.3238039759302016,-0.5108119523029209,-0.34736429399352875,True,False
-0.8132849474919333,2.1588499386918003,1.2307599993585785,2.2522206404624576,2.0233085715092276,-0.41462861341232965,-0.09962519915195776,True,False
1.1662290770255208,-0.5232095034498154,-0.9937889770420077,-0.9093132341213983,-1.0085727007099734,-0.26175395280394365,-0.41263900506318696,False,True
-0.4149827980490948,2.1588499386918003,-0.4282256779571129,0.09219747272527379,0.13217876853806346,-0.4600770213170255,-0.18325907575999315,True,False
0.5613532230648797,-0.5232095034498154,-1.1446058567979798,-0.9224093302880253,-1.1694557804443917,0.10491108072062294,-0.28375609413574715,False,True
-0.015365939269627609,-0.39289890391882876,-0.6544509975910708,-0.6734321031664301,0.3196710090428056,-0.5264180581111194,-0.41177855985245837,False,True
-1.458368995331139,2.1588499386918003,-0.9937889770420077,-0.7728640240616004,-0.18344681536839116,-0.5672920544912157,-0.4156114635520617,True,False
-1.3487003248340186,2.1588499386918003,-0.5790425577130849,-0.4357341727432592,1.3984398807202492,-0.5661756084067158,-0.40492434256718873,True,False
1.2248432016168889,2.1588499386918003,0.06192918124979592,0.12637601272083482,1.7249510303963813,-0.5098222379361209,-0.33960427108769453,True,False
-0.9044929077205573,-0.5232095034498154,-1.1446058567979798,-0.921500930553924,-1.0576973052090324,-0.4286475553274283,-0.42146276836599855,False,True
0.2914543521661223,-0.5335675254638169,0.25045028094476085,-0.23830863053191217,0.17828890867013478,-0.3210221527816382,-0.2844999296350957,True,False
0.09161853299854229,-0.39289890391882876,0.6651967002736837,1.1471523639282384,-0.9531028347964523,1.5476128853298914,2.6039004621118615,False,True
1.2191461278248306,-0.5232095034498154,-1.1446058567979798,-0.927178428892057,-1.1004208248794263,-0.3481367055257357,-0.41868743842966377,False,True
0.9367027386724066,-0.39289890391882876,0.6651967002736837,1.2378787873716048,1.9720254616609678,-0.46380655472362514,-0.21612513348208906,True,False
1.1013700830851658,-0.20912754560589883,-0.08888769850617603,-0.47248651198544056,0.9520386451397844,-0.48285855628452345,-0.39597896259119275,True,False
-0.012736520596369975,-0.5232095034498154,-0.9560847571030148,-0.9008348366031196,-1.0138201016451,-0.19579914600664963,-0.3945978168596783,False,True
-1.7526995480689151,-0.39289890391882876,-0.16429613838416202,-0.42945107458239196,1.7489737063086108,-0.5336478008637188,-0.41299460904998714,True,False
1.4895380147248238,2.1588499386918003,-0.315113018140134,-0.6557940083292967,0.15796918590006953,-0.43898524258552746,-0.3987840678872403,True,False
-1.278746832214227,2.1588499386918003,-0.05118347856718305,0.5843987286524893,1.0868894060506482,-0.48739072390322297,-0.22399752702835474,True,False
-0.9331973949036197,-0.39289890391882876,-0.6921552175300638,-0.7131367415444406,-0.8020632837665803,-0.23510408302474606,-0.26315994500026135,True,False
0.43590804052821347,-0.5232095034498154,-0.9937889770420077,-0.9183215314845694,-1.1109900579686176,0.11608761125302193,-0.37945308162156716,False,True
-1.312984054522269,2.1588499386918003,0.7406051401516697,0.8982129867955642,2.014581511088751,-0.4592200735116256,-0.26012462132428804,True,False
0.7237198261385385,-0.5232095034498154,-1.1823100767369727,-0.9349755266097598,-1.1611939151422772,-0.22190587985284724,-0.40505561272541674,False,True
-1.3503984910604974,-0.5141880004053625,1.2684642192975715,-0.07044392966777799,0.5900796274444446,-0.2266009882514468,-0.2932917079330791,True,False
0.696658725626262,-0.5141880004053625,1.1553515594805925,-0.09992907103714901,-1.0853857186539566,4.923878611418982,2.0427641644246557,True,False
0.5014791686925757,2.1588499386918003,1.3061684392365644,1.7571427853772548,0.24715639399248993,-0.12109985068805645,0.23219007743055955,True,False
1.551000676212221,-0.5141880004053625,-0.39052145801811994,0.18462714567008004,-0.06993920648798944,-0.41787535932292935,-0.09973983428685156,True,False
-0.1953167797206968,-0.5141880004053625,1.0799431196026066,-0.21317623788844317,-0.1271209904370837,-0.003233318383367275,-0.22066944888143797,True,False
0.1224594228536266,-0.39289890391882876,0.28815450088375383,0.6856474490158623,0.3325476099190742,-0.3459219178878359,-0.07393038793986179,False,True
-0.21383226954488596,-0.39289890391882876,1.4192810990535434,-0.05852118315769855,-0.27888624585160104,0.20865607876731343,-0.11491657803665377,True,False
-0.8392504568903523,-0.5141880004053625,1.6455064186875015,0.3253534044779382,-0.3920216986373128,0.4077998860235952,0.11510841092785225,True,False
-1.216352918280051,-0.5141880004053625,-0.9560847571030148,-0.5420169416331101,1.4901391424518264,-0.6103204900722118,-0.42260958201657434,True,False
-1.4755149962630063,2.1588499386918003,0.6651967002736837,-0.0882712744495158,0.5041301773758257,-0.3102982355267392,-0.28794688198785484,True,False
1.0218301682191224,-0.5335675254638169,-0.27740879820114095,-0.6816077007733417,0.08707344986165468,-0.4192150946243292,-0.4019973306799808,True,False
0.016022746142385375,-0.5232095034498154,-0.9560847571030148,-0.9120384333237022,-1.0484306184512553,-0.10249442756095821,-0.40278203677834545,False,True
1.2589708648135451,2.1588499386918003,-1.0691974169199938,-0.7776709726545531,-1.1352546353423953,0.06522594854942654,0.33528881972428143,True,False
-1.244016593904949,-0.39289890391882876,0.7406051401516697,0.12989606169047732,-0.9569732581812268,1.6679054248019802,1.128572188427095,False,True
0.5324843972147386,-0.39289890391882876,-0.7675636574080498,-0.2751745197408562,-0.9360580856596576,-0.11918077039145661,0.44722387014999915,True,False
-0.7788286069611197,-0.5141880004053625,-0.7675636574080498,-0.6427357621515907,-0.6942682709396677,-0.3629039680596344,-0.25596566960020994,True,False
0.16885770652548523,-0.39289890391882876,-0.126591918445169,0.3320907025058561,-0.13034014065615077,-0.33279613284033716,-0.026154828157005868,True,False
0.7979461241023738,-0.5141880004053625,0.5897882603956978,0.9297041775777422,0.5415318648921545,-0.33018304551823735,-0.06872400174605946,True,False
0.21980269331985186,-0.5232095034498154,-1.1446058567979798,-0.9358082263660192,-1.1063008911755257,-0.3321141955022372,-0.4460899135350077,False,True
0.5076692584858697,2.1588499386918003,-0.7298594374690568,-0.2077258394838354,0.7794884718368392,-0.564691036856516,-0.337553430502516,True,False
1.6276920541822353,-0.39289890391882876,-0.8806763172250288,-0.7394424838444571,1.886466775491773,-0.6073211727533121,-0.45447683313272946,True,False
-1.0832385979463834,-0.39289890391882876,0.21274606100576787,0.6976080455148627,1.7531604623738717,-0.4959602019572223,-0.26679013334956814,True,False
-1.4402369623967999,-0.39289890391882876,0.7406051401516697,0.01956334398609149,0.23294003117533807,-0.2323461594538463,-0.22325431054306336,True,False
1.0502607576237206,-0.39289890391882876,0.5520840404567048,1.5218672542450207,0.5052838612693642,-0.3301106273938374,0.07258527944765962,True,False
-0.06176422294148624,2.1588499386918003,0.5897882603956978,1.643744218570277,2.1336528535847656,-0.47918937131492373,-0.18216945430692869,True,False
1.6475222533430531,-0.5232095034498154,-1.1446058567979798,-0.9218415804542119,-1.0240171786396017,-0.46664293126262485,-0.43251243569785724,False,True
0.7493566582028004,-0.5335675254638169,-0.9937889770420077,-0.7068914933724942,0.3944185606612603,-0.5946781752018132,-0.4229620595906046,True,False
-1.5534663040139567,-0.5141880004053625,1.7963232984434734,1.0413237949054381,-1.074779269955296,5.867734200942596,4.9982742991535005,True,False
1.2758977475226412,-0.39289890391882876,-0.202000358323155,-0.616808519740783,-1.0826875869674553,1.7425443716835736,0.48034896566597446,False,True
-0.5468919681575194,-0.5232095034498154,-1.1069016368589868,-0.923847629867019,-1.175968512101464,0.5230714355372846,-0.26496515453905223,False,True
1.579431265616819,-0.5232095034498154,-1.0314931969810008,-0.9110543336117591,-1.1573979229764408,0.5369757154220833,-0.24860615662499513,False,True
1.6506994675732396,-0.39289890391882876,0.4012671607007328,0.13716325956328765,0.3824909578264509,-0.334135868141737,-0.2189346110546417,False,True
-1.250206683698243,-0.39289890391882876,-0.16429613838416202,0.1665727009548169,-0.9838801438273023,0.7687921664701622,1.3775455659562081,False,True
-0.8592997742739418,2.1588499386918003,-0.8052678773470429,-0.5288451454886414,-0.2994850856926837,-0.4962619441422222,-0.3047044230916661,True,False
0.015036714139913763,-0.49982042148271527,-0.202000358323155,-0.16215445282308738,-0.28335211898787915,-0.3058505557198396,-0.15603822251327557,True,False
1.6613814809333487,-0.5141880004053625,-0.7675636574080498,-0.502501553199704,-0.5829377752132016,-0.41237158186852985,-0.20992926507130863,True,False
-0.20665614774912033,-0.5232095034498154,-0.9937889770420077,-0.9183215314845694,-1.0752072494641893,-0.07909130369236032,-0.4053022310600475,False,True
0.2341549369113831,2.1588499386918003,1.4946895389315296,1.1075991255059114,1.0233995762965615,-0.2772272920507422,-0.12667281465449437,True,False
-0.22002235933817996,-0.5141880004053625,0.28815450088375383,0.8904915890557031,-0.48610275937490477,-0.01141656644056643,0.4908805260675906,True,False
-0.32821198183159295,-0.39289890391882876,1.2307599993585785,0.9082432338595993,-0.8415676532179068,1.3439791543608097,1.4347366194668185,True,False
-0.17647261256235044,-0.39289890391882876,0.1373376211277819,-0.01684834535580188,1.60137659915462,-0.4959783064883222,-0.3530342982092993,True,False
-0.2688857230162176,-0.20912754560589883,-0.5036341178350989,-0.3806245888744476,-0.9385143158846107,0.17032275158491697,0.3082525266940567,True,False
1.4858677844934016,2.1588499386918003,-0.9560847571030148,-0.5735081324152882,0.730698807823001,-0.5973516109609129,-0.406417412308739,True,False
1.1472753507557887,-0.39289890391882876,-0.5036341178350989,-0.6584435075537588,-1.0459929960310368,0.6895124247832696,0.17592687897794326,False,True
0.2422075315982346,-0.39289890391882876,1.5323937588705225,1.4830331656121905,1.6653874474412722,-0.35498625312523513,-0.15523056588106918,True,False
0.35554643232677713,2.1588499386918003,-0.6544509975910708,-0.6934168973166585,0.7027312773070595,-0.5498211819797173,-0.42943634328594055,True,False
0.29846613529480936,-0.5232095034498154,-1.0314931969810008,-0.9042413356059994,-1.197144193889316,3.2463368990679364,0.4341023862756065,False,True
-1.5781718836314398,-0.5232095034498154,-0.9937889770420077,-0.8973904876113189,-1.0081075055916109,-0.26260486576564357,-0.3905324067788239,False,True
0.7035061700878704,-0.5325651362366555,-0.5036341178350989,-0.7053774938156587,-0.43937856168659517,-0.3537732495415352,-0.36079168834648534,True,False
1.2029313793397418,-0.39289890391882876,1.2307599993585785,2.194764357280551,1.699979356442693,-0.389233991122732,-0.06501445422749744,True,False
-1.651193031370032,-0.34478422101507983,-0.5790425577130849,-0.6830460003523353,0.67870860139483,-0.5367678150566185,-0.42668384634913276,True,False
0.05825778358158609,-0.49982042148271527,-0.7675636574080498,-0.5138186998870492,-1.0019111066150252,0.0432591174814285,0.30199240619126466,True,False
-1.168092129714635,-0.39289890391882876,-0.6921552175300638,-0.5007983036982641,-1.0501425364868286,0.3814879674915976,0.5620281134157354,True,False
-0.7891271634313787,-0.5232095034498154,-0.9937889770420077,-0.9018946362929045,-1.0953222863821754,0.016241122236531014,-0.3395638627903161,False,True
1.6302666932998,-0.5232095034498154,-1.1069016368589868,-0.9256644293352215,-1.1144697174539677,-0.19432664414384979,-0.40423298222152326,False,True
-0.32936235250114315,-0.20912754560589883,-0.8052678773470429,-0.8604110484356122,0.00043551101785952237,-0.5326158425910189,-0.45312427958216006,True,False
0.5446454585785552,-0.39289890391882876,-0.202000358323155,-0.380473188918764,-0.6597880087666538,-0.0766713313686605,-0.08776108954012654,False,True
0.688825249162182,-0.5232095034498154,-1.1446058567979798,-0.9378521257677471,-1.0649171334460152,-0.4182736590071294,-0.46075166893171626,False,True
0.2985209148505022,-0.5232095034498154,-0.9560847571030148,-0.9126440331464364,-1.1317377602475762,0.44225280870689215,-0.3277985368521421,False,True
1.3914826100345912,-0.20912754560589883,-0.6167467776520779,-0.6364905139796443,-0.862185100863724,-0.10162541006815828,-0.1423191314982075,True,False
-0.953356271398595,2.1588499386918003,0.36356294076173984,0.7814836209635484,1.4409401067338292,-0.4616943594286254,-0.22954742684578958,True,False
1.355218544165913,2.1588499386918003,1.6832106386264944,3.1524447769568362,1.95252448229922,-0.36696541786973397,0.018376408431556638,True,False
1.3712141744282305,-0.5141880004053625,-0.4659298978961059,-0.46048806549751936,-0.017800137621942685,-0.44647448361722675,-0.32397620340523686,True,False
-1.1203243571504546,-0.5232095034498154,-1.1069016368589868,-0.9341428268535003,-1.2041593362742196,3.712136310052393,-0.06155623425177339,False,True
-0.19811053706103304,2.1588499386918003,0.9291262398466347,1.3070307171300657,0.2650012787328679,-0.20330649156944894,0.10640056780177473,True,False
0.9619561138468185,-0.20912754560589883,-0.5790425577130849,-0.8104490630600413,0.3447915454343699,-0.5139017922773206,-0.4467288535763369,True,False
0.3582306305557276,-0.39289890391882876,-0.315113018140134,-0.6302452658076979,1.5580390219279878,-0.5422776273547181,-0.4362747091099737,True,False
1.4808828449253508,-0.39289890391882876,0.5897882603956978,0.1396235088431453,-0.6000569555689342,0.2520164307518095,0.2001733383374049,True,False
-1.1484810487765884,-0.5232095034498154,-1.1823100767369727,-0.9337643269642913,-1.0529895306112058,-0.5044512270431214,-0.45242491123185613,False,True
0.5912080809174923,-0.5232095034498154,-0.9560847571030148,-0.9256644293352215,-1.1948368261022388,3.9339349205584733,-0.09373589157628227,False,True
0.7066833843180568,2.1588499386918003,-1.0691974169199938,-0.7909184687768636,0.23829907893887167,-0.6048891307422123,-0.439107489819312,True,False
0.4624213454835613,-0.5141880004053625,0.25045028094476085,-0.2897846154643186,1.4300359331594168,-0.47367955901682424,-0.3845619926904153,True,False
-1.6136690357204178,2.1588499386918003,1.2684642192975715,0.6396218624880636,1.1138148995014583,-0.32038849419313825,-0.21782189019093698,True,False
0.646699770834367,-0.49982042148271527,-0.6921552175300638,-0.7909184687768636,0.5589859857331081,-0.5485538648027174,-0.4465117363546846,True,False
-1.5753233467354106,-0.5141880004053625,-0.27740879820114095,-0.6697985042300248,1.6510594377957137,-0.5416439687662181,-0.44301315509530786,True,False
-1.2583140579407874,2.1588499386918003,1.9848443981384383,0.8417029533366798,-0.06368698409720014,0.19566306028121466,0.11814208128779945,True,False
-0.31632481824624076,-0.39289890391882876,1.0799431196026066,0.8287582571257364,1.5968921182136073,-0.3958843888801314,-0.2369656207865013,True,False
1.2761168657454127,-0.39289890391882876,-0.5790425577130849,-0.7028036945690385,-0.38599276990333736,-0.399553573849731,-0.36727970788539394,False,True
0.43963305031532846,-0.5232095034498154,-1.1823100767369727,-0.9383063256347978,-1.1017978024297785,-0.444217452073427,-0.4559871647472921,False,True
-1.7107384084081787,-0.5232095034498154,-0.9937889770420077,-0.8939461386195182,-1.0409130653385206,-0.19059711073725014,-0.36596445972629615,False,True
0.6275817058975562,2.1588499386918003,1.9848443981384383,2.2706914350558507,-0.6532008458906435,1.0770942265720342,1.7271952800471344,True,False
-1.486361348290194,-0.49982042148271527,-0.27740879820114095,-0.5261199462863375,-0.37600037876091513,-0.29531975346334055,-0.2874522975917853,True,False
-0.16047698230003318,2.1588499386918003,1.0422388996636136,-0.06798368038792033,1.6652758006128656,-0.40566687051783046,-0.36269289991348663,True,False
0.21613246308842973,-0.5141880004053625,-0.6921552175300638,-0.47808831034573185,1.7750618485463687,-0.5871889341701139,-0.41984675773131885,True,False
1.276007306634027,-0.49982042148271527,-0.239704578262148,-0.17581829882352762,0.5337538025131368,-0.4701069315464246,-0.3104917735671886,True,False
-0.9590533451906532,-0.5232095034498154,-1.1823100767369727,-0.934218526831342,-1.1291698831942163,-0.3802420740097328,-0.429801733963341,False,True
1.1953170210984334,2.1588499386918003,0.8537177999686487,-0.05723428353438839,-0.30724454026696696,0.04962587758492799,-0.10295486009431185,True,False
-1.3682566262163722,-0.5232095034498154,-0.9560847571030148,-0.8950816382871448,-1.1952089821969287,4.022182439983565,0.5255656623776067,False,True
0.8878941545500618,-0.5141880004053625,1.5323937588705225,2.0964300860640868,1.6070705874033744,-0.3490238275496356,-0.06477134625106439,True,False
0.4210080013797536,-0.5232095034498154,-1.1069016368589868,-0.9167318319498922,-1.0165554489410704,-0.4165778679274295,-0.4243601616059134,False,True
0.40797046712485113,2.1588499386918003,1.3438726591755574,1.1753127556853784,1.621007833149509,-0.3702725122173337,-0.19195252485033593,True,False
1.5519867082146925,-0.5232095034498154,-0.9937889770420077,-0.9207060807865853,-0.9951750813011389,-0.28509069339184145,-0.43677286654920877,False,True
0.3371405016139737,-0.5232095034498154,-1.0314931969810008,-0.9076478346088793,-1.0608792398186304,-0.20483934186924882,-0.3855015306592859,False,True
0.6510821352897964,-0.5141880004053625,-0.16429613838416202,-0.12649976325961174,1.3168074413500326,-0.5148854718004204,-0.3554411423979478,True,False
0.1877018736838316,-0.5141880004053625,0.5897882603956978,1.1429888651469409,-0.8044264749678608,0.6983655404911687,1.4817940132446465,True,False
-1.5864983760967557,-0.5232095034498154,-1.0691974169199938,-0.9152556823819776,-1.1160141652469306,-0.0731892265537608,-0.362310184678106,False,True
1.517146910794029,-0.3922306444340545,-0.16429613838416202,-0.08698437482620563,0.07358279142914796,-0.39070649298553184,-0.2233463712539224,True,False
-1.4877856167382086,-0.39289890391882876,-0.5413383377740919,-0.638269463458926,0.1780097915991174,-0.49031158825402277,-0.39510510279735156,False,True
-0.8396339137802024,-0.5232095034498154,-1.1823100767369727,-0.9344456267648673,-1.1053705009388008,-0.4376696466589275,-0.4415642155711002,False,True
1.059573282091508,2.1588499386918003,0.4012671607007328,1.1797033544002014,-0.41967289647276806,-0.021874950572665544,0.5498884328497635,True,False
-0.5007675822641251,-0.5141880004053625,-0.08888769850617603,0.0860279245311692,-0.05579727488977553,-0.34309157619253616,-0.13716033886621964,True,False
1.4920578742866957,2.1588499386918003,1.8340275183824664,1.2241392413933228,2.0003279326621297,-0.3571044832639349,-0.22009526241186286,True,False
0.10043804146509394,-0.39289890391882876,1.3438726591755574,2.295710277732557,0.31914999051023973,-0.1382991552330549,0.33403419576468285,True,False
-1.1541781225686467,-0.39289890391882876,0.8914220199076417,0.780613071218368,-0.1788506875989716,-0.02546568257416521,0.16194845241539876,False,True
1.2200773802716094,2.1588499386918003,0.9668304597856276,-0.17044360039676165,1.306014914604027,-0.3806705479124327,-0.3616238626367288,True,False
1.0961112457386506,-0.39289890391882876,1.5700979788095155,0.031183290584803822,0.7429427433382967,-0.21327001851814806,-0.2878768001938364,True,False
0.6620380464283698,-0.5141880004053625,1.4569853189925366,-0.36760419268566247,0.9605982353176507,-0.27181403725184267,-0.3777347299413065,True,False
1.0698170590060743,2.1588499386918003,0.32585872082274686,-0.3460296990007568,-0.21807593997928088,-0.17018726934385195,-0.24835406119130146,True,False
0.9257468275338332,-0.39289890391882876,1.4946895389315296,1.2761451261706218,2.0043844340942494,-0.388859830813332,-0.2141987695717515,True,False
-1.6051782045880234,-0.5141880004053625,1.6455064186875015,1.9895038673625804,0.6191264106349864,-0.17196151339165183,0.136520569467506,True,False
-1.094577965974807,-0.5141880004053625,1.8340275183824664,1.2800058250405522,-0.5036313114347963,0.6518550000952729,0.7258882882744566,True,False
-1.0464267365207767,2.1588499386918003,1.6832106386264944,2.5885556420134606,1.9762308255309624,-0.36901726472773383,-0.053405605640234693,True,False
-0.6142708216597462,-0.39289890391882876,0.21274606100576787,0.104195919213195,-0.5409957833416564,0.0067543479401319054,0.12026706251866251,False,True
-0.6307046883676064,-0.5141880004053625,-0.05118347856718305,0.37849478892286365,-0.23391118180833373,-0.27706435127084217,0.04002307143581064,True,False
-0.6584779231038901,-0.39289890391882876,1.5323937588705225,0.23663303044737888,-0.564385793892913,0.6347582878931745,0.22035097912088697,True,False
1.4475768750640874,-0.5232095034498154,-1.1823100767369727,-0.9310391277619875,-1.0699970641385317,-0.4880726612413229,-0.44190514343981036,False,True
0.1823334772259306,-0.39289890391882876,2.0225486180774315,0.7142998906289738,0.058008058866378026,0.12423465024802116,0.022366196934361805,True,False
-0.8975359041475631,2.1588499386918003,-0.315113018140134,0.23935822964968276,-0.6803310251935331,-0.1179496622766568,0.37433547423187363,True,False
0.9785543192217573,-0.39289890391882876,-0.013479258628190058,-0.5356581434944011,-0.274271510277447,-0.24938855806264473,-0.31219848151467733,True,False
-1.6118613103825532,-0.3922306444340545,-0.27740879820114095,-0.6648780056703095,0.4010243313420051,-0.46280477066942527,-0.41317786855339766,True,False
0.5903863875820994,-0.5141880004053625,1.3815768791145504,0.9490455219163155,0.09243249762518829,-0.04206150274916371,0.07832609417019955,True,False
-1.2562324348244585,-0.39289890391882876,-0.315113018140134,-0.31041285942620206,-0.8875661465215713,0.21527026746251285,0.2681577951958202,True,False
-0.2666397612328101,-0.5232095034498154,-0.9560847571030148,-0.9017432363372209,-1.0510357111140842,-0.093846496538859,-0.3772806478700672,False,True
0.3037249726413246,2.1588499386918003,-0.35281723807912696,-0.5138565498759701,0.9216893156178279,-0.5173718274048202,-0.40224452101494285,True,False
0.26822782055234656,-0.5232095034498154,-0.9937889770420077,-0.9283896285375254,-1.0171695064973088,-0.24511588872304513,-0.44694761627839436,False,True
0.40188993644294285,-0.34478422101507983,-0.6167467776520779,-0.4190044776402271,0.3091575993678176,-0.5182408448976202,-0.346980959744091,True,False
-0.37132349216187954,-0.5141880004053625,-0.6167467776520779,-0.7954226174584491,-0.4773570911496935,-0.3845509524115324,-0.401705696702837,True,False
0.15269773759608937,-0.20912754560589883,-0.7675636574080498,-0.8100327131819115,-0.06057948070653993,-0.5170218064702202,-0.4348820920293488,True,False
-0.21514697888151477,-0.5232095034498154,-1.1446058567979798,-0.9245667796565158,-1.036205290740694,-0.454549104487826,-0.43515126911677243,False,True
-0.9204337584271817,-0.5141880004053625,0.25045028094476085,1.0425349945509066,0.1982736909549793,-0.32558449461883776,0.06198494580072813,True,False
-1.0176674697820212,2.1588499386918003,0.4012671607007328,0.7816728709081529,0.04637818090732048,-0.25165765929384454,0.047581131210962156,True,False
-0.4424821350069142,2.1588499386918003,0.21274606100576787,0.549993088723403,1.3324752129364748,-0.47158546825292447,-0.253891455357657,True,False
1.0242404686696087,-0.5232095034498154,-0.9937889770420077,-0.9026894860602431,-1.0477235218713448,-0.17214255870265177,-0.38151434358264513,False,True
-0.5401540828072967,2.1588499386918003,1.8340275183824664,0.004385498428815771,-0.613622045220379,0.8890062529741513,0.1288393258949747,True,False
-0.8106555288186755,-0.5141880004053625,0.6651967002736837,-0.24462957868170032,0.8545151405263113,-0.36673005896543404,-0.3495920785716103,True,False
-0.1792115903469938,-0.5232095034498154,-1.1823100767369727,-0.9369437260336458,-1.0231426118170805,-0.5261464901446194,-0.4631365263679032,False,True
0.5964121387083148,-0.5141880004053625,-0.35281723807912696,-0.6028797238178966,2.12451642146013,-0.5628202353095161,-0.44054527925486947,True,False
-1.5088209661242697,-0.5232095034498154,-1.1823100767369727,-0.930206428005728,-1.144279420638624,-0.32352661291713797,-0.3969557275953252,False,True
-0.8177768710587483,-0.5232095034498154,-1.1446058567979798,-0.9267242290250064,-1.0968295185656691,-0.3571527620135349,-0.4190732408997094,False,True
1.3901131211422695,-0.39289890391882876,0.32585872082274686,0.7747084729467096,0.2810784220234691,-0.32817344256613756,-0.03701287537787155,False,True
-0.10783382927918767,-0.39289890391882876,0.6651967002736837,0.446435519035856,0.4633976928120223,-0.30220551012503993,-0.16052066001376897,False,True
-0.9296915033392763,-0.5232095034498154,-0.9560847571030148,-0.9029544359826893,-1.116907339874186,0.27730242585480713,-0.3126689635406215,False,True
1.1925232637580971,-0.5232095034498154,-1.1069016368589868,-0.9333858270750826,-1.086502186938026,-0.2925376905176408,-0.44405219761496567,False,True
-1.0383193622782323,-0.5141880004053625,0.02422496131080293,0.010819996545366575,-0.4628430034567897,-0.1355653710369552,0.009988188120752755,True,False
-1.4733785935909847,2.1588499386918003,2.0602528380164244,3.0782587986718974,0.8702387355269572,-0.16951136684945203,0.2634343731721786,True,False
0.988578977913552,2.1588499386918003,0.21274606100576787,0.5514692382913177,-0.4126949696973336,-0.09731049682265866,0.2390894670707618,True,False
-0.5083819405054336,-0.39289890391882876,-0.27740879820114095,0.17259084919323794,2.057993519534321,-0.5543171405362168,-0.34845858547669556,True,False
-1.393455221835091,-0.39289890391882876,0.6274924803346907,0.4380706714843399,-0.5271143610097253,0.17333413859121663,0.2952587791128314,True,False
-0.25058935141479993,2.1588499386918003,0.6651967002736837,0.8826944913380005,1.6578512865238033,-0.4441510687927269,-0.23489231547598166,True,False
1.1315536182719357,-0.5232095034498154,-1.1446058567979798,-0.9224093302880253,-1.112664760394722,-0.31259147613273897,-0.3932556846850084,False,True
0.038427584420768116,-0.5141880004053625,1.9094359582604523,3.0543376056738967,0.6087432555931399,-0.126163084552356,0.3650129188045278,True,False
1.166502974803985,-0.39289890391882876,1.1553515594805925,0.016346094927816086,0.3332174908895157,-0.17917315161315114,-0.2406939737954082,True,False
1.3587244357302566,2.1588499386918003,1.7963232984434734,0.9156239816991723,0.7491391423148827,-0.18031373707245107,-0.11497652053712801,True,False
0.8889897456639192,-0.39289890391882876,-0.7298594374690568,-0.4260445755795121,0.8696991091896569,-0.5681067583907157,-0.38407307344831215,True,False
-1.4990154256552466,-0.5325651362366555,-0.6544509975910708,-0.6237729177022262,-0.5899901332075741,-0.355825096399535,-0.28169228559785164,True,False
1.6150927563728756,-0.5335675254638169,0.21274606100576787,0.0008654494591732726,-0.2028175400969974,-0.2106267569775483,-0.11975676648409499,True,False
-0.32974580939099324,-0.5141880004053625,-0.6544509975910708,-0.745498482071799,1.9279435722449556,-0.586362160583214,-0.45555675408702434,True,False
-1.4524528033163093,-0.5232095034498154,-0.9937889770420077,-0.9032193859051355,-1.1389575884845593,0.39752858204619623,-0.2651327584717507,False,True
0.6270339103406276,-0.39289890391882876,0.4389713806397258,1.0559717406178215,0.3900085109391857,-0.32858984678143754,0.00043575124518307855,True,False
0.5276090167580734,-0.5232095034498154,-1.0314931969810008,-0.9065123349412527,-1.0931451732282398,-0.08816167377345947,-0.35674840605927,False,True
-0.4419891190056784,-0.39289890391882876,0.1373376211277819,-0.21991353591636106,-0.14584044199998272,-0.25472335989344425,-0.21855335324476283,True,False
-0.04242703978190407,-0.39289890391882876,-0.239704578262148,-0.6806614510503195,0.2324376204475068,-0.43398839200192785,-0.40958692099394384,False,True
-0.857985064937313,-0.5141880004053625,1.9848443981384383,2.3032424255278134,1.5730369125439885,-0.2970819278237404,-0.031122290595976782,True,False
-0.2727750714704112,-0.34478422101507983,-0.8806763172250288,-0.8068154641236361,-0.7808689941739937,-0.3845509524115324,-0.35698214263301453,True,False
-1.5769667334061968,2.1588499386918003,-1.0314931969810008,-0.8136284621293958,2.044335390859204,-0.6228608952808107,-0.4644852169573309,True,False
0.016844439477778386,-0.5141880004053625,0.5143798205177118,0.9403400244645115,-0.1196406529338178,-0.16146692019735276,0.18341725465909528,True,False
1.029499306016124,-0.39289890391882876,-0.7675636574080498,-0.2997770125394328,0.3996845694011215,-0.553098102108817,-0.3259910001339211,True,False
1.745029862476357,-0.39289890391882876,0.06192918124979592,-0.5903135274961621,-0.48772163838680554,-0.1027177167778581,-0.29186712935448894,True,False
0.2178854088706015,-0.5232095034498154,-1.0314931969810008,-0.9246803296232785,-1.1509596225383065,0.4173470087569944,-0.35470726597286106,False,True
-0.196467150390247,-0.39289890391882876,-1.0691974169199938,-0.8427729535984788,1.4615761621843808,-0.6225531182521107,-0.46528988821794504,True,False
-1.1987139013469477,-0.5232095034498154,-1.1069016368589868,-0.9329316272080319,-1.1519458361892347,0.07483341971982568,-0.4035716714823047,False,True
0.7626680902361671,-0.5232095034498154,-1.0314931969810008,-0.9255887293573798,-1.178238664279072,1.2161853041696216,-0.2699802497179425,False,True
-0.3989323882310847,-0.39289890391882876,-0.4659298978961059,-0.3786185394616406,1.8030665946717794,-0.5653850438820159,-0.4077073905901859,True,False
-0.5931259131622993,2.1588499386918003,1.1176473395415996,0.8740646938640382,1.7015238042356562,-0.4009234833696309,-0.2397042565098007,True,False
-0.12497983021105515,-0.5141880004053625,1.9471401781994453,3.0311734124543137,0.1013270282882756,0.08188815200512499,0.6841236292335976,True,False
0.17975883810836585,-0.5232095034498154,-0.9560847571030148,-0.8972012376667144,-1.164543319994486,1.155559264359427,-0.10864055122327845,False,True
0.12317155707763389,2.1588499386918003,-0.8052678773470429,-0.8140826619964464,1.5951988079827684,-0.5955773669131131,-0.46205859566133645,True,False
0.29479590506338726,2.1588499386918003,0.7406051401516697,1.4679310200327567,0.5820224479944095,-0.312241455198139,0.03741701441944239,True,False
1.577842658501726,-0.5232095034498154,-0.9560847571030148,-0.9211224306647151,-1.1049983448441112,0.17715419465331628,-0.3948084775296455,False,True
-0.8008499883496523,-0.20912754560589883,-0.9560847571030148,-0.8690408459095744,0.6734612004597033,-0.595951527222513,-0.464485859478251,True,False
-1.0749668850367604,-0.5141880004053625,1.4192810990535434,0.9599841687144518,0.7267911688287576,-0.23282291210614628,-0.10196967963325011,True,False
-1.1562597456849755,-0.34478422101507983,-0.08888769850617603,-0.1286950626170232,-0.36221199545265653,-0.23507994364994605,-0.1109373049371998,True,False
0.5182417127345931,-0.39289890391882876,0.4389713806397258,0.23330223142234083,0.7042385094905532,-0.3801696558853328,-0.24342156912875096,True,False
-0.32958147072391464,-0.5141880004053625,-0.9560847571030148,-0.7085568928850132,0.8110659164712725,-0.5991862034457128,-0.4350229294807898,True,False
-0.6246241576856981,-0.5141880004053625,0.21274606100576787,1.0223609504560738,0.5343678600693753,-0.3931083607781316,-0.046628992345121426,True,False
1.43864780748615,2.1588499386918003,0.06192918124979592,-0.04849093609366348,-0.3008434554383016,-0.21334243664254804,-0.10191040316055891,True,False
-1.1344027029635215,-0.49982042148271527,-0.8052678773470429,-0.586982728471124,0.27290959574502693,-0.552935161328917,-0.3872424254210974,True,False
1.3604226019567356,-0.5141880004053625,-0.013479258628190058,-0.6668083551052748,0.9359242862397141,-0.4712052730998245,-0.4301588972387155,True,False
0.7498496742040361,-0.5141880004053625,-0.39052145801811994,-0.6815698507844208,1.0661044881622208,-0.5302863929228191,-0.43550035386691965,True,False
-1.223748158298588,-0.34478422101507983,-0.239704578262148,-0.6755517025459997,-0.07388406109170183,-0.37770743965573306,-0.38893587549789305,True,False
-0.0286225917473015,-0.5232095034498154,-1.0314931969810008,-0.9203654308862973,-1.1007743731693815,-0.05095686236296286,-0.39542077645965285,False,True
-0.5940571656090782,-0.5232095034498154,-0.9937889770420077,-0.8905017896277174,-1.1859981188533553,2.1168917612382394,0.26185998535612887,False,True
-1.1474950167741167,-0.5232095034498154,-1.1069016368589868,-0.9124926331907528,-1.029357618598401,-0.4008872743074309,-0.41168807410141584,False,True
0.860175699369471,-0.5141880004053625,-0.5790425577130849,-0.7334621855949569,-0.3440507780317923,-0.41130944937732994,-0.3862821308922586,True,False
-0.06357194827935087,-0.5141880004053625,0.47667560057871877,0.1480640563725031,1.2834808630705572,-0.4367463155728276,-0.31143821471814,True,False
0.6439607930497236,-0.5232095034498154,-1.1823100767369727,-0.933537227030766,-1.0803988269851126,-0.47600900868502405,-0.4461224078551994,False,True
0.5954808862615361,-0.5141880004053625,-0.8052678773470429,-0.49341755585869107,1.0226738719119164,-0.5833024948273143,-0.4022371712024664,True,False
0.7926872867558584,-0.5141880004053625,0.4012671607007328,1.0398097953486027,1.6986209866970756,-0.4739209527648242,-0.2175465778122884,True,False
-0.6604499871088333,-0.39289890391882876,-0.16429613838416202,-0.12101151486608312,-0.4259995500824953,-0.23051156696904646,-0.07731756234018723,False,True
0.04439855599129065,-0.39289890391882876,-0.8429720972860358,-0.6426600621737488,1.7376043376158363,-0.6016906635812126,-0.44055793378274727,True,False
-0.3829915375244603,2.1588499386918003,2.1356612778944104,1.319975413341009,0.22672502439401765,0.05773067267402722,0.1254422864478392,True,False
-1.257656703272473,2.1588499386918003,1.4946895389315296,0.7511657798379179,1.6849070346077546,-0.3608038424520346,-0.2546551463205613,True,False
1.6503707902390823,-0.5232095034498154,-0.9937889770420077,-0.921500930553924,-1.1657528273022277,0.9703318066753439,-0.29146551460131176,False,True
1.1947692255415048,-0.5232095034498154,-0.9937889770420077,-0.9109029336560756,-1.17263771505399,1.2360520096300198,-0.16279631240039916,False,True
-0.9261308322192399,-0.5232095034498154,-0.9937889770420077,-0.927859728692633,-1.128276708566961,0.2685639721772079,-0.4018937280994226,False,True
-1.2614364926152808,-0.5141880004053625,-0.202000358323155,-0.2426992292467351,-1.0344933727051207,1.1034483890099316,1.0238160007349668,True,False
1.5731863962678323,-0.39289890391882876,1.8340275183824664,2.788403583515744,1.1126984312173887,-0.24784967291914486,0.13799121366182,True,False
1.6164074657095044,2.1588499386918003,1.6455064186875015,2.837608569112897,0.5800872363020222,-0.16170227910165272,0.33198775879849346,True,False
0.8841691447629468,-0.5141880004053625,1.5700979788095155,1.8735315013089826,0.5502589253126314,-0.16628876031365233,0.13526351646540452,True,False
-0.7287053135021461,-0.5232095034498154,-1.0691974169199938,-0.9260429292244304,-1.1147674423297196,-0.08040689961896014,-0.40547650310619743,False,True
0.04226215331926883,-0.5141880004053625,-0.239704578262148,0.48333925823372087,1.931367408316102,-0.5471537810643176,-0.3051097832716703,True,False
1.4637368439934832,2.1588499386918003,-0.16429613838416202,0.2960953630420925,-0.8446937644133015,0.23717071524981082,0.8132490683015181,True,False
-1.4488921321962729,-0.5232095034498154,-1.0314931969810008,-0.9094646340770819,-1.0496215179542627,-0.23481441052714605,-0.39620691647665623,False,True
0.27502048545826213,-0.39289890391882876,0.6274924803346907,-0.18266914681820817,-0.8348316279040209,0.8354651196677562,0.2938364571930826,False,True
1.6947422303503048,-0.5232095034498154,-1.0691974169199938,-0.920176180941693,-1.0711135324226013,-0.2518749136670445,-0.41242097890950136,False,True
0.03503125196781034,2.1588499386918003,-1.1069016368589868,-0.7621524771969893,-0.36098388034018,-0.5909063978893135,-0.39737113304142196,True,False
0.20983281418375,-0.39289890391882876,1.8717317383214593,3.267470893287412,1.545832302022161,-0.30587469509463955,0.10786441851270169,True,False
0.6394140899272156,-0.20912754560589883,-0.315113018140134,-0.454242817325573,0.8525427132244552,-0.5077160774848212,-0.38853174551038216,True,False
-0.12043312708854716,2.1588499386918003,1.6832106386264944,1.8209578666978703,1.9105266670134713,-0.36324795415053435,-0.13905691958122354,True,False
-1.5220776186019436,-0.5335675254638169,0.09963340118878891,-0.5134023500089194,-0.8112927549148884,0.35917715033269976,-0.06734587272862111,True,False
0.8646128433805933,2.1588499386918003,1.4192810990535434,0.0731589282980676,0.4439525368644781,-0.16277648128025266,-0.24347804828475333,True,False
0.45020550456405184,-0.39289890391882876,0.4012671607007328,0.31702640691534306,-0.202724501073325,-0.15517257821825337,0.000584345961391338,False,True
-1.6690511665259067,-0.39289890391882876,1.9094359582604523,0.45676856601125815,1.2751445665495047,-0.2646506777799434,-0.2631084963129262,True,False
-1.0328414067089455,2.1588499386918003,0.25045028094476085,0.14624725690430054,1.447824994485591,-0.47482014447612414,-0.3221099857215189,True,False
0.8454947784437825,2.1588499386918003,1.8340275183824664,-0.14148835887228303,1.58489008415986,-0.31459504424113877,-0.3694374811900458,True,False
-0.026540968630972543,-0.5232095034498154,-1.1446058567979798,-0.9203654308862973,-1.1065986160512775,-0.3312331083220373,-0.3908468189061478,False,True
-1.687950113239946,-0.5232095034498154,-1.1446058567979798,-0.9218415804542119,-1.058478833007881,-0.4275733531488285,-0.42201139503994667,False,True
1.2691050826167256,-0.5232095034498154,-1.1446058567979798,-0.9219551304209747,-1.0755607977541448,-0.40102607571253085,-0.41519074555494256,False,True
-1.443523735738372,-0.39289890391882876,0.02422496131080293,0.2913641144269816,0.339953516203402,-0.3979120963633312,-0.17357357436899176,True,False
1.5238300165885588,-0.5232095034498154,-1.1823100767369727,-0.9322503274074558,-1.0968853419798728,-0.4525274318483262,-0.43715054348030113,False,True
1.374665286436881,-0.5141880004053625,1.3815768791145504,0.3025677111475642,-0.4680531887824474,0.4095861997587951,0.1639774786317772,True,False
0.3783895070507028,-0.5232095034498154,-0.9560847571030148,-0.9205168308419809,-1.1338404421825738,0.47071916643978945,-0.3614223226295788,False,True
-1.0017813986310897,-0.5232095034498154,-1.1069016368589868,-0.928541028493209,-1.1639664780477166,0.24581261142821004,-0.351880518691675,False,True
-1.700385072382227,2.1588499386918003,1.5700979788095155,2.608767536097214,-0.8047614154530817,1.4121125397338037,2.861588303866778,True,False
-1.1402641154226583,-0.5232095034498154,-1.1823100767369727,-0.9348241266540762,-1.0739233109375095,-0.4837275737773234,-0.4512132421464536,False,True
-1.562011914702044,-0.5141880004053625,0.9291262398466347,1.2543435325521908,-0.553872384217925,0.3424123545341011,0.8026546662196665,True,False
0.6533280970732039,-0.5232095034498154,-0.9560847571030148,-0.8859976409461319,-1.1883613100546357,2.7968979493541775,0.3954864323462583,False,True
0.794549791649416,-0.5232095034498154,-0.9560847571030148,-0.8911452394393725,-1.1044773263115455,0.17318930234241667,-0.2902382996438908,False,True
0.6328953227997645,-0.5232095034498154,-1.1069016368589868,-0.9236962299113354,-1.1081616716489748,-0.22098254876674733,-0.40159971209350187,False,True
-0.5036161191601541,2.1588499386918003,1.6455064186875015,0.3953001840037375,0.5234822942996973,-0.14601168548165422,-0.1829029938003134,True,False
-0.27085778702116087,-0.5141880004053625,1.8717317383214593,1.250596383649023,0.6544812396305216,-0.14483489096015428,-0.027443160958047583,True,False
-0.5266235325511585,-0.5232095034498154,-1.0314931969810008,-0.9180944315510441,-1.1681346263082428,0.8103601698757584,-0.2535270362972577,False,True
-1.1226798780452478,-0.5335675254638169,-0.08888769850617603,-0.6508356597806605,0.18121033401345,-0.39411014483233153,-0.39876878842633506,True,False
1.4875659507198806,-0.3922306444340545,-1.0314931969810008,-0.8704034455107263,0.3117254764211775,-0.5993913881315127,-0.461139453813869,True,False
1.0966042617398863,2.1588499386918003,0.32585872082274686,0.7874260692241276,1.2107057387539586,-0.4490573967208265,-0.20482221104463205,True,False
1.4797324742558005,2.1588499386918003,-0.8806763172250288,-0.8692679458430997,1.1634233069236142,-0.596313617844513,-0.46773073116601277,True,False
0.8001373063300884,-0.5232095034498154,-1.0691974169199938,-0.9144986826035598,-1.1235131105549307,-0.026226072880365082,-0.34940812169793284,False,True
1.5637643126886591,-0.39289890391882876,0.8914220199076417,0.1657400011985574,-0.1952999869842626,-0.015490085938066106,-0.06009731214644097,True,False
1.745029862476357,-0.5232095034498154,-1.1446058567979798,-0.9361488762663073,-1.1758010418588536,0.22769601064081169,-0.38842750040890395,False,True
1.1889625926380607,-0.39289890391882876,0.7406051401516697,0.9142613820980202,-0.40074875905778956,0.08786868211182444,0.4002748195034205,True,False
-1.6350330624406362,-0.5232095034498154,-1.1823100767369727,-0.9298279281165192,-1.1017419790155751,-0.4442898701978269,-0.4270208642429754,False,True
0.9394964960127429,-0.39289890391882876,0.8914220199076417,0.21104643793685923,-0.2995409091068872,0.0560650558128274,0.0068249165898456084,False,True
0.16562571273960605,-0.39289890391882876,0.8914220199076417,-0.3822521383980457,-0.2925815901361872,0.050790602419027844,-0.24476146031582147,False,True
-1.6282951770904135,2.1588499386918003,1.7586190785044804,1.5436688478634517,1.2407759512048977,-0.2776436962660422,-0.08954217320192916,True,False
-0.7077247436717778,-0.5232095034498154,-0.9560847571030148,-0.8790332429846887,-1.1993213070432516,5.288039184808049,1.206581342872986,False,True
-0.7671057820428461,-0.5232095034498154,-0.9560847571030148,-0.9074964346531957,-1.2021310855581597,6.6346542080259265,0.701191813531043,False,True
0.760641246675531,-0.5141880004053625,1.2307599993585785,0.4785701596296891,1.4778765991317957,-0.36825687442153393,-0.27632515947532676,True,False
-0.2726655123590255,-0.5232095034498154,-0.9560847571030148,-0.8975040375780815,-1.1542532039763118,0.848210709562155,-0.17402888663272448,False,True
-1.3387304456979168,-0.5232095034498154,-1.1823100767369727,-0.9376250258342218,-1.1058729116666324,-0.43672821104172765,-0.45266633454977906,False,True
-1.2340467147688472,2.1588499386918003,0.9668304597856276,-0.44512096999563916,-0.19425794991913098,0.005873260759931895,-0.29117982786048957,True,False
1.6775962294184374,-0.5232095034498154,-0.9560847571030148,-0.8938704386416764,-1.0745187606890132,-0.0015797712095674205,-0.3383582584755497,False,True
0.6691593886684426,2.1588499386918003,0.02422496131080293,-0.17449354921129656,0.562800585703679,-0.42870790376442836,-0.3129758613074285,True,False
-1.3821158538066676,2.1588499386918003,1.0422388996636136,1.176486105341926,-0.4214592457272792,0.22025504835871235,0.5506466780560888,True,False
0.5356068318892321,-0.39289890391882876,-0.6921552175300638,-0.39179033560610926,0.5717137241715008,-0.5492297672971174,-0.3606727592912961,False,True
-0.07874588520627511,2.1588499386918003,-0.7675636574080498,-0.3903141860381947,1.8817590008939462,-0.596386035968913,-0.4110015561695141,True,False
-1.5311710248469597,-0.39289890391882876,0.7406051401516697,0.8219831091088976,2.1217066429452216,-0.465140255181325,-0.275988533362533,True,False
-1.1145177242470106,-0.5232095034498154,-0.9937889770420077,-0.896330687921534,-1.1819602252259704,1.7746135311053706,0.10079286460839236,False,True
-1.4933731314188812,-0.5141880004053625,1.6455064186875015,1.1326558181715387,1.4053991996909492,-0.3134906678440389,-0.17451370784505665,True,False
0.7580666075579663,-0.39289890391882876,0.7783093600906626,1.8670591532035108,-1.1279045524722708,6.3618672030985515,12.035753046738977,True,False
1.181403013952445,-0.39289890391882876,0.8914220199076417,0.6576384572144058,-0.907178772711726,1.439414172632601,1.5293877004290046,False,True
1.3083820240485116,-0.39289890391882876,-0.7298594374690568,-0.34073070055183263,1.3504317445052598,-0.5822403623361143,-0.3892496921180226,True,False
-0.3546705072312479,-0.5141880004053625,1.9094359582604523,2.0273917062723883,0.45325643923172426,-0.07792657885826036,0.20659715279802784,True,False
0.3735689061497305,-0.5232095034498154,-1.1446058567979798,-0.9243396797229905,-1.121968662761968,-0.279321382814642,-0.39256944883546185,False,True
1.0729942732362605,2.1588499386918003,-0.9183805371640218,-0.5944770262774596,-0.7529758948769901,-0.4245378267677288,-0.18717835934524707,True,False
-1.2468103512452853,-0.39289890391882876,2.0225486180774315,-0.1583316039420778,0.4032014444959406,-0.03959928651956389,-0.292643192762916,True,False
1.191318113532854,-0.39289890391882876,0.9291262398466347,-0.17918694783748657,-0.31500399484125013,0.08058462576592515,-0.15192802402291655,False,True
-1.027637348918123,-0.39289890391882876,0.5143798205177118,0.8745188937310888,-0.07818246398536956,-0.17905245473915118,0.136897682233888,True,False
-1.2480702810262212,-0.39289890391882876,-0.315113018140134,-0.039785438641859454,0.6723633399803685,-0.4947471983735223,-0.29517593187380226,True,False
-1.6990155834899052,-0.5232095034498154,-1.0691974169199938,-0.930206428005728,-1.2038057879842643,4.622287297511511,0.06691471890279967,False,True
-1.0150380511087636,-0.5232095034498154,-1.1446058567979798,-0.9306984778616996,-1.0932382122519122,-0.36566792647423413,-0.4335141884972855,False,True
-1.4391413712829424,-0.5232095034498154,-0.9937889770420077,-0.9090482841989521,-1.1307329387919136,0.29515349351940556,-0.3130812269027065,False,True
-0.08860620523099123,2.1588499386918003,2.0602528380164244,1.1397337660997446,-0.23474853302138574,0.3651154365334991,0.3397734747055114,True,False
-1.600357603687051,-0.5232095034498154,-1.1823100767369727,-0.9337643269642913,-1.1441677738102172,-0.3240818185375379,-0.41659455973794357,False,True
-1.1237206896034124,-0.39289890391882876,-0.5790425577130849,-0.22725643376701316,-1.070052887552735,0.7560827856379634,1.4353375645820299,False,True
1.470036492898163,-0.5232095034498154,-1.1069016368589868,-0.9274812288034241,-1.038475442918302,-0.38831669488033205,-0.4409526453538437,False,True
0.3453574349679038,-0.39289890391882876,-0.8806763172250288,-0.5320245445579959,-0.6653517423822669,-0.4390335213351274,-0.19009949451672228,True,False
1.7471662651483788,-0.5232095034498154,-1.1069016368589868,-0.928541028493209,-1.1332822080405391,-0.0902316251625593,-0.4003116613748153,False,True
-0.5216933725388003,-0.5141880004053625,0.28815450088375383,-0.13683281023501392,1.445703704745859,-0.4704629873247245,-0.3629761184337011,True,False
-0.978116630571771,2.1588499386918003,1.1553515594805925,1.8331455631303961,-0.2257609633346262,0.08336065386792486,0.6024840513697706,True,False
1.46959825645262,-0.39289890391882876,-0.9560847571030148,-0.7403508835785584,0.6112739170370309,-0.5943341891109132,-0.4368033471148094,False,True
1.1097513551061746,2.1588499386918003,-0.6544509975910708,-0.2634410231753812,0.4820054975465146,-0.5376247628620183,-0.32521676242518166,True,False
0.569898833752967,-0.5141880004053625,-1.0314931969810008,-0.6769143021471516,1.0510321663272824,-0.6137965600434114,-0.434412495428575,True,False
-0.2998909515383805,-0.34478422101507983,-0.16429613838416202,-0.04417603735668235,-0.09798116822286909,-0.3518602040886354,-0.16913063623384356,True,False
-0.690359624517139,-0.39289890391882876,0.1750418410667749,0.938826024907676,0.7438173101608178,-0.4256301334774287,-0.10942069699023453,True,False
-0.4426464736739928,-0.39289890391882876,1.8717317383214593,-0.05628803381136622,0.05720792326279491,0.08940153241162427,-0.21074083951400355,True,False
-1.3474403950530827,2.1588499386918003,1.1930557794195855,2.4694795768683497,1.712893172928431,-0.3941946326441315,-0.030694967170374007,True,False
-0.5157771805239707,-0.39289890391882876,1.2307599993585785,2.1173232799484163,0.5848322265093179,-0.23162801305354638,0.17563491590471852,True,False
1.6387575244321944,-0.3922306444340545,-0.8806763172250288,-0.8045444647883829,0.7931838161214256,-0.5876053383854138,-0.45303920824521254,True,False
-0.7644763633695884,-0.5141880004053625,-0.4282256779571129,0.06721648003748833,-0.6471533093519337,-0.20806194840504852,0.20749676044239956,True,False
0.5593263795042436,-0.5141880004053625,0.28815450088375383,-0.03441074021509349,-0.933880972505722,0.9973316973891416,0.7705479977045584,True,False
-0.15664241340153245,-0.49982042148271527,-0.315113018140134,-0.22619663407722831,-0.7906008760501332,0.018793861121630725,0.17351864788438193,True,False
-1.5852384463158196,-0.5232095034498154,-1.1446058567979798,-0.9283139285596836,-1.144316636248093,-0.16336186111915263,-0.3865364202998259,False,True
0.7322654368266258,-0.3922306444340545,-0.6921552175300638,-0.7494727309084922,-0.5698006650706501,-0.3822516769618326,-0.36301423089413326,True,False
0.7834843213994567,-0.5141880004053625,2.0979570579554174,1.9146365892770658,2.06296180339843,-0.3385956176360366,-0.14390544512938427,True,False
0.037770229752453706,-0.5141880004053625,1.0799431196026066,1.0610814891221412,-0.6289734841263349,0.5455814025382827,0.8400188091773468,True,False
0.9523149120448738,-0.39289890391882876,0.4012671607007328,0.6068059220936545,-0.8614221808696099,0.7559982978261633,1.2135320636662088,False,True
0.22281556888295956,-0.5141880004053625,0.36356294076173984,-0.5384590426745467,0.1752930521078816,-0.2960861786132405,-0.36727384684090314,True,False
-0.9576290767426386,-0.5232095034498154,-0.9560847571030148,-0.9056796351849932,-1.1632779892725404,1.1115893931612308,-0.18152617333157825,False,True
0.41711865292556,2.1588499386918003,-0.8429720972860358,-0.5543938880102401,0.1619512561132508,-0.553792109134317,-0.37064079750348683,True,False
-0.15549204273198225,2.1588499386918003,-0.6921552175300638,-0.5814187800997536,1.243660160938744,-0.575010619583515,-0.4230240706950168,True,False
-0.26817358879221037,-0.5232095034498154,-1.1446058567979798,-0.921500930553924,-1.0772168923755145,-0.3980931416743312,-0.41313193614323035,False,True
-0.28515525105699924,2.1588499386918003,0.1750418410667749,0.5619915352113242,-0.5672700036267592,0.01580057864643101,0.41711340443499706,True,False
1.211148312693672,-0.39289890391882876,1.6832106386264944,1.4814434660775133,0.47813507416174006,-0.12604842252205606,0.07225272002215291,True,False
0.6355247414730221,-0.39289890391882876,0.8914220199076417,0.2779273683600667,0.4708780303152882,-0.2637454512249434,-0.20045523141923507,True,False
-0.45639614215290253,-0.5232095034498154,-1.0314931969810008,-0.9037871357389488,-1.0841389957367455,-0.12656741908025598,-0.35722006342836077,False,True
-1.170502430165121,-0.20912754560589883,-0.9183805371640218,-0.8332726063793362,-0.39937178150743724,-0.5195443711368201,-0.427089527789597,True,False
-0.708053421005935,2.1588499386918003,1.9471401781994453,0.2032114902302356,0.5428716268330381,-0.1003761974222583,-0.2282862836495381,True,False
0.7039444065334134,-0.5335675254638169,-0.39052145801811994,-0.17839209807014794,0.38900368948352315,-0.48246025660032343,-0.29580458374478863,True,False
-0.4160236096072593,-0.39289890391882876,0.8537177999686487,0.9538146205203473,1.875916150207316,-0.4400473750767273,-0.24332550441557269,True,False
1.2296638025178612,-0.5232095034498154,-1.0314931969810008,-0.9008348366031196,-1.052691805735454,-0.2270656712163468,-0.3740697749417247,False,True
-0.6365661008267431,2.1588499386918003,0.6274924803346907,-0.029376691688615505,1.535746871856066,-0.4393775074260274,-0.3517578990590057,True,False
1.3208717627464852,2.1588499386918003,-0.4282256779571129,-0.39243378541776436,-0.13322435038999708,-0.4150510524713297,-0.283070430286532,True,False
0.9637090596289902,-0.5232095034498154,-1.0691974169199938,-0.9320989274517724,-1.1631477346393988,0.4505084748884912,-0.3806197899138036,False,True
0.9537391804928884,-0.5232095034498154,-1.1823100767369727,-0.9384577255904814,-1.0082749758342213,-0.5346133758557187,-0.4671858185764079,False,True
1.626103447067142,-0.5335675254638169,-0.202000358323155,-0.37305459109027017,-0.731000077485555,0.006808661533431881,-0.02407551292519682,True,False
0.8146538885886982,-0.5141880004053625,0.25045028094476085,-0.11113266775773159,1.812872907766857,-0.49516360258882225,-0.37390572054532883,True,False
-0.05091787091429851,-0.5335675254638169,-0.6167467776520779,-0.5399730422313822,0.33807412792521835,-0.52057632940952,-0.3794744571955925,True,False
-1.3500150341706474,-0.39289890391882876,-0.5413383377740919,-0.11544756649471272,-0.7787477044342616,-0.15385698229165345,0.25365855841379603,True,False
-0.3737337926123657,-0.39289890391882876,1.0799431196026066,1.0211876007995262,1.1100189073356221,-0.34401490727863615,-0.1541612073438513,True,False
1.125637426257106,-0.49982042148271527,-0.16429613838416202,-0.5468995902039046,-1.0389592458413988,1.2119548787359218,0.39447242463562204,True,False
0.3649685159059503,-0.5141880004053625,-0.315113018140134,-0.6311915155307201,0.05110456330988152,-0.42170748507242894,-0.384432845985472,True,False
-0.7552733980131867,-0.5232095034498154,-0.9560847571030148,-0.8823640420097267,-1.0781286748075045,0.015384174431131051,-0.3021036316125944,False,True
-0.12300776620611192,-0.5141880004053625,-0.5413383377740919,-0.4325926236628256,0.46254173379423563,-0.5163096949136203,-0.36227417216409563,True,False
-0.38145770996506,-0.39289890391882876,0.47667560057871877,0.6999925948168785,-0.5434520135666093,0.12628046226232092,0.46450045062294937,False,True
0.004902496336733305,-0.5232095034498154,-1.0314931969810008,-0.9167318319498922,-1.0890886717961206,-0.10615154284315782,-0.3921405426144217,False,True
-0.625884087466634,-0.39289890391882876,1.0045346797246206,1.6458638179498468,-1.0221936137756216,2.860788839606071,4.711499770413576,True,False
-0.35834073746267,-0.39289890391882876,-0.5790425577130849,-0.015372195787887285,1.0706447925174367,-0.5550835656861168,-0.32328459231970014,True,False
1.7302941619949757,-0.39289890391882876,1.8340275183824664,1.916264138800664,1.3701374097190868,-0.2872632371238413,-0.053554811534879114,True,False
0.90887472438043,2.1588499386918003,-0.9937889770420077,-0.7074213932173866,0.10633252776185387,-0.5840206412276142,-0.41066380172729966,True,False
0.5714874408680601,-0.39289890391882876,1.7209148585654874,0.16997919995769675,1.8414544958390364,-0.3532361484522353,-0.33946319856762425,True,False
0.6062724587330309,-0.39289890391882876,1.6078021987485085,2.6619089205421393,1.8120541643585395,-0.3615461282271345,-0.020925507100603875,True,False
-1.4043015738622788,-0.39289890391882876,-0.6544509975910708,-0.5692689336561488,-0.0397573472086434,-0.4905891910642227,-0.35673137141926603,True,False
0.526129968754366,-0.5141880004053625,1.4569853189925366,0.7933306674957861,-0.19894711671222312,0.1526406595439185,0.17947721451387322,True,False
-0.773734108281683,-0.5232095034498154,-1.1823100767369727,-0.9298279281165192,-1.033711844906272,-0.5192788380140201,-0.4469821478600401,False,True
0.1833195092284022,-0.39289890391882876,-0.16429613838416202,0.2049904397095173,0.17748877306655167,-0.40958348407913014,-0.16170719242707723,True,False
0.31577647489375543,-0.49982042148271527,-0.5413383377740919,-0.3297542037647754,0.9395155925534711,-0.5444803453052178,-0.36996396439911283,True,False
-1.2247341903010598,-0.5141880004053625,-0.39052145801811994,-0.23671893099723493,1.6244316692206555,-0.552561001019517,-0.38390083866361624,True,False
-0.8344846355450729,-0.5232095034498154,-0.9937889770420077,-0.8889120900930402,-1.154643967875736,0.6702250643180713,-0.11672342522022885,False,True
0.2546424907405155,-0.39289890391882876,0.9291262398466347,-0.3416391002859339,-0.4785293828479665,0.2414675239642104,-0.16405753395286038,True,False
-0.010928795258505354,-0.39289890391882876,0.9291262398466347,-0.35261559707299117,-1.0236264147401775,2.7692764697392795,0.7163637462095652,False,True
1.424624241228776,-0.5232095034498154,-1.1823100767369727,-0.9331587271415572,-1.003343907579581,-0.5371600798971184,-0.45781848257517843,False,True
-1.3161612687524553,-0.39289890391882876,0.47667560057871877,1.485228464969602,1.2744002543601252,-0.4359859252666277,-0.10386187240050684,True,False
-0.8421537733420743,2.1588499386918003,-0.8429720972860358,-0.44406117030585435,0.6070685531670356,-0.575722731140115,-0.3740442543242025,True,False
1.6086287688011174,-0.34478422101507983,-0.16429613838416202,-0.21431173755606978,0.4259029662720209,-0.4450080165981269,-0.3083839445106442,True,False
-0.3740624699465229,-0.39289890391882876,1.9471401781994453,2.0885194383796213,1.8177853682167628,-0.3287527875613375,-0.09463496639842753,True,False
1.540263883296419,-0.39289890391882876,-0.35281723807912696,-0.43845937194556306,-0.9618857186311326,0.4234904796435938,0.2930132781957207,False,True
-0.7713238078311968,-0.5325651362366555,0.1373376211277819,-0.018248794945874704,0.4702453649543156,-0.39691031230913126,-0.2680705365021811,True,False
0.4064914191211437,2.1588499386918003,1.5323937588705225,1.4886349639724819,0.344382173730211,-0.11046042124495746,0.12141656378723341,True,False
-1.0368403142745248,2.1588499386918003,0.36356294076173984,0.4250502752955548,0.7457153062437362,-0.39719998480673124,-0.21074647332548602,True,False
1.380800596674482,2.1588499386918003,-0.4659298978961059,-0.362721544114868,-0.5719033470056477,-0.27653931986894226,-0.1307774185114758,True,False
1.391153932700434,-0.39289890391882876,1.6455064186875015,0.9752755642384903,-1.0721369616829983,5.431312409089736,4.717846631240585,True,False
0.4635169365974186,-0.39289890391882876,1.7586190785044804,1.2711489276330648,-0.6512470263935219,0.9514970594876455,1.0359046635727576,True,False
1.5476591233149561,-0.39289890391882876,2.1356612778944104,3.18333036791628,-0.751915250007124,1.5414030311625917,2.958288791495504,True,False
-1.0133946644379777,2.1588499386918003,-0.08888769850617603,-0.031307041123580744,1.2399199921871111,-0.5016993383159217,-0.33659697542795597,True,False
-0.1361000800167072,-0.5141880004053625,0.6651967002736837,1.7436303393324981,1.1009196908204553,-0.39618613106513134,-0.0326860768168447,True,False
0.8057796005664537,-0.5232095034498154,-1.0691974169199938,-0.9135524328805377,-1.0476490906524067,-0.3069670018043395,-0.4066389331493803,False,True
-0.48318334488671466,2.1588499386918003,2.0979570579554174,0.04166773751588954,-1.1224710734897994,10.221185958310398,3.6532127932525467,True,False
-1.1111761713497457,-0.39289890391882876,-0.315113018140134,0.21948698546621703,0.4740041415106828,-0.4772702910183239,-0.2143050832771677,True,False
-1.5965778143442433,-0.5141880004053625,1.2684642192975715,1.0200142511429788,1.3090665945804838,-0.34539085164223593,-0.18004506074763887,True,False
0.008572726568155416,-0.5141880004053625,1.5700979788095155,2.180116411568168,-0.9657375342111726,2.7424877985549823,4.360382452349276,True,False
-0.18835977614770266,-0.5232095034498154,-1.1823100767369727,-0.9312662276955128,-1.1964370973094054,0.6019106336340775,-0.1792775616729397,False,True
1.3616277521819786,-0.39289890391882876,-0.239704578262148,-0.3894057863040934,1.3159886979417148,-0.5237144481335196,-0.3954236521325514,True,False
0.03311396751855998,2.1588499386918003,-0.6544509975910708,-0.4166577783271321,-1.0550177813272654,0.48324146711728827,0.7971484656604204,True,False
1.2270891634002965,2.1588499386918003,2.0602528380164244,2.9916580240209076,0.3469872663930401,-0.010662210978066543,0.49121550669997927,True,False
-1.5803630658591545,2.1588499386918003,0.25045028094476085,0.3582071948612682,1.47387592111388,-0.47644955227512403,-0.29326802868648655,True,False
1.3048213529284751,-0.5141880004053625,-0.35281723807912696,-0.04148868814329937,1.4127864981705425,-0.5409559965844182,-0.3475291084451594,True,False
0.41147635868919463,-0.39289890391882876,-0.6544509975910708,-0.5716913329470856,0.05503081010885929,-0.5020071153446216,-0.3666747195897581,False,True
-0.2382091718282119,-0.39289890391882876,1.8340275183824664,0.8579027485948194,0.2816552639702383,-0.028060665365164928,-0.01576127654765796,True,False
0.8068204121246182,-0.5232095034498154,-1.1446058567979798,-0.9242261297562279,-1.0923264298199222,-0.36770770364483396,-0.413442359939477,False,True
-1.2963858491473301,2.1588499386918003,0.32585872082274686,0.18175054651209263,0.5730720939171188,-0.37968686838933285,-0.237166565286457,True,False
-0.08701759811589808,2.1588499386918003,1.6078021987485085,1.1200517718608833,0.024086030835399033,0.045534253556328355,0.1623285270465101,True,False
-1.1009871739908725,-0.39289890391882876,-0.9183805371640218,-0.8193059604675288,0.22317093368972968,-0.5732363755357152,-0.44628293622215565,True,False
1.5409212379647335,-0.5141880004053625,-0.08888769850617603,-0.26597697243308066,-0.8838631933794074,0.40944136350999505,0.31154170881844345,True,False
-1.3362653656917376,-0.5141880004053625,-0.315113018140134,0.16838950042301948,0.3669906564826191,-0.46601530751782494,-0.208768441330426,True,False
-1.2700916624147538,-0.5141880004053625,-0.202000358323155,-0.4906923566563872,1.5322299967612472,-0.5290613196517192,-0.41629184619273835,True,False
-0.6748570102560575,-0.39289890391882876,-0.4282256779571129,0.0289122912495506,0.24161126818161133,-0.4738666391715242,-0.2223083708718545,True,False
0.3458504509691396,-0.34478422101507983,-0.5790425577130849,-0.6176412194970425,0.12112573252577513,-0.4921944594884226,-0.3855381778585954,True,False
0.8910165892245553,-0.20912754560589883,-0.35281723807912696,-0.7482236812741029,-0.049619483717924184,-0.4121663971827299,-0.4148665232301554,True,False
-0.793564307442501,-0.5232095034498154,-0.9937889770420077,-0.9013647364480121,-1.0148993543197007,-0.24966012602914472,-0.39516119017230505,False,True
-0.7211457348165303,2.1588499386918003,-0.202000358323155,0.2850810162661144,-0.01394832204190288,-0.3816300880607327,-0.0852449149319857,True,False
-0.3536844752287763,-0.5232095034498154,-1.0691974169199938,-0.9165804319942087,-1.0348283131903415,-0.3309675751992373,-0.4183682622447858,False,True
0.4195289533760462,-0.39289890391882876,-0.6544509975910708,-0.3088610098804457,1.9484493730623664,-0.586730286048914,-0.40253696989666815,True,False
-1.1857311466477383,-0.5141880004053625,1.3061684392365644,-0.2632896232196977,1.5022714311387146,-0.36246342446953445,-0.38334410212195696,True,False
-0.5333614179013811,-0.39289890391882876,-0.9183805371640218,-0.48887555718818465,-0.2640186098687418,-0.5372023238030185,-0.2950505070888231,True,False
1.0510276714034208,-0.39289890391882876,0.5143798205177118,0.6094554213181166,0.261223894371766,-0.2858812579165414,-0.0741889947745873,False,True
-1.1913734408841035,-0.39289890391882876,0.7783093600906626,0.17675434797453554,0.13042963489302115,-0.19264895759524991,-0.15865349421991282,False,True
-1.0303215471470735,-0.39289890391882876,0.8914220199076417,-0.4858097080855928,-0.33662626394272993,0.08562372025542463,-0.2783997341564447,True,False
-0.2652154927847955,-0.5232095034498154,-1.1069016368589868,-0.9268756289806899,-1.1727121462729277,0.432422048319593,-0.30961920665080855,False,True
1.6619840560459702,-0.20912754560589883,-0.16429613838416202,-0.7148399910458805,-0.1432353493371538,-0.3395370532532365,-0.39716504837410543,True,False
-0.3432763596471315,-0.5141880004053625,2.0602528380164244,0.7500302801702913,1.8156640784770304,-0.3174133162490385,-0.2645253803117169,True,False
-0.7507266948906787,2.1588499386918003,1.8340275183824664,0.6065031221822874,1.1534123079764573,-0.2546569766127443,-0.22759511135877614,True,False
1.4075877994082944,-0.5232095034498154,-1.1069016368589868,-0.9330830271637154,-1.197255840717723,1.9656827174910532,-0.2056433527805399,False,True
-0.634155800376257,2.1588499386918003,0.5143798205177118,-0.007840047992630756,-1.0633354700435835,2.848580350800973,1.9094433615019766,True,False
-1.5399357537578184,-0.39289890391882876,0.1373376211277819,0.7898106185261435,0.020848272811597353,-0.30719029102123946,0.06102458858692156,True,False
0.3328129167142372,-0.20912754560589883,0.25045028094476085,0.2491992267691134,-0.578267216224844,0.06250423404072682,0.243236085527422,True,False
0.09895899346138652,2.1588499386918003,-0.202000358323155,0.049805485133880265,0.3478060098013575,-0.4422742324020271,-0.234679092557955,True,False
-0.04538513578931891,-0.34478422101507983,0.02422496131080293,-0.6120394211367512,-0.29596821059786477,-0.22785623574104671,-0.34026772095143987,True,False
-0.1752126827814145,-0.5232095034498154,-0.9937889770420077,-0.896330687921534,-1.0485794808891313,-0.16966827278565202,-0.3662311842643539,False,True
0.7741170173759764,2.1588499386918003,1.4192810990535434,0.2397745795278125,1.134339308123603,-0.3040883813594398,-0.2856900350915695,True,False
-0.28816812662010693,-0.5232095034498154,-1.1823100767369727,-0.9385334255683232,-1.126080987608291,-0.38945124549593196,-0.4503639078462704,False,True
-0.010654897480041017,-0.5141880004053625,-0.4282256779571129,-0.5364908432506605,1.4268539985498185,-0.5500022272907173,-0.4204273380676112,True,False
0.21054494840775728,-0.39289890391882876,-0.8052678773470429,-0.8131742622623451,0.2275065521928663,-0.5500867151025173,-0.44474641796228775,True,False
0.05699785380065014,-0.5232095034498154,-0.9937889770420077,-0.8984502873011038,-1.042178396060466,-0.18730208607705043,-0.3752058146134571,False,True
1.4767743782483858,-0.39289890391882876,0.5143798205177118,1.3797405458470897,-0.9899835037802158,1.7075181388487766,3.5096960295746977,True,False
-1.3107380927388614,-0.5232095034498154,-0.9937889770420077,-0.8915615893175023,-1.1869471168948142,2.2122302220108305,0.27265247977190066,False,True
1.6057802319050882,2.1588499386918003,-0.239704578262148,-0.7021223947684625,-0.23954934664288474,-0.33254266940493715,-0.38395216981663666,True,False
-0.31265458801481866,-0.5232095034498154,-1.0314931969810008,-0.9292223282937849,-1.099992845370533,-0.054957963736062494,-0.4257963995885174,False,True
-0.8318552168718152,-0.5141880004053625,-0.5790425577130849,-0.670782603941968,0.6342731636888631,-0.5342030064841188,-0.42284563793412805,True,False
-1.5436607635449333,-0.5232095034498154,-1.0314931969810008,-0.9128711330799617,-1.166329669248997,0.7562457264178635,-0.2201568347215003,False,True
1.6251721946203632,-0.5141880004053625,-0.8806763172250288,-0.7129474915998362,-0.35527128428669097,-0.5128396597861207,-0.3758601046362803,True,False
0.23059426579134673,-0.39289890391882876,-0.8052678773470429,-0.4043943819167647,-1.045360330670064,0.1533588059442185,0.7522559912735752,True,False
-1.304328884722796,-0.5232095034498154,-1.1069016368589868,-0.9143094326589554,-1.118116847181928,-0.17730838490985132,-0.35595848143733466,False,True
-0.23382680737278252,2.1588499386918003,1.0422388996636136,-0.28732436618446094,-1.136761867525889,8.171336633575287,2.781826728460618,True,False
-0.8544243938172765,2.1588499386918003,0.7029009202126767,0.863428846977269,1.618923759019246,-0.4374463574420276,-0.23414302638443307,True,False
1.2263770291762892,-0.5232095034498154,-1.1446058567979798,-0.9224093302880253,-0.9914349125495061,-0.4924962016734225,-0.44044065804358423,False,True
0.7857302831828643,-0.39289890391882876,0.09963340118878891,-0.22453123456470928,-0.6866948944127294,0.12243626682542134,0.04605471306653363,False,True
-1.747769388056557,-0.5232095034498154,-1.0314931969810008,-0.9042413356059994,-1.204252375297892,5.949385636203589,1.069345385737308,False,True
0.5751576710994822,-0.3922306444340545,-0.8806763172250288,-0.6686630045623982,-1.0011109710114419,-0.11721944618895686,0.019489262500818002,True,False
-0.4251170158522753,-0.5141880004053625,1.0045346797246206,-0.4479975691536266,-0.4145557501707827,0.1987770396304143,-0.24054453283213445,True,False
-0.961189747862675,-0.34478422101507983,0.1373376211277819,-0.17369869944395794,-0.9889228589103496,1.1986058044715229,0.8378453646307408,True,False
0.01837826703717867,-0.5232095034498154,-1.1446058567979798,-0.9225228802547879,-1.1637059687814337,0.020031004080130622,-0.30687861985788584,False,True
1.3160511618455129,-0.39289890391882876,-0.4282256779571129,-0.29167711491036297,0.1670684024152361,-0.4647178161223251,-0.2977932408418935,False,True
-1.7480980653907143,-0.49982042148271527,-0.9183805371640218,-0.7716149744272112,-0.1641505218587229,-0.5473106870005175,-0.4163379588221881,True,False
1.4177220172114746,-0.5232095034498154,-0.9937889770420077,-0.9143472826478763,-1.1951159431732563,3.41801009780182,0.1369444217130159,False,True
1.1444268138597595,-0.5325651362366555,-0.5036341178350989,-0.2746446198959638,-0.1823303470843216,-0.42593791050612856,-0.2297352310093668,True,False
-0.20441018596571278,-0.5141880004053625,1.7209148585654874,1.6979454027049874,1.6125971054095183,-0.32973646708443743,-0.11988230096776784,True,False
-0.9052050419445646,-0.5141880004053625,1.7586190785044804,2.3793966032366383,1.3623593473400692,-0.29490334924804057,0.016965393312877705,True,False
1.440291194156936,2.1588499386918003,-0.8052678773470429,-0.7359602848637355,-0.9369884758963822,-0.15791239725805306,-0.1893799102642976,True,False
-0.6963853756433543,-0.5232095034498154,-0.9560847571030148,-0.8978068374894487,-1.1192147076612633,0.29952875520190514,-0.287813504047584,False,True
1.4038627896211793,-0.20912754560589883,-0.8052678773470429,-0.705983093638393,0.29095916633748414,-0.5540214331949169,-0.41880621077243346,True,False
-1.5126555350227704,-0.5232095034498154,-1.0314931969810008,-0.9205925308198226,-1.0116429884911644,-0.31134829833053906,-0.4330426643337513,False,True
-1.5969064916784004,-0.5141880004053625,-0.5036341178350989,-0.31098060926001536,0.774259678706447,-0.5306062396389191,-0.35717915365123976,True,False
-0.7101898236779569,-0.5232095034498154,-1.1069016368589868,-0.9359596263217028,-1.0943918961454508,-0.2694725178962429,-0.44994316634228826,False,True
0.5444811199114765,-0.39289890391882876,-0.5036341178350989,-0.1474686571217832,-1.0005155212599381,0.4061523736934953,0.9564531201817955,False,True
-0.2520136198628145,-0.5232095034498154,-1.1069016368589868,-0.9300550280500445,-1.1827231452200846,0.7716406126965619,-0.29447186215091203,False,True
0.8820327420909251,-0.39289890391882876,0.7029009202126767,0.2749372192353166,0.17097604140947942,-0.22205675094534724,-0.14076259322674337,True,False
-0.17406231211186426,-0.5141880004053625,1.9094359582604523,3.502632874452883,1.8490650879754438,-0.33563250937933686,0.07924320659183398,True,False
-0.8145448772728692,2.1588499386918003,-0.27740879820114095,-0.06457718138504048,1.635614959866085,-0.5410947979895181,-0.3610113286380922,True,False
0.6769380855768298,-0.5141880004053625,0.7029009202126767,-0.10492526957470612,-0.031849030196484183,-0.1497774279504538,-0.20630676346618035,True,False
1.1133668057819037,-0.39289890391882876,0.5143798205177118,0.28924451504741194,0.43133644525449244,-0.322850710422738,-0.1910881853359818,False,True
-0.6136682465471246,-0.5232095034498154,-1.0314931969810008,-0.9069665348083034,-0.9961054715378637,-0.33498678110343694,-0.4123507795811683,False,True
-1.5639291991512942,2.1588499386918003,0.21274606100576787,-0.2692699214691978,1.6486032075707604,-0.49057108653312276,-0.3890922118076265,True,False
-0.36179184947132065,2.1588499386918003,1.3438726591755574,1.5775067379587246,0.49281663209725446,-0.1896979190259502,0.08917329689163304,True,False
0.3313338687105297,-0.39289890391882876,1.9471401781994453,3.5427160127201027,0.987840061448947,-0.21011983010674834,0.30497154062921183,True,False
1.435361034144578,-0.39289890391882876,1.6455064186875015,0.5730815819651441,1.9237009927654916,-0.3680034109861339,-0.2936659136840787,True,False
-0.9288150304481904,2.1588499386918003,-0.9183805371640218,-0.5529177384423256,0.537605618093177,-0.585855233712414,-0.39377520202702676,True,False
-0.38238896241183873,-0.5141880004053625,-0.27740879820114095,0.1410996584110599,-0.37438149974901425,-0.2959896211140405,0.018124242477274143,True,False
-1.4018364938560999,-0.39289890391882876,-0.6921552175300638,-0.761963227252385,-0.4846141349961454,-0.4127457421779298,-0.383264985856952,False,True
0.4133388635827521,-0.5141880004053625,1.4946895389315296,1.0827316827848887,-1.1120879184479526,7.36348831651856,7.150826157548091,True,False
0.08526410453816968,-0.5141880004053625,0.7783093600906626,0.4158905779767001,-0.3968597278682807,0.09813395124552349,0.16128858343043995,True,False
-1.0807735179402045,-0.39289890391882876,0.8914220199076417,0.41168922920648165,0.29663454678150425,-0.21995059049404742,-0.1341150717872265,True,False
0.6101618071872245,-0.39289890391882876,0.5143798205177118,0.23053918223111608,0.23266091410432066,-0.27882049078754206,-0.1670432503124282,True,False
1.664887372497692,-0.39289890391882876,1.6078021987485085,3.0099774186586172,1.6991792208391103,-0.3506230611301355,0.04287898289827312,True,False
0.2894275086054862,-0.39289890391882876,1.9471401781994453,1.702449551386573,-0.8346641576614103,1.869686458755162,2.2055267725106416,True,False
1.7020279112574561,-0.39289890391882876,0.25045028094476085,-0.005152698779247773,-0.3768377299739673,-0.10728609345875775,-0.04767255601808295,True,False
-0.28011553193325545,-0.49982042148271527,-0.6544509975910708,-0.7679056755129642,-0.7964809423462325,-0.213692457577148,-0.31652991092770155,True,False
1.1811291161739808,2.1588499386918003,2.0979570579554174,3.002710220785807,-0.6200417378537787,1.0377651501791376,2.0784207140096767,True,False
-0.15494424717505356,-0.39289890391882876,-0.8052678773470429,-0.44845176902067724,-0.4156722184548523,-0.47483824900722416,-0.24042797797010124,False,True
-0.7215291917063804,-0.5232095034498154,-0.9937889770420077,-0.89871523722355,-1.1309562324487277,0.29773037177930534,-0.26495939535763413,False,True
1.5147913898992356,2.1588499386918003,-0.239704578262148,0.44859296840434654,-0.8271652123534101,0.13930365496691974,0.9063675644855672,True,False
0.838318656648017,-0.5232095034498154,-1.1446058567979798,-0.9242261297562279,-1.1171492413357347,-0.29734746094654035,-0.3964505416040738,False,True
-1.0106556866533343,2.1588499386918003,-0.9183805371640218,-0.5549616378440535,-1.0525429432975781,-0.019412734343065716,0.44862057742477407,True,False
-1.3434414874875034,2.1588499386918003,-0.4659298978961059,-0.2546219757568145,1.0551630989783394,-0.5396343658141182,-0.36282164700176006,True,False
1.1902225224189966,-0.39289890391882876,-0.35281723807912696,-0.44663496955247467,1.6060099425335082,-0.5479805546512175,-0.4119425045501606,True,False
-1.7149016546408367,-0.5232095034498154,-0.9937889770420077,-0.9111678835785217,-1.1723213823735037,1.2213632000642212,-0.16769717206106544,False,True
1.1582312618943622,-0.20912754560589883,-0.8052678773470429,-0.6823647005517594,0.37313123204500137,-0.5586561931565165,-0.4162453574534816,True,False
-0.41016219714812246,-0.39289890391882876,-0.39052145801811994,-0.5501168392621799,-0.9598760757198075,0.3709692349224986,0.11796606973379264,False,True
1.412298841197881,-0.5141880004053625,2.0979570579554174,0.8838299910056271,1.2310812849382273,-0.23486268927674608,-0.19192966834394598,True,False
1.5991519056662513,-0.5232095034498154,-1.0314931969810008,-0.9087833342765059,-1.0042370822068365,-0.323031755733738,-0.41305700409982715,False,True
-0.6198035567847258,-0.5141880004053625,0.7406051401516697,0.3284949535583718,0.362450352127403,-0.2661111099553432,-0.16887565729163032,True,False
1.0003565823875185,2.1588499386918003,1.2684642192975715,0.08932087356728638,1.193474911569819,-0.3310822372295373,-0.314533292839684,True,False
0.5258012914202088,2.1588499386918003,0.4012671607007328,1.0314827977860075,-0.918938905303925,1.0283387243197386,2.0966302583654977,True,False
1.4643394191061048,-0.5232095034498154,-1.1823100767369727,-0.9348241266540762,-1.154569536656798,-0.268531082279043,-0.4123758300614318,False,True
-1.210655844487993,-0.39289890391882876,-0.126591918445169,-0.6308130156415112,-0.3603884305886763,-0.24909285072134477,-0.3381924097219501,True,False
-0.2656537292303385,2.1588499386918003,0.25045028094476085,-0.569874533478883,-0.3900306635307222,-0.09869851087365851,-0.304616813013522,True,False
-0.385566176642025,-0.5232095034498154,-1.0314931969810008,-0.913098233013487,-1.1658830819353694,0.7433734048057646,-0.22434752854615628,False,True
-1.304383664278489,-0.39289890391882876,-0.7675636574080498,-0.7352411350742386,-0.07380962987276386,-0.5155553394511204,-0.4090999998351898,False,True
-0.8758432000931877,-0.5232095034498154,-1.0691974169199938,-0.9254751793906171,-1.0755235821446758,-0.23944917048874564,-0.4249656748881547,False,True
1.736374692676884,-0.39289890391882876,0.7783093600906626,1.0433676943071661,-0.5906041907638122,0.3284658307434025,0.747914328539555,True,False
-0.3858400744204894,-0.39289890391882876,-0.7298594374690568,-0.5140079498316537,0.8091679203883541,-0.5658497268469158,-0.3979469023064344,True,False
0.4205149853785178,-0.39289890391882876,-0.7675636574080498,-0.5113584506071915,-0.6924819216851563,-0.36386350820793434,-0.1597758999111451,True,False
-0.41153168604044416,-0.5232095034498154,-1.0691974169199938,-0.9144986826035598,-1.0070840763312139,-0.37280714657133346,-0.42275807486970984,False,True
-1.3082730127326825,-0.39289890391882876,-0.05118347856718305,0.05873808251920962,-0.834422256199862,0.3019728669004049,0.5376641197416187,False,True
0.5816216586712406,-0.5232095034498154,-1.0691974169199938,-0.9135524328805377,-1.0477421296760792,-0.3067738868059395,-0.40659748271441193,False,True
-1.2261036791933815,-0.39289890391882876,-0.35281723807912696,-0.488421357321134,-0.05698817439278306,-0.41069389531993,-0.32798897378436764,False,True
-1.077267626375861,-0.39289890391882876,-0.315113018140134,0.07092577895173525,-0.3118964914505899,-0.33249439065533715,-0.04631658613676761,True,False
-0.7893462816541502,-0.3922306444340545,-0.5413383377740919,-0.5232054971394292,0.3911808026374586,-0.5106550463667209,-0.37877856786100234,True,False
0.5946044133704501,-0.39289890391882876,0.9668304597856276,0.28065256756237056,-0.5623203275673843,0.3724115625667986,0.24413305256752446,True,False
-1.543386865766469,2.1588499386918003,-0.239704578262148,-0.3403522006626237,-0.29066498624853454,-0.3153312951725387,-0.22777973426023668,True,False
-1.3075060989529823,-0.39289890391882876,-0.8052678773470429,-0.5365665432285024,-1.0428854926403766,0.14179604541501947,0.4376507237281873,True,False
-1.729199118676675,-0.5232095034498154,-0.9937889770420077,-0.889971889782825,-1.036279721959632,-0.20238919532704905,-0.36034295016875234,False,True
0.9781708623319072,-0.39289890391882876,-0.315113018140134,-0.23849788047651663,-0.2848779589761074,-0.34153458651793633,-0.1871430598727456,False,True
0.6325118659099144,-0.39289890391882876,-0.013479258628190058,-0.14970180646811554,-0.041673951096296076,-0.3275578885087376,-0.2187181598607725,False,True
1.4327316154713203,-0.5232095034498154,-1.1446058567979798,-0.9378521257677471,-1.076360933357728,-0.39960185259933106,-0.4591517291556604,False,True
0.6150919671995826,-0.5141880004053625,-1.1069016368589868,-0.8152938616419149,-1.0855717967013014,-0.29504818549684053,-0.09138123262334079,True,False
0.44407019432645073,-0.5141880004053625,0.5520840404567048,1.009529804211893,1.9354425175529564,-0.4724122418398244,-0.24098585851242316,True,False
1.3905513575878126,-0.20912754560589883,0.1750418410667749,-0.6404269128274165,-0.7991418584232649,0.38387776559679737,-0.19724871509615582,True,False
-0.02413066818048638,-0.39289890391882876,0.6274924803346907,0.5743306315995335,-0.695570817271082,0.43853534498769237,0.6481240596690654,False,True
1.579869502062362,-0.39289890391882876,0.7406051401516697,0.607335821938547,-0.41831452672715014,0.10401188900932298,0.27119856462837266,True,False
0.011037806574334447,-0.5232095034498154,-1.1823100767369727,-0.9343699267870256,-1.01858369965713,-0.5288863091844191,-0.4584702103499421,False,True
-0.18644249169845228,-0.39289890391882876,0.9668304597856276,0.14443045743609798,-0.7262550872782595,0.7135190330218673,0.37980050643850627,False,True
-1.3382922092523737,-0.5232095034498154,-1.0314931969810008,-0.9103730338111832,-1.177903723793851,1.198883407281723,-0.11165807236839198,False,True
-0.3616822903599349,-0.39289890391882876,0.4012671607007328,0.63178691478144,1.4718104547883513,-0.45960026866472553,-0.25389331239982854,True,False
-0.6895379311817459,-0.34478422101507983,0.1373376211277819,0.2814474173297092,-0.11571440613484003,-0.2653869287113433,-0.049949759857666635,True,False
-1.3118884634084116,-0.39289890391882876,-0.315113018140134,-0.02464544307350462,-0.10680126766701828,-0.3900849040844319,-0.15986377640040242,False,True
0.818050221041656,-0.5141880004053625,-0.05118347856718305,-0.5735081324152882,1.883284840882175,-0.5275345041956193,-0.4338160479598042,True,False
-0.5438243130387188,-0.39289890391882876,2.1356612778944104,3.036850910792447,2.1032104850391367,-0.3389094295084366,-0.01768438083966907,True,False
0.21224311463423617,-0.5232095034498154,-1.0691974169199938,-0.9294494282273102,-1.1771594116044715,0.8611433796112538,-0.3159468858776644,False,True
-0.16874869520965613,-0.5232095034498154,-0.9937889770420077,-0.8968605877664265,-1.142883835283537,0.45443715813719093,-0.21916920954669372,False,True
1.3266783956499293,-0.5232095034498154,-1.1446058567979798,-0.9276326287591077,-1.0017808519818836,-0.48513369235942316,-0.4479712539672113,False,True
-1.5667777360473234,-0.5141880004053625,1.3438726591755574,1.3868563437642165,0.8033064618969892,-0.2595331303223438,-0.03481318150099255,True,False
0.3850726128452326,-0.5141880004053625,2.0225486180774315,2.2422282433873435,1.400858895335733,-0.26997944476704283,-0.01055213221527177,True,False
-1.3243234225506926,-0.5141880004053625,-0.7298594374690568,-0.7074213932173866,0.4621323620900768,-0.5497668683864173,-0.425390059955891,True,False
-1.1049860815564518,-0.49982042148271527,0.09963340118878891,0.19923724139354246,0.3989588650164763,-0.3929755942167316,-0.20677813091729497,True,False
1.1795952886145804,2.1588499386918003,1.4192810990535434,2.2794726324854966,-0.930661822286655,2.165767960364535,3.8970500387655376,True,False
-0.14957585071715257,-0.39289890391882876,-0.5413383377740919,-0.7439844825149635,-0.7181606922187554,-0.213632109140148,-0.3237636543506142,True,False
-0.44993215458114416,2.1588499386918003,-0.315113018140134,0.06335578116755784,2.059947339031443,-0.5577992453511166,-0.361387838061659,True,False
0.12125427262838352,-0.5232095034498154,-1.1069016368589868,-0.91279543310212,-1.0900004542281105,-0.2826767559118417,-0.3793194294345621,False,True
1.2340461669732905,-0.5141880004053625,-0.4659298978961059,0.1118037669862933,-0.4325122817395676,-0.3419570255769363,0.040727885542693625,True,False
0.5775679715499684,-0.5141880004053625,0.8160135800296556,1.4153573854216444,-0.8673766783846473,1.1359158481159288,2.139979468022814,True,False
0.7463985621953856,-0.39289890391882876,0.5897882603956978,-0.11631811623989312,0.1415198865147785,-0.2377473445653458,-0.24454238418892496,False,True
-0.8665854551810931,-0.39289890391882876,-0.8052678773470429,-0.7064372935054436,-0.9011312361730159,-0.21347520320394806,-0.18634193814843406,False,True
-1.2298286889804964,-0.5232095034498154,-0.9560847571030148,-0.9099188339441325,-1.1466053962304354,0.6802791139222704,-0.2789512129964284,False,True
0.8595731242568495,-0.39289890391882876,1.7209148585654874,2.6488128243755127,-0.8271466045486755,1.6468739945074822,3.0945301575893267,True,False
-0.35658779168049826,-0.39289890391882876,-0.5413383377740919,-0.5116991005074796,0.30351943453326646,-0.5029787251803216,-0.3700101475491514,False,True
0.6055603245090236,-0.5232095034498154,-1.1446058567979798,-0.9344456267648673,-1.1241085603064347,-0.2707217305421428,-0.43358571988118466,False,True
-1.097809959760686,-0.5232095034498154,-1.0691974169199938,-0.9169589318834175,-1.0343072946577758,-0.3318969411290372,-0.4193604164085172,False,True
-0.2957277053057226,-0.39289890391882876,0.8914220199076417,0.28439971646553835,0.37274046814557693,-0.24026387438824556,-0.18159772822234038,False,True
-0.7289244317249175,2.1588499386918003,1.2684642192975715,-0.38490163762250784,2.0110274203844627,-0.4102774911046301,-0.4131225647405419,True,False
0.9227339519707255,-0.39289890391882876,-0.9560847571030148,-0.648299710522961,-0.3701761358790191,-0.5371299056786185,-0.3445254406779332,False,True
1.4110389114169448,-0.5232095034498154,-0.9560847571030148,-0.8866032407688661,-1.0117546353195714,-0.2003554530001492,-0.3684228701365944,False,True
-0.41503757760478766,-0.5141880004053625,0.5143798205177118,0.3194866561952007,1.5838480470947283,-0.454929299640926,-0.30593889383411177,True,False
0.2870172081550001,-0.5232095034498154,-1.0691974169199938,-0.9235826799445728,-1.0076423104732486,-0.3720648607962335,-0.4395206856202932,False,True
-0.5756512348962747,-0.5232095034498154,-1.1069016368589868,-0.9226364302215506,-1.182239342296988,0.749878966314364,-0.20867403776889484,False,True
0.14431646557508068,2.1588499386918003,-0.39052145801811994,-0.039104138841283484,-0.7344611291661705,-0.10546960550505786,0.2472126788445019,True,False
-0.44659060168387926,-0.39289890391882876,-0.239704578262148,0.38114428814732576,1.5177531246778124,-0.5325675638414188,-0.2930335947424751,True,False
1.4169551034317747,2.1588499386918003,-0.16429613838416202,-0.47774766044544387,-0.5192060439975661,-0.17514187602155154,-0.2209776551969481,True,False
1.6901955272277969,-0.39289890391882876,0.6274924803346907,0.042538287261069944,-0.9114399599959246,1.2093176520390219,0.7757403973149166,False,True
1.5604775393470869,2.1588499386918003,0.7406051401516697,-0.004509248967592693,-0.7806643083219144,0.7284311318045661,0.35540252967621216,True,False
1.2240215082814958,-0.39289890391882876,0.9291262398466347,-0.4711617623732095,0.28238096835488347,-0.20841196933964845,-0.3580234183046508,True,False
-1.0842794095045478,-0.5232095034498154,-1.1446058567979798,-0.9304713779281742,-1.0410991433858654,-0.4492263723444265,-0.4470051924213335,False,True
0.04823312488979137,-0.5232095034498154,-1.0314931969810008,-0.9212738306203986,-1.1647852214560341,0.7127646775593673,-0.29338760809821685,False,True
1.5803625180635978,-0.39289890391882876,-0.6167467776520779,-0.5039398527786977,-1.09020514008019,0.8927780302866509,0.8883389602893474,False,True
-0.9243231068813753,-0.5232095034498154,-1.1446058567979798,-0.9287681284267343,-1.1139859145308708,-0.30825845835613935,-0.41649819727116816,False,True
-0.49496094936068114,2.1588499386918003,0.8914220199076417,0.5756553812117644,-0.09256629704513179,-0.07300214639906082,0.04219384403566339,True,False
1.506355338322534,2.1588499386918003,-0.6544509975910708,-0.2900874153756857,-0.5346877375366635,-0.3792282202681329,-0.10873463352434957,True,False
1.0108742570805491,-0.5232095034498154,-0.9560847571030148,-0.9171860318169428,-1.1342870294962017,0.47689884638858887,-0.34476195106150365,False,True
-1.373296345340116,-0.5141880004053625,1.9094359582604523,0.47266556135803073,-1.0056326675619236,3.873381298872679,2.1356228862664532,True,False
-0.6728301666954214,-0.5232095034498154,-0.9937889770420077,-0.8973904876113189,-0.9933887320466278,-0.2879753486804412,-0.39649494606815056,False,True
0.9709947405361417,-0.20912754560589883,-0.202000358323155,-0.35821739543328246,-0.13093559040765446,-0.35335081048253525,-0.2713207364122072,True,False
-1.2922773824703653,-0.5232095034498154,-1.1069016368589868,-0.9345970267205509,-1.0006271680883452,-0.4334754302874279,-0.46069079399234575,False,True
-0.37603453395146613,-0.5232095034498154,-1.0314931969810008,-0.9092375341435566,-1.1193821779038735,0.06508714714432656,-0.33376313690978576,False,True
1.0832928297065196,-0.20912754560589883,0.06192918124979592,-0.02464544307350462,0.4093978434725265,-0.40150282836483087,-0.2616470589732602,True,False
-1.5913737565534207,2.1588499386918003,0.02422496131080293,0.08031257620411525,-1.0120151445858543,1.2423584212965189,1.4715114296995748,True,False
-1.0013431621855469,-0.39289890391882876,0.32585872082274686,-0.36033699481285214,-1.1189541983949802,4.29439009991574,1.8793338360614915,False,True
-1.549576955559763,2.1588499386918003,-1.0691974169199938,-0.7697224749811667,-0.4219058330409072,-0.5726932396027152,-0.39469595017679443,True,False
0.522021502077401,-0.20912754560589883,-0.5413383377740919,-0.49084375661207075,-0.6057695516224233,-0.29301444316994074,-0.192419661066123,True,False
-0.19739840283702575,-0.5232095034498154,-1.1069016368589868,-0.9306606278727786,-1.012108183609527,-0.421562648823629,-0.4520990669335267,False,True
-1.1074511615626308,-0.39289890391882876,0.5897882603956978,0.05245498435834236,-1.084232034760418,3.5811620972313056,2.4710529463674367,False,True
-0.12158349775809738,2.1588499386918003,0.8160135800296556,-0.10223792036132313,1.2320488907844211,-0.3910866881386318,-0.3473042339587399,True,False
0.98567566146183,-0.3922306444340545,-0.9560847571030148,-0.8499644514934473,-0.5480481413360289,-0.5087359660701211,-0.4249217170544735,True,False
1.1824438255106096,-0.39289890391882876,-0.7298594374690568,-0.6199879188101375,-0.6840711939451659,-0.3471349214715358,-0.24375925305037666,True,False
0.19613792526053317,2.1588499386918003,0.1750418410667749,0.9431409236446571,-0.736973182805327,0.2501214898300096,1.0434474752294878,True,False
-1.6689963869702138,-0.39289890391882876,-0.4282256779571129,-0.3732816910237955,-0.4401786972901783,-0.3244740833780379,-0.19545154490448735,False,True
-0.9490834660545513,-0.39289890391882876,-0.7298594374690568,-0.6602603070219614,-0.48980571251706867,-0.4265896736257286,-0.32851072427836453,False,True
0.1493014051431316,-0.39289890391882876,1.7586190785044804,0.783641070332039,1.0850844489914027,-0.25287066287754445,-0.19042072363429624,True,False
1.593947847875429,-0.5232095034498154,-1.1069016368589868,-0.9333858270750826,-1.0363541531785698,-0.3913461864177318,-0.4541871737320719,False,True
-1.348864663501097,-0.20912754560589883,-0.013479258628190058,-0.3645383435830706,-0.7641033621082164,0.17930259901051612,0.016736914440808767,True,False
0.7342922803872619,-0.39289890391882876,1.7963232984434734,1.7587324849119321,-0.6873647753831711,1.0821091816867334,1.4961282945338623,True,False
-0.37433636772498724,-0.5325651362366555,-0.05118347856718305,-0.0744938784823129,0.1387287158046046,-0.377985042465933,-0.23215016155886356,True,False
-0.05371162825463474,-0.5141880004053625,-0.5790425577130849,-0.7259678877886213,1.8446550382533695,-0.5774607661257147,-0.45243038833091903,True,False
-1.554561895127814,-0.3922306444340545,-0.7298594374690568,-0.7863764701063571,0.9393853379203295,-0.5705448352455154,-0.45162362495950403,True,False
-1.4903054763000805,-0.5232095034498154,-1.0691974169199938,-0.9052254353179425,-1.0189000323376163,-0.35644668530063495,-0.40103174710698253,False,True
1.166119517914135,-0.5232095034498154,-1.0691974169199938,-0.9267999290028481,-1.0413782604568829,-0.31916342092203837,-0.43878106568503034,False,True
0.5598741750611723,2.1588499386918003,-1.0691974169199938,-0.7964067171703921,-0.7756402010436015,-0.5155855136696204,-0.34931172788867354,True,False
0.6857575940433814,-0.49982042148271527,-0.4282256779571129,-0.3083311100355533,-0.019660918095391854,-0.4367644201039277,-0.2746759258077045,True,False
-1.305917491837889,-0.39289890391882876,0.8160135800296556,0.02474879246825302,-0.41362535993405813,0.12767451115702078,-0.013430704293599806,False,True
-0.3008222039851593,-0.5232095034498154,-0.9560847571030148,-0.8978068374894487,-1.1699023677580196,1.3718722019422074,-0.06921741079898248,False,True
1.284224239987957,-0.5232095034498154,-1.1069016368589868,-0.9352026265432851,-1.1538996556863563,0.09816412546402353,-0.41553276257496846,False,True
1.5807459749534478,-0.5141880004053625,0.02422496131080293,0.02111519353184786,-0.8615338276980169,0.43826377702119235,0.5748058956115921,True,False
-1.7247071951098598,-0.39289890391882876,-0.126591918445169,0.2117277377374352,-0.6222188510077143,-0.07471604200986073,0.27253165449643507,False,True
-1.4055615036432147,-0.5232095034498154,-1.1069016368589868,-0.9205168308419809,-1.0133176909172688,-0.4202289483659291,-0.43250464709060615,False,True
1.363928493521079,-0.5141880004053625,0.28815450088375383,-0.12286616432320659,-0.6437480810855216,0.16318956633151763,0.07509439416130013,True,False
0.5935088222565928,-0.34478422101507983,-0.6544509975910708,-0.5256657464192869,0.010409294355547334,-0.49684732398112214,-0.3480682775245882,True,False
0.8036979774501247,2.1588499386918003,0.7406051401516697,0.43682162184995066,-0.4561628015571071,0.14131929276271957,0.2220705688292619,True,False
1.3698446855359088,-0.39289890391882876,1.5323937588705225,0.11339346652097056,0.4938958847718548,-0.15710976304595317,-0.24132156785756262,True,False
-1.4997823394349465,-0.5141880004053625,1.0799431196026066,0.7630506763590764,2.0895523563640195,-0.432811597480428,-0.2808740822198102,True,False
-0.31577702268931207,-0.49982042148271527,-0.7298594374690568,-0.6109796214469664,-0.30130865055666395,-0.4713742487234245,-0.339003294629999,True,False
0.5563682834968288,-0.5232095034498154,-1.1823100767369727,-0.9361110262773864,-1.0554271530314243,-0.5023209272170217,-0.45768632699177997,False,True
-0.9543970829567594,-0.49982042148271527,0.06192918124979592,0.20056199100577352,-0.8707446910415905,0.49989763572928675,0.8041528996354403,True,False
1.53856571706994,-0.5232095034498154,-1.0691974169199938,-0.9131739329913288,-1.1624778536689573,0.43645935875489267,-0.2416702921691449,False,True
-0.12317210487319052,-0.5141880004053625,1.4946895389315296,0.4859130574803412,1.9663872968264167,-0.38581826958853227,-0.3067238114942428,True,False
-0.055574133148192234,-0.34478422101507983,-0.9183805371640218,-0.8104490630600413,0.7434079384566593,-0.5919142167872135,-0.4535141409038717,True,False
-1.4618201073397896,-0.39289890391882876,1.0422388996636136,1.4997250107263018,0.578598611923263,-0.26150652421224363,0.045233681029319496,True,False
-0.501205818709668,-0.39289890391882876,1.1930557794195855,1.9405259816989526,0.6137301472619838,-0.2442830802924452,0.12801834870710738,True,False
0.6428652019358663,2.1588499386918003,1.8340275183824664,0.5940883258162365,-0.07981995080200484,0.1680114064478171,0.04258557807078853,True,False
1.7271169477647894,2.1588499386918003,0.8537177999686487,0.6189179185483384,0.565219600319163,-0.290184101474641,-0.14146823790944987,True,False
-1.081430872608519,-0.5232095034498154,-1.0691974169199938,-0.9076856845978002,-1.03946165656923,-0.32271794386133806,-0.39716221187931167,False,True
-0.44911046124575116,-0.5141880004053625,0.32585872082274686,0.37092479113868626,0.5042790398137016,-0.36912589191433376,-0.1850456365208587,True,False
-0.22632200824285972,-0.20912754560589883,-0.239704578262148,-0.6428493121183533,0.8649727267870959,-0.49772841116132205,-0.4240179957090889,True,False
0.7167628225655444,-0.3922306444340545,-0.013479258628190058,0.090115723334625,-0.47529162482416487,-0.14219766426325456,0.059568291414616475,True,False
0.9371957546736425,2.1588499386918003,1.4946895389315296,0.17092544968071893,0.9347333867367068,-0.26211604342594363,-0.2799797244414931,True,False
-1.3440988421558178,-0.5232095034498154,-1.1446058567979798,-0.9249074295568038,-1.0017622441771492,-0.4851578317342232,-0.4430409558785343,False,True
0.06702251249244487,-0.5335675254638169,-0.39052145801811994,-0.2018969411900188,-0.5143680147665982,-0.27462023957234244,-0.07098743056396555,True,False
1.2632436701575889,-0.20912754560589883,-0.27740879820114095,-0.4306622742278603,-0.7104570610586757,-0.06424558819036166,-0.08668322935414856,True,False
1.1216932982472196,-0.20912754560589883,-0.013479258628190058,-0.5568919872790187,0.8921587295041886,-0.46762661078572487,-0.4090230070234696,True,False
-1.3015899069381527,-0.5232095034498154,-1.0314931969810008,-0.9249074295568038,-1.0700342797480005,-0.17701871241225134,-0.42554011209760095,False,True
-0.18479910502766628,-0.5141880004053625,1.9094359582604523,0.6856852990047831,-1.0489330291790866,5.05481661517787,3.315488330123935,True,False
1.0364563095891182,-0.5232095034498154,-1.1069016368589868,-0.9291466283159432,-1.1538624400768873,0.09766323343692355,-0.37708170145346065,False,True
-0.7679822549339319,-0.5232095034498154,-1.1823100767369727,-0.9380792257012724,-1.0708902387657873,-0.48710105140562304,-0.4605564679419367,False,True
-1.1066842477829306,-0.5141880004053625,-0.7675636574080498,-0.348981998136586,1.6260877638420252,-0.5921435408478135,-0.399180738363581,True,False
-1.4811572904993717,-0.39289890391882876,-0.4659298978961059,-0.18785459530036971,-0.3791450977610444,-0.36122628151103453,-0.13073434610296508,False,True
0.5109560318274418,-0.5232095034498154,-1.0314931969810008,-0.9299036280943609,-1.1800808369477866,1.3159533402180124,-0.30705002406675813,False,True
-1.0628058236729439,-0.39289890391882876,0.47667560057871877,-0.45783856627305725,-0.17399405056326925,-0.14706778312915414,-0.29956413819642597,False,True
-1.4555752379908027,2.1588499386918003,-0.5036341178350989,-0.3791105893176121,-0.24379192612234898,-0.4121603623390299,-0.2553448298433377,True,False
1.642263415996538,-0.39289890391882876,-0.202000358323155,-0.19076904444727802,-0.5735966572364865,-0.1529095118307536,-0.026492653119809098,True,False
-0.0038074530184326006,-0.39289890391882876,0.06192918124979592,-0.010073197338963093,-0.3723718568376892,-0.17680749288275135,-0.05221749043148904,False,True
0.5162696487296499,-0.5141880004053625,1.0422388996636136,0.3060499101282858,1.7728847353924337,-0.41423634857182967,-0.31868976067191235,True,False
1.1493569738721177,-0.39289890391882876,0.9291262398466347,0.3279272037245585,0.03156636833866477,-0.12082828272155648,-0.08641977227003822,True,False
-0.6113675052080242,2.1588499386918003,-1.0691974169199938,-0.7801312219344108,-0.43993679582862993,-0.5710457272726154,-0.3978850792569258,True,False
-1.385676524926704,2.1588499386918003,0.21274606100576787,-0.4242656261002304,0.7396305540955572,-0.4194142444664292,-0.3773337028597026,True,False
-1.576857174294811,-0.39289890391882876,1.2684642192975715,-0.1972413925527497,2.1030430147965267,-0.4167468435510295,-0.3931885177419933,True,False
-1.6788019274392372,-0.39289890391882876,-1.0314931969810008,-0.6321756152426631,2.0954882460743227,-0.6231807419969105,-0.4436083018509965,True,False
-1.4136688778857591,-0.39289890391882876,0.32585872082274686,0.26600462184998724,-0.10125614185613967,-0.2198661026822474,-0.06088334246475072,True,False
0.7451934119701424,-0.39289890391882876,1.2684642192975715,0.19075884387526376,1.621007833149509,-0.378190227151733,-0.32570959947777334,True,False
1.3372508498986526,-0.39289890391882876,0.7029009202126767,1.0051392054970703,-0.35125199846404065,0.0329334999107295,0.3903621791315372,False,True
1.06286005543308,-0.5141880004053625,-0.5790425577130849,-0.7423190830024445,1.9618283846664661,-0.5798988429805146,-0.45543263001512735,True,False
0.339496022508767,-0.39289890391882876,0.1373376211277819,-0.42437917606699305,-0.8981912030249662,0.6701285068188713,0.15444948105803497,False,True
-0.7479877171060353,-0.5232095034498154,-1.1069016368589868,-0.9176402316839934,-1.1568396888344061,0.13589396827642006,-0.29485735119611856,False,True
-1.4853753162877226,-0.5232095034498154,-1.0691974169199938,-0.9311526777287502,-1.159705290763518,0.3815905598344976,-0.38022890212574395,False,True
0.36485895679456454,2.1588499386918003,1.3438726591755574,1.2510505835160737,1.3505433913336664,-0.34145613354983634,-0.15019904724061112,True,False
-0.1308960222258848,2.1588499386918003,1.3438726591755574,0.6608178562837603,1.4145170240108502,-0.34880657317643565,-0.24470998028600244,True,False
1.3904417984764268,-0.5141880004053625,-0.5790425577130849,-0.47388696157551335,-1.0857206591391775,0.9263377961023479,0.930463188141221,True,False
0.22046004798816626,-0.5141880004053625,0.5897882603956978,1.0632389384906318,-0.4455191372489776,0.07205135677412589,0.5261801082677618,True,False
0.5734595048730033,-0.39289890391882876,0.9291262398466347,0.3652472928005532,-0.1771759851728674,-0.01564095703056606,0.006653880655159237,True,False
1.6876208881102321,-0.5232095034498154,-1.1823100767369727,-0.936565226144437,-1.18050881645668,0.01793691331623087,-0.3804277936930036,False,True
-1.391428378274455,-0.5141880004053625,0.1750418410667749,0.8007492653242799,-0.4663598785516086,-0.07313491296046082,0.4190382090567601,True,False
0.7596004351173665,2.1588499386918003,1.1930557794195855,1.0843592323084867,1.6520828670561103,-0.388902074719232,-0.2072985571913467,True,False
-1.2459338783541993,-0.5325651362366555,0.09963340118878891,-0.10325987006218708,-0.3694132158849049,-0.16514817485435243,-0.09619426280847565,True,False
0.33840043139490966,-0.39289890391882876,-0.9560847571030148,-0.7182464900487603,0.422200013129857,-0.5886493663455138,-0.42660373496026366,False,True
-1.2288974365337177,-0.5141880004053625,-0.6544509975910708,-0.4469377694638418,1.4926884117004517,-0.5771650587844148,-0.40913431201944817,True,False
-0.10821728616903774,-0.5141880004053625,0.5897882603956978,0.5680475334386662,1.1857154569955357,-0.4142846273214297,-0.23716425377826875,True,False
0.612024312080782,-0.34478422101507983,-0.202000358323155,-0.2151444373123293,-1.0012040100351145,0.8307760461128566,0.8388569511344952,True,False
1.7108474197240078,-0.5232095034498154,-1.1069016368589868,-0.9120384333237022,-1.059911633972437,-0.3529163017361353,-0.3970410183296601,False,True
-0.7633807722557311,-0.39289890391882876,-0.239704578262148,-0.49057880668962456,-1.0487841667412108,1.186336967229424,0.5772192198587885,False,True
1.0900307150567423,-0.5232095034498154,-0.9560847571030148,-0.9005320366917525,-1.1434420694255718,0.6213971439413757,-0.23698196589185935,False,True
-0.7147913063561577,2.1588499386918003,1.5700979788095155,0.5677068835383782,-0.14559854053843424,0.14441516758081924,0.06524429771605543,True,False
0.3740071425952734,-0.5141880004053625,-0.8806763172250288,-0.49114655652343786,-0.13847175132512385,-0.5391696828492183,-0.31744720356861844,True,False
1.0640104261026304,-0.20912754560589883,-0.6921552175300638,-0.7931894681121168,0.42074860436056666,-0.5405275226817182,-0.4442110883371377,True,False
-0.48197819466147157,-0.5141880004053625,2.1356612778944104,2.430494088279836,0.24384420474975046,0.049493111023527984,0.41167480961354075,True,False
-0.5973987185063431,-0.5232095034498154,-0.9560847571030148,-0.8823640420097267,-1.1753730623499603,1.6548761972536816,0.14066828491110295,False,True
1.5732411758235252,2.1588499386918003,1.1176473395415996,2.1951050071808393,-0.5394885511581625,0.40459538401889544,1.3122428425415569,True,False
-0.2198032411154085,-0.39289890391882876,0.8914220199076417,1.2984009196561033,0.37065639401531375,-0.2397328081426456,0.0652170689331603,True,False
-0.6695433933538493,-0.5232095034498154,-0.9560847571030148,-0.908404834387297,-1.080975668931882,0.02945742993952977,-0.37344980493878094,False,True
0.6504795601771748,-0.5141880004053625,1.1176473395415996,2.0591856969659337,0.3671767345299639,-0.1962396895967496,0.25170940068203634,True,False
0.27480136723549065,-0.49982042148271527,-0.239704578262148,-0.6980345959650066,-0.8125022622226301,0.11076487910962238,-0.24304509888328904,True,False
0.5413039056812903,-0.34478422101507983,-0.315113018140134,-0.16658290152683117,-0.4176818613661774,-0.2911979552162409,-0.10355188739903498,True,False
1.4037532305097935,-0.5141880004053625,1.3815768791145504,0.10915426776183121,-0.3304484727708786,0.24565570549201,-0.020555516913689908,True,False
-0.018543153499813912,-0.5141880004053625,0.02422496131080293,0.7520741795720192,-0.2876505218815467,-0.23158576914764636,0.2254493434439001,True,False
1.183484637068774,2.1588499386918003,2.0602528380164244,1.359566501752257,-0.5807606620592659,0.9158311332206489,0.9210228084812437,True,False
0.014598477694370823,-0.39289890391882876,-0.08888769850617603,0.14938880598473417,-0.634983805055576,-0.042809823367963615,0.24766933883504264,False,True
0.27041900278006126,-0.39289890391882876,-1.0691974169199938,-0.6826675004631265,-0.148501358077015,-0.5908641539834135,-0.3851295267177809,True,False
-1.1867719582059026,-0.39289890391882876,1.3061684392365644,2.2204266497689127,-0.4497431089237072,0.3549950036486,1.1146267576644846,True,False
1.3275000889853221,-0.5141880004053625,0.21274606100576787,0.26509622211588596,1.8843268779473061,-0.5022062651867216,-0.3295837655574416,True,False
0.3296904820397437,-0.5232095034498154,-1.1069016368589868,-0.9137038328362213,-1.0730301363102537,-0.32595262008453774,-0.3938743774817329,False,True
0.6836759709270525,-0.39289890391882876,0.4389713806397258,0.2026437403964223,2.0737915457539047,-0.4898589749765228,-0.34556981925547636,True,False
-0.855903441820984,-0.5141880004053625,-0.9560847571030148,-0.8396692545069661,0.30595705695348485,-0.5844491151303141,-0.4532809449879746,True,False
0.533141751883053,2.1588499386918003,1.5700979788095155,0.7834518203874345,-0.49907239927484576,0.5337229346677838,0.4508312725135048,True,False
0.1422896220144446,-0.5141880004053625,-0.6921552175300638,-0.1550386549059606,-1.0606373383570822,0.4514800847241912,1.4990443757298075,True,False
1.3484258792599975,-0.5232095034498154,-1.1823100767369727,-0.934218526831342,-1.1655109258406795,-0.18478555625415063,-0.39249647569730284,False,True
1.1226245506939985,-0.5325651362366555,0.02422496131080293,-0.15132935599171368,0.23792692284418188,-0.38065847822503274,-0.26945961188212436,True,False
0.40424545733773615,2.1588499386918003,0.47667560057871877,-0.5170359489453247,-0.40636831608760615,-0.004307520561967139,-0.27588189056103574,True,False
-1.4866900256243514,-0.39289890391882876,0.32585872082274686,0.3884114860201361,-0.694696250448561,0.26386886377860835,0.5084282738756923,False,True
-0.8107650879300613,-0.39289890391882876,0.5897882603956978,-0.4260445755795121,-1.064377507108715,3.0225166159223567,0.8527416479989125,False,True
-0.571816665997774,-0.3922306444340545,-0.9183805371640218,-0.8019328155528417,-0.03700339210793854,-0.5577026878519166,-0.43313679364854824,True,False
-1.2903600980211147,-0.39289890391882876,-0.9183805371640218,-0.8046580147551455,-1.0234403366928324,-0.11445548777435711,-0.1963411307896295,True,False
-1.5564244000213714,-0.5141880004053625,-0.16429613838416202,0.47501226067112573,0.851593715182996,-0.4859182220404231,-0.21523224096489463,True,False
-0.2124080010968714,-0.5232095034498154,-0.9937889770420077,-0.9005698866806734,-1.087562831807892,-0.024101807897965295,-0.3441336361222193,False,True
-1.5471666551092769,-0.5141880004053625,-0.013479258628190058,-0.4607151654310447,0.7876759059200159,-0.45844761351802565,-0.38681143492487735,True,False
-1.4801164789412073,-0.5325651362366555,-0.7298594374690568,-0.6120394211367512,-0.6892441636613548,-0.34421405712073605,-0.23560219922963677,True,False
-1.3157778118626053,2.1588499386918003,-0.7675636574080498,-0.7701766748482174,-0.3206421596758013,-0.4802092599002236,-0.40456189024765465,True,False
1.0458236136125985,-0.39289890391882876,0.36356294076173984,-0.05182173511870154,0.41468246001712217,-0.3471409563152358,-0.26878085121498996,False,True
0.47737616418771406,-0.5232095034498154,-1.0691974169199938,-0.9205546808309018,-1.1883799178593701,1.5084889936227945,-0.11401704091287086,False,True
-0.9111212339593943,2.1588499386918003,1.0045346797246206,1.618611825926808,1.9811618937856033,-0.432696935450128,-0.17098484191060373,True,False
1.7095874899430719,-0.5141880004053625,-0.8429720972860358,-0.6243406675360395,1.658670029932121,-0.6005440432782126,-0.43701661704656186,True,False
-1.0930441384154066,2.1588499386918003,0.9668304597856276,1.935416233194633,-0.9688822532113017,2.054328536600345,4.038680353186306,True,False
1.502630328535419,-0.39289890391882876,-0.35281723807912696,0.03481688952120898,0.21023850939925776,-0.45436805917682604,-0.21503787055093868,False,True
0.23119684090396828,-0.49982042148271527,-0.35281723807912696,-0.2849398168824451,-0.09963726284423884,-0.40178646601873086,-0.2518618336340842,True,False
0.695398795845326,-0.39289890391882876,-0.7298594374690568,-0.5685876338555729,1.3860842983765465,-0.5830852404541143,-0.42424663912919836,True,False
1.053821428743757,-0.5232095034498154,-0.9937889770420077,-0.8883821902481478,-1.2025218494575842,5.93753923802049,1.3570864148178845,False,True
-0.0806083900998326,-0.5141880004053625,0.5897882603956978,1.2487038842029787,0.9485589856544342,-0.38914950331093195,-0.0893149637004585,True,False
-1.5252000532764372,-0.39289890391882876,-0.239704578262148,-0.2013670413451264,1.3685185307071859,-0.5261525249883194,-0.3691015916256239,True,False
0.4632978183746472,2.1588499386918003,-0.8806763172250288,-0.6894804984688861,-0.7652198303922859,-0.39356700889933155,-0.26065552382358603,True,False
-1.5368133190833249,-0.5232095034498154,-0.9937889770420077,-0.9119627333458604,-0.9964590198278189,-0.2829603935657417,-0.4210661605746257,False,True
-0.16184647119235485,-0.5141880004053625,1.3438726591755574,-0.01037599725033019,-0.3639425212929642,0.26746563062380807,-0.05659673280371505,True,False
-1.2414967343430772,-0.5325651362366555,-0.27740879820114095,-0.1570825543076885,0.576979732911362,-0.48055928083482363,-0.31055581409743377,True,False
-1.179595836410137,-0.5232095034498154,-1.1069016368589868,-0.9345970267205509,-1.142921050893006,-0.015731479686066058,-0.42218023700075946,False,True
0.8039718752285892,-0.5335675254638169,-0.5413383377740919,-0.5375884929293663,0.6656831380806859,-0.5300570688622191,-0.39651216876305806,True,False
0.30712130509428237,-0.5232095034498154,-0.9937889770420077,-0.8923564390848409,-1.0481142857707688,-0.17103214746185189,-0.3573558469042716,False,True
-0.6173384767785467,-0.39289890391882876,-0.202000358323155,0.5150575489494242,-0.180264880758793,-0.3395129138784365,0.06390359162440334,True,False
-1.3408120688142455,-0.5232095034498154,-0.9937889770420077,-0.9132874829580915,-1.1099294130987516,0.10845956881622261,-0.36191253474914326,False,True
-0.1433309813681657,-0.5232095034498154,-0.9560847571030148,-0.8947788383757777,-1.156002337621354,0.8928866574732509,-0.14690877596490845,False,True
-1.3316638830135368,-0.5141880004053625,0.8537177999686487,1.3056681175289138,0.5139178826661686,-0.279695543124042,0.021642757556416467,True,False
-1.3214748856546634,-0.39289890391882876,0.1373376211277819,0.9242537791731344,1.1897161350134515,-0.4707164507601245,-0.18049578917310002,True,False
-1.2798972028837772,-0.39289890391882876,0.25045028094476085,0.25374122543961986,0.5024554749497213,-0.38191976055833265,-0.2110245516783395,False,True
1.4699817133424702,-0.5335675254638169,-0.8052678773470429,-0.8426972536206371,-0.9119051551142868,-0.1981708395807494,-0.34936751751002987,True,False
0.87792427541396,-0.5232095034498154,-1.1446058567979798,-0.921500930553924,-1.0090751114378047,-0.47951525287472374,-0.43533277344108406,False,True
0.07102142005802418,2.1588499386918003,1.7209148585654874,1.3630487007329786,1.9540503222874481,-0.3635557311792343,-0.19941097821162757,True,False
0.32645848825386453,-0.20912754560589883,-0.013479258628190058,-0.35579499614234567,-0.39285904985036496,-0.1924980865027499,-0.2036393065238362,True,False
1.4026028598402434,2.1588499386918003,0.4012671607007328,-0.27419042002891314,-0.002485914325455701,-0.235858438487246,-0.26673547205763243,True,False
1.5393874104053331,-0.39289890391882876,1.7963232984434734,0.33311265220672004,1.887732106213719,-0.3503273537888355,-0.32130286974715994,True,False
0.18288127278285926,-0.39289890391882876,0.32585872082274686,0.752452679461228,-0.7764775522566535,0.433309170343493,1.0131919643345797,False,True
1.2282943136255395,-0.39289890391882876,0.28815450088375383,-0.2873622161733818,1.2056630236709114,-0.4532938569982261,-0.3753234272843221,True,False
0.8714602878422016,-0.39289890391882876,0.6274924803346907,-0.24701412798371622,0.5905262147580723,-0.3324702512805372,-0.33101963526585965,False,True
0.5088196291554199,2.1588499386918003,1.3438726591755574,-0.02865754189911865,1.1747554600069199,-0.3192298042027384,-0.33225694250309895,True,False
1.395371958488785,-0.5232095034498154,-0.9937889770420077,-0.9270648789252943,-1.0020413612481667,-0.27347965411304254,-0.446902365567252,False,True
-1.2114775378233857,-0.39289890391882876,-0.239704578262148,0.2983663623773457,-0.2145218492749929,-0.3403215829342364,-0.0009290493809733366,True,False
0.43914003431409265,-0.5141880004053625,-0.27740879820114095,-0.670782603941968,0.229423156080519,-0.44132676194112724,-0.4068046565330444,True,False
-1.1087110913435667,-0.5232095034498154,-1.1069016368589868,-0.9273298288477406,-1.0179138186866883,-0.41500880856542965,-0.44474550119463346,False,True
-0.9691875629938337,-0.5141880004053625,0.25045028094476085,0.6579791071146939,2.0346035089830643,-0.5052900703174215,-0.28996239959366893,True,False
-0.5073411289472691,-0.5232095034498154,-0.9937889770420077,-0.9026894860602431,-1.0543479003568237,-0.1526379438642536,-0.37743684313862313,False,True
1.4393051621544644,-0.39289890391882876,-0.8429720972860358,-0.38285773822077995,1.3875915305600404,-0.5960661892528131,-0.3967829678240239,True,False
-0.7918661412160221,-0.39289890391882876,0.21274606100576787,0.5234223965009402,-0.7343866979472325,0.2687027735823079,0.6984731821480978,False,True
1.043468092717805,2.1588499386918003,-0.5790425577130849,-0.3492090980701113,-0.716858145887341,-0.23733094035004584,-0.01856588819958388,True,False
0.9978367228256466,-0.39289890391882876,0.8914220199076417,0.815132261114217,-1.009242581680415,2.475343372487106,2.8243722071318373,False,True
0.8218847899401567,-0.5141880004053625,0.28815450088375383,-0.12286616432320659,1.8423290626615576,-0.4929186407324225,-0.37640715635041194,True,False
0.1352230593300647,-0.5232095034498154,-1.1823100767369727,-0.9311148277398292,-1.1200148432648462,-0.40576946286073046,-0.42201685646776765,False,True
0.9370861955622567,-0.5141880004053625,0.7029009202126767,1.062216988789768,-0.7103826298397378,0.5148700829489854,1.0540950028215637,True,False
-1.2099984898196785,-0.5232095034498154,-1.1823100767369727,-0.9294494282273102,-1.0355540175749869,-0.5180054859933202,-0.4458283918492787,False,True
-1.397289790733592,-0.39289890391882876,2.0225486180774315,3.59892324626762,0.4037782864427098,-0.039816540892763895,0.6016773976970492,True,False
0.15910694561215485,-0.39289890391882876,0.25045028094476085,-0.18834664515634122,-0.44542609822530504,-0.05945392229256211,-0.10087067894187612,False,True
-0.9218580268751962,-0.39289890391882876,0.6651967002736837,1.3247445119450407,0.7042757251000225,-0.345058935238736,-0.02430266757732067,True,False
1.6270346995139209,-0.39289890391882876,1.7209148585654874,1.1806496041232235,-0.8653112120591188,1.8971872414960596,1.8654415621515894,True,False
-0.6370043372722861,2.1588499386918003,0.5143798205177118,-0.04164008809898292,-1.0204630879353136,2.077025583756043,1.3143865744134182,True,False
0.20353316527907026,-0.49982042148271527,-0.27740879820114095,-0.11181396755830757,-0.5743037538163972,-0.1874529571695504,0.02152020844433584,True,False
0.9621204525138971,-0.5141880004053625,-0.35281723807912696,0.20287084032994762,1.3101272394503496,-0.5367859195877185,-0.3048551255899171,True,False
0.12815649664568482,-0.5232095034498154,-1.0691974169199938,-0.9273676788366615,-1.0448951355517018,-0.312440605040239,-0.4392153236351978,False,True
1.4049036011793437,-0.5232095034498154,-0.9937889770420077,-0.9111678835785217,-1.0933498590803192,0.005517204981632007,-0.37134295533485867,False,True
1.1270069151494277,-0.5232095034498154,-1.0314931969810008,-0.9101459338776579,-1.0940197400507607,-0.08413643302555979,-0.3674757081085131,False,True
-0.05393074647740621,-0.5232095034498154,-1.1823100767369727,-0.9346727266983926,-1.1160885964658684,-0.41526830684452953,-0.43826518407114523,False,True
-0.5667221673183374,-0.5141880004053625,-0.8429720972860358,-0.46279691482169344,0.806786121382339,-0.5824214076471143,-0.3880900280490446,True,False
-0.7694065233819465,-0.39289890391882876,-0.27740879820114095,0.127322262443857,0.48989520675393905,-0.4722311965288244,-0.23761292143541296,False,True
-1.0278564671408945,-0.5232095034498154,-1.1823100767369727,-0.9293737282494685,-1.1725446760303175,-0.10778698548585772,-0.33327983580792314,False,True
0.9950429654853103,-0.5232095034498154,-1.0691974169199938,-0.9180944315510441,-1.0819804903875445,-0.21974540580824745,-0.40081912753177107,False,True
-0.978116630571771,-0.5325651362366555,-0.6921552175300638,-0.760259977750945,-0.7221055468224677,-0.30142098044404003,-0.3352454640149766,True,False
0.04122134176110435,-0.5141880004053625,0.02422496131080293,0.7881073690247037,0.14782793231977134,-0.36327209352533435,0.010108410053403129,True,False
1.6391957608777374,-0.39289890391882876,0.5520840404567048,0.024824492446094793,0.1360491919228377,-0.2444158468538452,-0.2033287965357588,False,True
-1.116051551806411,-0.5232095034498154,-1.1823100767369727,-0.9337643269642913,-1.0221191825566833,-0.5267741138894193,-0.45685948875942184,False,True
-1.716818939090087,-0.39289890391882876,-0.5036341178350989,-0.4139325791248282,-0.4832929808599965,-0.3363747951544368,-0.20008478676630448,False,True
0.04993129111627025,-0.39289890391882876,-0.9560847571030148,-0.6816077007733417,-0.6387797972214123,-0.487487281402423,-0.3035757645748941,False,True
-1.5496865146711487,2.1588499386918003,-0.9937889770420077,-0.6369447138466949,2.125874791205748,-0.6200064142107109,-0.4444897778684274,True,False
1.4553007924167818,2.1588499386918003,-0.39052145801811994,-0.4560974667826964,1.71218607634852,-0.5552827155282167,-0.4156588220452468,True,False
1.324706331644986,2.1588499386918003,0.21274606100576787,-0.06408513152906896,1.005424436923042,-0.4462511944003268,-0.32713070687627066,True,False
1.6214471848332483,2.1588499386918003,0.8160135800296556,1.2446539353884438,1.6034606732848828,-0.42436281630042877,-0.1806795579918741,True,False
-0.7660101909289887,2.1588499386918003,-0.16429613838416202,0.41025092962748794,0.2002461182568355,-0.4133431917042298,-0.11093893474636304,True,False
0.7445908368575209,-0.5232095034498154,-1.1823100767369727,-0.9299036280943609,-1.006097862680286,-0.5357539613150186,-0.4515064980971395,False,True
1.711997790393558,-0.5232095034498154,-1.1823100767369727,-0.9375493258563801,-1.036391368788039,-0.5174201061544202,-0.4631894794944659,False,True
0.8946868194559774,-0.5232095034498154,-1.1446058567979798,-0.9295629781940729,-1.1937575734276384,0.9825885742300428,-0.18657738288755157,False,True
-1.0399079693933253,-0.5141880004053625,0.28815450088375383,0.18905559437382383,1.1444433460944323,-0.4483573548516266,-0.29480565960453314,True,False
0.5102438976034345,2.1588499386918003,-0.315113018140134,-0.6851277497429842,1.9700902499685806,-0.5553792730274167,-0.44857839705861574,True,False
0.7566423391099517,2.1588499386918003,1.5323937588705225,1.1553279615351502,-0.8428143761351179,1.5923371119905871,1.6972340202267768,True,False
0.5105725749375917,-0.5141880004053625,1.1553515594805925,0.2319396318211889,0.390175981181796,-0.19566034460154966,-0.19743467788880345,True,False
1.3657909984146366,-0.5232095034498154,-1.1823100767369727,-0.9377764257899054,-1.1149907359865334,-0.4177727669800294,-0.45074237617508145,False,True
-1.0867992690664199,-0.5141880004053625,1.0045346797246206,1.6299668226030741,0.8039019116484928,-0.3097188905315392,0.011453692147705858,True,False
-0.31501010890961195,-0.39289890391882876,-0.9183805371640218,-0.7140451412785419,1.3593262751683468,-0.6042675418411123,-0.4454370025814765,True,False
-1.1577935732443758,-0.39289890391882876,1.7586190785044804,2.9092964481290573,-0.4900848295880861,0.596630145396578,1.569760337896433,True,False
0.9941664925942245,-0.5141880004053625,0.5520840404567048,1.1239881707086556,0.1568341098112655,-0.25046879508494463,0.10124537955543633,True,False
-0.9072318855052007,-0.5141880004053625,0.9668304597856276,-0.08781707458246515,1.2314906566423862,-0.3726623103225335,-0.3450024184336674,True,False
-0.3404826023067952,2.1588499386918003,-0.08888769850617603,0.42395262561684904,1.0490783468301605,-0.48974431294622284,-0.24702513987359878,True,False
-0.5808005131314042,-0.39289890391882876,2.1356612778944104,2.6962010105044634,0.8149177320513122,-0.14552889798565422,0.21117569418980436,True,False
-0.4299376167532476,-0.5232095034498154,-1.1069016368589868,-0.9230906300886013,-1.0978529478260661,-0.2583382312697439,-0.406534727226007,False,True
-0.6711867800246353,-0.39289890391882876,-0.6921552175300638,-0.4372103223111738,0.1177763276735666,-0.5171002594383203,-0.3331286004874457,True,False
1.685977501439446,-0.39289890391882876,-0.27740879820114095,-0.4198371773964866,0.16410976146245182,-0.4317494649892281,-0.33321284124856965,True,False
-1.7112314244094144,-0.34478422101507983,-0.27740879820114095,-0.6392914131597899,0.13206712170965643,-0.42671037049972854,-0.3925000487404684,True,False
-0.8265963795253,2.1588499386918003,1.9471401781994453,0.46059141489226774,0.8368563338332782,-0.17821964630855128,-0.2160365282800809,True,False
0.15373854915425386,-0.39289890391882876,0.8537177999686487,0.41543637810964945,0.41706425902313726,-0.25809683752174395,-0.15876571598354566,False,True
-0.08663414122604801,-0.39289890391882876,-0.9183805371640218,-0.7927352682450661,1.7023053320345052,-0.6088841972716119,-0.4599001014795547,True,False
0.9978367228256466,-0.5232095034498154,-0.9560847571030148,-0.9253616294238545,-1.0890142405771825,0.07259449270712585,-0.418687023141752,False,True
0.3837031239529109,-0.5232095034498154,-1.1823100767369727,-0.9339157269199749,-1.0485422652796623,-0.508180760449721,-0.45351740052219813,False,True
-0.20747784108451334,-0.5232095034498154,-1.1069016368589868,-0.9229392301329177,-0.9972033320171986,-0.4368006291661276,-0.44032794263582975,False,True
-1.2282948614210962,2.1588499386918003,1.9471401781994453,0.3640739431440057,0.11072396967919401,0.07674646517272544,-0.09942356511735609,True,False
0.9258016070895261,-0.39289890391882876,2.0225486180774315,0.24670112750033485,1.60063228696524,-0.29649051314114044,-0.31693726135543393,True,False
1.094358299956479,-0.5141880004053625,-0.8806763172250288,-0.5797155305983136,0.7376209111842321,-0.586012139648614,-0.407903766923112,True,False
1.510902041445042,-0.5232095034498154,-1.1446058567979798,-0.9303578279614115,-1.146810082082515,-0.14558924642265417,-0.3947124598301931,False,True
1.7483714153736218,-0.5232095034498154,-0.9937889770420077,-0.9079884845091672,-1.1843792398414545,1.9686277212166527,-0.001835842289780968,False,True
0.43234736940817714,-0.5232095034498154,-0.9560847571030148,-0.8917508392621067,-1.0793567899199812,0.021364704537830504,-0.3272496280958389,False,True
1.1981107784387697,-0.39289890391882876,-0.39052145801811994,0.052303584402658816,1.6579629333522101,-0.5536170986670169,-0.3462626056841597,True,False
1.3046022347057036,2.1588499386918003,-0.7298594374690568,-0.3115862090827496,0.6982840119755157,-0.5613416986030162,-0.35242090229235523,True,False
-0.07721205764687483,-0.5141880004053625,-0.39052145801811994,0.2708115704429399,-0.5939908112254899,-0.22728292558954677,0.27497407240431926,True,False
-0.40786145580902206,-0.39289890391882876,0.32585872082274686,-0.334901802258016,-0.452459848414943,-0.02459063023766529,-0.17145794886957524,False,True
-1.1839234213098735,2.1588499386918003,0.8160135800296556,1.815053268426212,0.19784571144608598,-0.20622132107654867,0.2728570991780946,True,False
0.6294989903468067,-0.5232095034498154,-0.9937889770420077,-0.9079884845091672,-1.0976668697787213,0.029511743532829746,-0.35683768512468217,False,True
1.3801980215618606,-0.5141880004053625,0.8160135800296556,0.6992355950384608,-1.129114059780013,6.59189130556773,6.941562649321686,True,False
-0.28214237549389154,-0.39289890391882876,-0.5036341178350989,-0.2632896232196977,-1.070090103162204,0.9120593559081492,1.339764348565163,False,True
-0.8578207262702343,-0.5141880004053625,1.6078021987485085,2.4087681946392467,1.101236023500942,-0.2749883650380424,0.07789819090864443,True,False
0.8406741775428103,-0.5141880004053625,-0.27740879820114095,0.20309794026347294,1.9290786483337596,-0.5506600252540172,-0.339323129007039,True,False
0.6992881442995197,2.1588499386918003,1.0045346797246206,0.6329981144269083,1.4693170089539296,-0.3924807370333317,-0.25350845020430024,True,False
-1.5043838221131476,-0.5232095034498154,-1.1823100767369727,-0.9401988250808422,-1.0592231451972607,-0.49887503146432194,-0.46728279222161945,False,True
0.1739522052049219,-0.5325651362366555,0.25045028094476085,-0.6364905139796443,-0.15170190049134763,-0.22088599126754735,-0.36810680469324436,True,False
-0.1753770214484931,-0.5232095034498154,-1.0691974169199938,-0.9281246786150792,-1.1829836544863674,1.1401643780807285,-0.2693038554083432,False,True
-0.8825263058877175,-0.39289890391882876,-0.126591918445169,-0.10394116986276306,-0.8219550270277522,0.21473920121691284,0.34570004849455355,True,False
0.7191183434603377,-0.39289890391882876,0.47667560057871877,1.008167204610741,1.1510119011657083,-0.4251654505125287,-0.1619283371579117,True,False
1.4046844829565723,-0.39289890391882876,1.6078021987485085,1.764409983250065,1.1976430598303451,-0.2897194185097411,-0.04730779219036068,True,False
-1.200685965351891,-0.5232095034498154,-0.9937889770420077,-0.9209710307090315,-1.173810006752263,1.2897802230911146,-0.24911602048196987,False,True
-1.2224882285176522,-0.5232095034498154,-1.0314931969810008,-0.9310391277619875,-1.1496570762068923,0.3959534878404962,-0.39502593168299976,False,True
0.043795980878669115,-0.5232095034498154,-1.1069016368589868,-0.916126232127158,-1.1250575583478937,-0.1411717408342546,-0.35416797152349666,False,True
1.6444545982242527,-0.5141880004053625,0.5143798205177118,0.22876023275183438,-0.12706516702288018,-0.15817189553715308,-0.06412749327538264,True,False
1.5214744956937654,2.1588499386918003,-1.0691974169199938,-0.7044312440926366,1.801336068831472,-0.6249187769825104,-0.4492826626720304,True,False
-0.7805267731875986,2.1588499386918003,1.4569853189925366,2.6001377386232516,1.7177498099641333,-0.36779822630033393,-0.014274945440147922,True,False
0.5812929813370834,-0.5232095034498154,-0.9560847571030148,-0.908404834387297,-1.1563000624971058,0.9009371389690503,-0.23540435763558798,False,True
1.538620496625633,-0.5232095034498154,-1.1823100767369727,-0.9383063256347978,-1.0933498590803192,-0.4581156971145257,-0.4576657898291992,False,True
-1.5717626756153742,-0.5335675254638169,-0.8806763172250288,-0.801137965785503,-0.06880413039918543,-0.5455183384216177,-0.43156745197240765,True,False
-1.7206535079885876,2.1588499386918003,0.9668304597856276,0.010441496656157704,1.2178883513814727,-0.37114756455383363,-0.3286859209277897,True,False
0.013338547913434876,-0.5232095034498154,-0.9937889770420077,-0.9175266817172308,-1.1348452636382365,0.34361932327410116,-0.3454746399674685,False,True
-0.7668318842643816,2.1588499386918003,1.5700979788095155,2.54631505437775,-0.12870265383951549,0.13215840002612042,0.758748720020691,True,False
0.07414385473251761,-0.49982042148271527,0.1373376211277819,-0.4593904158188136,-0.6929843324129876,0.1532139696954185,-0.12108535087009568,True,False
-0.989675116822966,-0.5232095034498154,-1.1069016368589868,-0.9168832319055757,-1.1398135475023459,-0.041844248375963705,-0.333183073724478,False,True
-1.0662021561259016,-0.39289890391882876,-0.315113018140134,-0.45045781843348426,0.8581064468400682,-0.5080842029505211,-0.3880736202587187,True,False
-0.8114772221540686,-0.39289890391882876,0.32585872082274686,0.5791754301814069,-0.665202879944391,0.2151495705885128,0.5891469233704694,True,False
0.9829366836771867,-0.5232095034498154,-1.0691974169199938,-0.9338021769532122,-1.0420481414273246,-0.3178779992139385,-0.45426231733724154,False,True
-1.6852111354553025,-0.5232095034498154,-0.9560847571030148,-0.9117356334123351,-1.1605240341718355,1.0218210931237393,-0.2400407415814169,False,True
0.25519028629744417,2.1588499386918003,-0.16429613838416202,-0.24285062920241862,0.882445455432784,-0.48823560202122296,-0.35100271758048235,True,False
0.3735141265940376,-0.39289890391882876,0.1750418410667749,-0.5181714486129513,0.25958640755513074,-0.3540448175080352,-0.3684211698068424,False,True
-0.7641476860354312,-0.5232095034498154,-1.0314931969810008,-0.9103730338111832,-1.1114180374775111,0.010242487598731498,-0.3493302826391471,False,True
1.3823892037895753,-0.34478422101507983,-0.315113018140134,-0.21957288601607308,-0.6488094039733036,-0.14723675875275405,0.014192022281787143,True,False
1.008847413519913,-0.5141880004053625,0.4012671607007328,0.6184637186812877,1.824149237435959,-0.4809274063005236,-0.2818066386503903,True,False
0.67770499935653,2.1588499386918003,0.1373376211277819,0.06577818045849461,0.8368005104190749,-0.44098277585022727,-0.2901720494685301,True,False
1.2305950549646398,-0.20912754560589883,-0.9183805371640218,-0.7055288937713423,-0.28725975798212244,-0.5345349228876187,-0.38042181511419815,True,False
0.8814849465339963,-0.5232095034498154,-1.1823100767369727,-0.9299036280943609,-1.1854398847113206,0.13033587722872053,-0.2750777442870271,False,True
0.9988227548281182,-0.5232095034498154,-0.9937889770420077,-0.9003049367582272,-1.0301763620067186,-0.21701162161214768,-0.38590940607362373,False,True
-0.5352239227949386,-0.5232095034498154,-1.0691974169199938,-0.9084426843762179,-1.0380102477999398,-0.3253370660271378,-0.3994912013379325,False,True
-0.9465636064926795,-0.39289890391882876,0.9291262398466347,0.1698656499909341,-0.2923024730651698,0.06274562778872676,-0.01420077345197943,True,False
-1.2228169058518095,-0.5141880004053625,0.36356294076173984,-0.016015645599542366,-0.8095994446840495,0.5491298906338824,0.4041708469656146,True,False
0.6076967271810455,-0.39289890391882876,-0.4659298978961059,-0.5828949296676681,-0.5859336317754548,-0.26835003696804305,-0.2579188940192568,False,True
1.6482891671227533,-0.39289890391882876,-0.9937889770420077,-0.6515169595812365,1.701114432531497,-0.6165725881454113,-0.4412336934070475,True,False
0.3637633656807072,-0.5232095034498154,-0.9560847571030148,-0.917791631639677,-1.1852910222734445,2.43586945984541,-0.11621124201944497,False,True
-0.4685024239610262,-0.5232095034498154,-0.9937889770420077,-0.9079884845091672,-1.116330497927417,0.15745042997281813,-0.3334151491465753,False,True
-0.11468127374079609,-0.5141880004053625,-1.1069016368589868,-0.7972772669155725,1.4911067482980198,-0.6269344147783102,-0.4589735471346429,True,False
0.7622298537906242,-0.5141880004053625,2.0225486180774315,2.3410167144708587,1.7286539835385453,-0.31158365723483905,-0.049914389864576296,True,False
-1.7218586582138309,-0.5141880004053625,1.3815768791145504,0.42709417469728267,-0.6808148281166299,0.8294664850299568,0.5106408808559415,True,False
-0.25004155585787124,-0.34478422101507983,-0.6167467776520779,-0.4878536074873207,0.9461585788436847,-0.5551801231853168,-0.3984893701822945,True,False
0.4897563437743021,-0.39289890391882876,0.1373376211277819,0.2548388751183256,-1.0467745238298856,1.834105020299965,2.2768832026646875,True,False
-0.4015618069043423,2.1588499386918003,1.4192810990535434,0.5246335961464087,-0.6220327729603693,0.7022399101465684,0.4757473326991787,True,False
-0.047411979349954995,-0.39289890391882876,0.8914220199076417,1.8571803060951593,0.30230992722552463,-0.2215377543871473,0.2316981179675173,True,False
-0.4427012532296857,-0.5232095034498154,-1.0314931969810008,-0.9262700291579558,-1.1029142707138482,-0.03950876386406389,-0.41417660463874967,False,True
0.8198579463795206,-0.5232095034498154,-1.0691974169199938,-0.9203654308862973,-1.0153645494380628,-0.3615219888523345,-0.4317214219246061,False,True
0.1113939526036674,-0.5232095034498154,-1.0314931969810008,-0.898336737334341,-0.9938167115555211,-0.33817921342073665,-0.3979847170132695,False,True
1.1160510040108542,-0.5232095034498154,-1.0691974169199938,-0.9317204275625635,-1.0352190770897658,-0.3303037423922373,-0.4507731074805533,False,True
0.2986852535175808,-0.39289890391882876,1.1930557794195855,1.2787189254172422,-0.5251605415126036,0.4153856845544946,0.7628582211407833,True,False
-0.7524248611171576,2.1588499386918003,1.3438726591755574,1.3790213960575928,-0.03553337553391362,0.01370045303883127,0.27942975125917596,True,False
-0.8114224425983757,-0.5232095034498154,-1.1823100767369727,-0.9337643269642913,-1.1138928755071984,-0.4202289483659291,-0.4356938310200842,False,True
-1.3016994660495385,-0.5232095034498154,-0.9560847571030148,-0.9005320366917525,-1.1394599992123904,0.5541931244981819,-0.24989599386526445,False,True
1.2605594719286384,2.1588499386918003,-0.05118347856718305,-0.6619257065344804,-0.4893777330081754,-0.147954905153054,-0.3294846371164613,True,False
0.15072567359114614,-0.5232095034498154,-1.1446058567979798,-0.9277461787258703,-1.1711863062846997,0.1349464978155202,-0.32338483341885915,False,True
1.6878947858886963,-0.39289890391882876,0.28815450088375383,0.6033994230907747,1.8105655399797795,-0.49133751168302264,-0.2828349150268257,True,False
0.24007112892621277,2.1588499386918003,0.36356294076173984,0.07512712772195372,1.88293129259222,-0.487644187338623,-0.35314206934021725,True,False
0.9897841281387951,-0.34478422101507983,-0.08888769850617603,-0.5428874913782905,0.2808737361713895,-0.41073613922583,-0.37637855633384576,True,False
-0.31396929735144746,-0.5141880004053625,1.6832106386264944,0.5603261356988052,-0.4659505068474499,0.5266380281639844,0.2948139274031029,True,False
1.0151470624245926,2.1588499386918003,1.7586190785044804,2.579244544738922,-0.37964750848887563,0.43257895425579307,1.146315223416807,True,False
1.6535480044692685,-0.5325651362366555,-0.126591918445169,-0.4445910701507468,-0.8304401859866807,0.23371274980971116,0.022252243498493043,True,False
0.8718985242877446,2.1588499386918003,1.7586190785044804,1.9070287415039675,-0.3498191974994848,0.3954405261259964,0.7907090896565372,True,False
0.543440308353312,-0.39289890391882876,0.25045028094476085,-0.05814268326848968,-0.37961029287940656,-0.10550581456725788,-0.07069031948775888,False,True
-0.19789141883826156,2.1588499386918003,0.1750418410667749,-0.3527669970286747,2.126098084862562,-0.5157967331991204,-0.4117225743405776,True,False
1.0939200635109358,-0.5232095034498154,-0.9937889770420077,-0.922825680166155,-1.0819804903875445,-0.05019647205676299,-0.41457221730625843,False,True
1.0743089825728893,-0.39289890391882876,1.0799431196026066,2.2790184326184457,1.6876051662942562,-0.4036270933472306,-0.05206142053286875,True,False
1.6408391475485233,-0.39289890391882876,-0.6544509975910708,-0.4620777650321966,1.8751346224084673,-0.5853845159038141,-0.4198008409923935,True,False
1.0584229114219579,-0.5141880004053625,0.4389713806397258,0.9929515090645445,1.1495046689822142,-0.4297760710993283,-0.1642062383677623,True,False
1.0485625913972418,-0.5232095034498154,-0.9560847571030148,-0.9138552327919047,-1.024407942539026,-0.1708752415256519,-0.41623054812983507,False,True
0.836675269977231,-0.5141880004053625,1.9471401781994453,2.3716373555078567,-0.11521199540700876,0.22479325082111196,0.682328637344561,True,False
1.138072385399387,-0.39289890391882876,0.6274924803346907,0.050108285045247364,2.001667694603013,-0.4689542763997247,-0.36082426885850777,True,False
-0.32640425649372834,2.1588499386918003,-0.7675636574080498,-0.6471642108553344,-0.8342733937619861,-0.25956330454084386,-0.17793605634794796,True,False
1.552205826437464,-0.39289890391882876,-0.6167467776520779,-0.42994312443836347,0.8688989735860736,-0.5519032030562171,-0.384757138830848,True,False
-0.7722550602779755,-0.5232095034498154,-1.1823100767369727,-0.9312662276955128,-1.157137413710158,-0.25183870460484453,-0.3854599313475189,False,True
1.7077797646052073,-0.5141880004053625,1.8340275183824664,2.7449517962345658,1.6041677698647938,-0.3168460409412386,0.02428753821165309,True,False
-0.44845310657743676,-0.5232095034498154,-0.9560847571030148,-0.9068908348304615,-1.1128694462468014,0.2406709245958105,-0.3342527770290188,False,True
1.2154211180377157,2.1588499386918003,0.06192918124979592,0.7794775715507414,0.7560426378713794,-0.44407865066832697,-0.1428688865015762,True,False
0.5603124115067152,-0.5232095034498154,-1.0314931969810008,-0.91877573135162,-1.105593794595615,-0.02466304836206522,-0.386040605711263,False,True
-1.139990217644194,-0.5141880004053625,1.5700979788095155,2.228375147442299,0.6906548120343742,-0.2014598293972491,0.16166732600598518,True,False
0.8256097997272717,-0.39289890391882876,1.6078021987485085,1.1142985735449085,1.962516873441642,-0.3749012373352333,-0.2303196507999379,True,False
0.7478776101990929,2.1588499386918003,0.32585872082274686,0.4472303688031946,-0.3784007855716646,-0.07942322009586027,0.1615642562476535,True,False
-0.4686667626281048,-0.5232095034498154,-1.0314931969810008,-0.9249074295568038,-1.0394058331550267,-0.2586641128295439,-0.43508110113092313,False,True
-1.6492757469207815,-0.3922306444340545,0.1373376211277819,-0.5224106473720906,-0.37413959828746596,-0.14910152545605393,-0.2861795733477298,True,False
-0.522679404541272,-0.5141880004053625,-0.6544509975910708,-0.43845937194556306,0.023099817184470937,-0.498356034906122,-0.3222769392976763,True,False
0.5684197857492596,2.1588499386918003,-0.7298594374690568,-0.4710860623953677,0.3393580664518983,-0.5423560803228179,-0.3624797475160487,True,False
-1.7489197587261072,2.1588499386918003,-1.0691974169199938,-0.9057931851517558,-0.0695856581980341,-0.5944971298908133,-0.46674701596607376,True,False
0.4738154930676777,-0.39289890391882876,-0.239704578262148,0.37910038874559787,-0.4248644739936913,-0.25954520000974385,0.1660901265952225,True,False
0.7807453436148134,-0.34478422101507983,0.1750418410667749,-0.4678309633481714,0.6315750320023618,-0.4123836515559299,-0.38041241236902573,True,False
0.6969874029604192,-0.5141880004053625,1.7209148585654874,2.8252316227357674,-0.5918509136810233,0.7813144671476611,1.8528229370890181,True,False
0.21213355552285043,-0.39289890391882876,-0.05118347856718305,0.3288356034586598,-0.32959251375309195,-0.23743956753664586,0.07463833751357465,False,True
-0.3037255204368813,-0.5141880004053625,0.5897882603956978,-0.3518585972945734,1.8618300420233054,-0.46466953737272504,-0.4057388318608871,True,False
0.7657905249106606,-0.5232095034498154,-1.0314931969810008,-0.9015161364036955,-1.1208149788684294,0.0758774476799255,-0.29977671075791157,False,True
0.4934265740057242,-0.39289890391882876,0.8160135800296556,1.3258421616237466,0.09485151224067241,-0.17182271198655186,0.18815272003217864,True,False
1.067899774556824,-0.39289890391882876,-0.8429720972860358,-0.41241857956799277,1.5823035993017651,-0.5993672487567128,-0.40665235556811397,True,False
-1.5856766827613626,-0.39289890391882876,0.7406051401516697,0.22819248291802108,0.01199095775797911,-0.15826241819265308,-0.11146073225408572,True,False
-1.5946057503393,-0.5232095034498154,-1.1446058567979798,-0.9356946763992566,-1.1073243204359227,-0.32912091302703744,-0.4453554337671057,False,True
0.445604021885851,-0.5232095034498154,-1.1823100767369727,-0.9399717251473169,-1.007846996325328,-0.5348366650726187,-0.4700349522267252,False,True
-0.3553278618995623,-0.39289890391882876,1.0045346797246206,0.15154625535322475,-0.464219981007142,0.2545208908873092,0.08313752588865507,False,True
0.7943854529823373,-0.5232095034498154,-0.9560847571030148,-0.8787304430733216,-1.1388831572656213,0.5450080923867827,-0.1405504124463066,False,True
1.2699267759521187,-0.5141880004053625,1.2307599993585785,0.8507869506776926,0.8253753183120969,-0.28020246999484194,-0.14086353169616933,True,False
-1.3444822990456677,-0.5141880004053625,-0.35281723807912696,0.14473325734746506,-0.9222510945466645,0.27875078834280703,0.9569358414477057,True,False
1.3161607209568986,2.1588499386918003,0.1373376211277819,-0.35435669656335195,1.352180878150302,-0.48165762238822357,-0.39135687081802595,True,False
-0.0715697634105095,-0.39289890391882876,0.1750418410667749,-0.4261202755573539,-0.9244840311148036,0.8280362270730568,0.20970089711637246,False,True
-1.2426471050126273,-0.39289890391882876,1.7586190785044804,-0.08539467529152837,1.0308613059950926,-0.24343216733074527,-0.3325200704911283,True,False
-0.529691187669959,-0.39289890391882876,-0.35281723807912696,-0.5556429376446295,-0.5025148431507268,-0.2649886290271433,-0.26920019797843814,False,True
0.4966037882359105,-0.5141880004053625,0.47667560057871877,0.9663808168420818,-1.0571390710669974,2.6399558040919917,4.201018999328088,True,False
-1.5515490195647064,-0.39289890391882876,-0.6921552175300638,-0.40541633161762863,-1.0063025485323653,0.16560350381151734,0.5190540106058315,False,True
-1.3824993106965178,2.1588499386918003,-0.013479258628190058,-0.6805479010835568,0.10843520969685154,-0.3634108949304343,-0.4029484418610344,True,False
-1.4897576807431518,-0.5232095034498154,-1.1823100767369727,-0.9316447275847217,-1.0046092383015266,-0.5365143516212185,-0.4549044386406874,False,True
0.4441249738821436,-0.5232095034498154,-1.1069016368589868,-0.9229392301329177,-0.9954169827626874,-0.4384722808710275,-0.44064923443837156,False,True
0.8691047669474083,-0.5141880004053625,0.7406051401516697,0.5110454501238102,1.748285217533435,-0.44265442755512713,-0.2906964640736592,True,False
0.18885224435338183,-0.5232095034498154,-0.9560847571030148,-0.9096160340327654,-0.99385392716499,-0.23632915629584592,-0.4176670838660362,False,True
-0.3606414788017704,-0.39289890391882876,0.6274924803346907,0.7408705828514366,-0.0723582211034734,-0.15191979746395365,0.08867828153640976,True,False
1.6482343875670604,-0.5232095034498154,-0.9560847571030148,-0.8793360428960557,-1.1274021417444395,0.3882228530607969,-0.1880157443234403,False,True
0.19361806569866127,2.1588499386918003,1.0422388996636136,0.9363657756278183,1.8227536520808718,-0.41800209104062935,-0.24139534806468224,True,False
1.609176564358046,-0.5232095034498154,-1.0314931969810008,-0.906739434874778,-1.1665715707105455,0.7633909813586628,-0.16950760795904798,False,True
0.30936726687768995,-0.5232095034498154,-0.9560847571030148,-0.9120384333237022,-1.1729168321250072,1.5186577052572938,-0.1712426338407477,False,True
1.389455766473955,-0.5232095034498154,-1.1823100767369727,-0.9389876254353738,-1.0367635248827287,-0.5171545730316204,-0.46627126056721196,False,True
-1.2144904133864936,-0.5141880004053625,0.36356294076173984,-0.40011733316870446,0.04857390186599055,-0.26123495624574367,-0.31376719634113975,True,False
-1.1814035617480017,-0.34478422101507983,-0.6544509975910708,-0.5789585308198959,-0.8187730924181541,-0.18947462980905022,-0.1233770662797288,True,False
0.6281842810101779,-0.39289890391882876,-0.6167467776520779,-0.49171430635725116,-0.9498278611631817,0.07785084156982534,0.18028008358166264,False,True
0.34924678342209736,-0.5232095034498154,-0.9937889770420077,-0.9050740353622589,-1.0059490002424099,-0.2665576883891432,-0.405655656744216,False,True
1.4274179985691122,-0.39289890391882876,-0.08888769850617603,-0.569874533478883,-0.8081294281100246,0.21315807216751304,-0.12410876440218395,False,True
-0.6038079265224086,-0.39289890391882876,-0.27740879820114095,0.01710309470623383,0.2799991693488684,-0.4481702746969266,-0.23197465932022027,False,True
-0.8479056266898254,-0.5141880004053625,1.3438726591755574,1.0734584354992713,2.076098913540982,-0.4080627034667303,-0.2437217204258967,True,False
-0.2008495148456764,-0.39289890391882876,-0.9183805371640218,-0.6871337991557912,1.3161933837937942,-0.6035976741904124,-0.4407503139489751,True,False
-1.6861423879020814,-0.5232095034498154,-1.1069016368589868,-0.9215766305317658,-1.1624406380594883,0.21985071383081237,-0.3040550146607116,False,True
1.309422835606676,-0.49982042148271527,-0.05118347856718305,-0.303410611475838,-0.7898007404465498,0.20263933959841396,0.10224064446069552,True,False
1.5432767588595266,-0.39289890391882876,0.6274924803346907,-0.3094666097031799,0.3024401818586658,-0.27338913145754257,-0.318575650523624,False,True
-1.202274572466984,2.1588499386918003,0.02422496131080293,-0.45889836596284206,1.6885355565309808,-0.5120128861992208,-0.4155057688607026,True,False
-0.5672151833195731,-0.5232095034498154,-0.9560847571030148,-0.9190028312851454,-1.07409078118012,-0.003613513536467212,-0.40776962109198545,False,True
1.0866891621594774,2.1588499386918003,-0.013479258628190058,-0.15844515390884045,-0.9762881594956295,0.9123490284057492,0.7926449033257729,True,False
0.02303452927107239,-0.5232095034498154,-1.0314931969810008,-0.9210467306868733,-1.1047564433825627,-0.02940040066656479,-0.39473411748657355,False,True
1.3975631407164995,2.1588499386918003,1.6455064186875015,0.7654352256610922,1.1523330553018571,-0.2782049367301421,-0.20161315598035626,True,False
0.06379051870656569,-0.5232095034498154,-0.9937889770420077,-0.910108083888737,-1.1584585678463069,0.7599269810748631,-0.23769526597626045,False,True
-1.529746756398945,-0.39289890391882876,0.5520840404567048,-0.3585201953446495,0.8899444007407843,-0.38739939863793216,-0.37263600517972856,True,False
1.0141610304221211,-0.39289890391882876,1.7963232984434734,0.07864717669159622,0.7240744293375218,-0.17432717212205157,-0.27657466915409806,True,False
-0.6297734359208276,-0.5232095034498154,-1.0314931969810008,-0.9208196307533479,-1.1563558859113094,0.5157934140350854,-0.31748656972840694,False,True
1.1034517062014948,-0.39289890391882876,1.1176473395415996,1.799269823046202,0.34082808302592305,-0.1886659607532503,0.19972894109369316,True,False
-1.7050413346161206,-0.39289890391882876,2.0602528380164244,0.896585437271966,-0.645385567902157,1.0929477609719325,0.7667652263079661,True,False
-1.6773228794355297,-0.39289890391882876,0.7783093600906626,0.12565686293133796,-0.1460079122425931,-0.07599542887426053,-0.0939230453833184,True,False
-1.1813487821923088,-0.39289890391882876,0.21274606100576787,0.42894882415440616,-1.015792528946956,1.56076884459589,2.184524440454949,False,True
0.019145180816878812,-0.5141880004053625,0.8914220199076417,1.6522226160885558,-1.0975738307550489,4.831949837336891,8.079601164458404,True,False
0.1462885295800239,-0.5232095034498154,-1.1069016368589868,-0.9230906300886013,-1.0500681052678906,-0.37030268643583375,-0.4279047536316672,False,True
-1.0032056670791043,-0.39289890391882876,-0.013479258628190058,0.10385526931290702,0.9358684628255108,-0.4712052730998245,-0.29210026258541827,True,False
1.0508085531806493,-0.39289890391882876,0.5520840404567048,0.5734979318432739,0.5952898127701022,-0.345698628670936,-0.1567624454533187,False,True
1.4067113265172084,-0.5141880004053625,0.7406051401516697,0.06369643106784582,0.9022627674750181,-0.36236686697033443,-0.29642369182942496,True,False
1.0855935710456202,-0.5232095034498154,-0.9560847571030148,-0.9059824350963602,-1.0528220603685956,-0.08777544377665955,-0.3862472545432899,False,True
-0.0227611792881647,-0.20912754560589883,-0.6921552175300638,-0.6847492498537753,0.9281648316654308,-0.564920360917116,-0.4332035688105144,True,False
-1.5376897919744108,2.1588499386918003,-0.202000358323155,0.40271878183223137,1.4761646810962226,-0.5266775563902194,-0.2870548670602099,True,False
-0.6921125702993106,-0.5141880004053625,-0.9937889770420077,-0.663704656013762,-0.882262922172241,-0.4069160831637304,-0.15347054436845278,True,False
-1.3683114057720651,-0.5232095034498154,-1.1069016368589868,-0.9187000313737783,-1.1461215933073388,0.013597860695931196,-0.32988789735004365,False,True
1.3600939246225783,-0.39289890391882876,1.5323937588705225,2.35131191145734,0.06785158757092437,0.0044973163963321185,0.5102805990034182,True,False
1.2463715670041857,-0.5141880004053625,1.9848443981384383,1.5903757341918263,-0.07890816837001471,0.20690597409431358,0.3801278395048213,True,False
-1.2528361023715007,-0.39289890391882876,-0.6167467776520779,-0.7175651902481843,-0.19729102209085322,-0.4558586655707259,-0.3937926127768377,False,True
-1.505369854115619,-0.39289890391882876,0.8160135800296556,1.7942357745197242,-0.9365046729732854,1.5783543791376886,3.316463896278058,True,False
1.5169277925712574,-0.39289890391882876,-0.013479258628190058,-0.08350217584548403,-0.9549636152699017,0.7844224116531608,0.7992416499413587,True,False
-0.919885962870253,-0.5141880004053625,-0.4659298978961059,0.028344541415737293,-0.09381301996234283,-0.43310730482172793,-0.14535697040851447,True,False
-1.611094396602853,-0.5232095034498154,-1.1446058567979798,-0.921500930553924,-1.1974605265698024,1.3371235719176104,0.05999877259547297,False,True
-1.208519441815971,2.1588499386918003,-1.1069016368589868,-0.8278600579636494,-0.27004753860271724,-0.595975666597313,-0.43213424161578046,True,False
-0.3455771009862319,-0.5325651362366555,-0.35281723807912696,-0.3621537942810547,-1.0055396285382512,0.6464719195148735,0.5952564745805669,True,False
1.3833752357920468,-0.5232095034498154,-1.1446058567979798,-0.9327423772634275,-1.0425877677646247,-0.44754265095212664,-0.45180806764168213,False,True
-0.9301297397848192,-0.5232095034498154,-1.0314931969810008,-0.9171860318169428,-1.1587749005267933,0.5661481498678809,-0.2852949552462871,False,True
-0.3601484628005346,-0.39289890391882876,0.7783093600906626,0.25033472643674,-0.3120081382789969,0.028395297448329877,0.030320605925393998,False,True
-1.3700643515542368,-0.5141880004053625,-0.9937889770420077,-0.8653315469953275,1.6671551888910494,-0.6162587762730113,-0.4693589418625538,True,False
0.5632157279584372,-0.5141880004053625,0.9291262398466347,1.168726857613144,-0.890803904545373,1.3688306407174073,2.036117199314228,True,False
1.58403274829502,-0.5141880004053625,-0.5413383377740919,-0.7569291787259069,1.7428889541604322,-0.5713897133635153,-0.45551276491085935,True,False
-1.6741456652053432,2.1588499386918003,1.6078021987485085,2.4547937811670453,-0.9327831120263871,2.386250974944015,4.169776427423084,True,False
-0.08323780877309024,-0.39289890391882876,-0.27740879820114095,-0.7219557889630073,0.7488414174391309,-0.4948256513416223,-0.43622448277951104,True,False
-0.795591151003137,-0.5141880004053625,2.0979570579554174,1.6013522309788835,2.0143768252366714,-0.334003101580337,-0.17622417689061437,True,False
0.7684747231396111,-0.5232095034498154,-1.0691974169199938,-0.922825680166155,-1.0520405325697466,-0.29786042266104035,-0.4266451775596112,False,True
-0.41509235716048054,2.1588499386918003,0.6651967002736837,1.6181576260597574,0.6309609744461236,-0.33320046736823705,0.05505029586612936,True,False
-1.2251176471909098,-0.5232095034498154,-0.9560847571030148,-0.8890256400598029,-1.0605629071381442,-0.05980394322716202,-0.3390824344018669,False,True
-0.4675163919585546,2.1588499386918003,1.1176473395415996,1.7325024425897573,1.3283256724806831,-0.3653118706959342,-0.07438012907707976,True,False
0.3044371068653319,-0.34478422101507983,-0.5413383377740919,-0.30602226071137917,-0.2395865622523538,-0.42467662817282875,-0.22743381510096417,True,False
0.22100784354509495,2.1588499386918003,-0.315113018140134,-0.3170366074873573,1.100082339607403,-0.5222419462707198,-0.3754844963091258,True,False
-0.49457749247083105,2.1588499386918003,0.8537177999686487,-0.06147348229352775,-0.4005068575962413,0.1290383858332207,-0.061758158204351155,True,False
0.022651072381222322,-0.34478422101507983,-0.8806763172250288,-0.608103022288979,0.9144880951855794,-0.5907917358590136,-0.41903447024711504,True,False
-1.320488853652192,-0.5141880004053625,-0.239704578262148,-0.5917518270751557,-0.9205391765110912,0.38800559868759704,-0.01663994741277912,True,False
-0.40917616514565086,-0.5141880004053625,0.32585872082274686,0.7667599752733233,0.888009189048397,-0.4192090597806292,-0.1663651791799398,True,False
0.7601482306742953,-0.39289890391882876,0.7406051401516697,1.668535961313458,1.38100436768403,-0.41422427888442975,-0.092107101043789,True,False
0.9698991494222843,-0.39289890391882876,-0.7675636574080498,-0.5831977295790353,-0.67567907400991,-0.3725898921981335,-0.22113077890208105,False,True
-0.07041939274095928,-0.5141880004053625,0.4389713806397258,0.47516366062680926,0.6697954629270086,-0.37535385061273324,-0.18964974554388328,True,False
0.668995050001364,-0.5232095034498154,-0.9560847571030148,-0.9250588295124873,-1.0049627865914819,-0.21472441584984792,-0.4427517274370306,False,True
0.1679264540787065,-0.3922306444340545,-0.9183805371640218,-0.795801117347658,0.15495472153308174,-0.5697361661897155,-0.43798865717124524,True,False
-0.2231447940126734,-0.5232095034498154,-1.1823100767369727,-0.9378521257677471,-0.9979104285971093,-0.5398335156562182,-0.4667249351861605,False,True
-1.5976186259024077,-0.5232095034498154,-1.1069016368589868,-0.9292980282716267,-1.157360707366972,0.14292456118691943,-0.3718143933065621,False,True
0.9027394141428289,2.1588499386918003,1.6078021987485085,-0.23194983239320316,0.2947179428938517,-0.07803520604486042,-0.29796348537886125,True,False
-0.18885279214893846,2.1588499386918003,0.9291262398466347,-0.20553054012642397,-0.9265867130498013,1.6189145636453848,0.5099029142367048,True,False
0.2927142819470583,-0.5141880004053625,2.0979570579554174,1.082580282829205,0.3209363397647511,0.007388006528631764,0.028727506646451056,True,False
-1.3392234616991525,-0.5232095034498154,-1.0314931969810008,-0.9294494282273102,-1.1554627112840536,0.49839495964798697,-0.3762675020777385,False,True
-1.711450542632186,-0.5141880004053625,1.4192810990535434,1.0540413911828563,0.7777021225823278,-0.24332354014414528,-0.09344435946221127,True,False
-1.0778154219327896,-0.3922306444340545,0.09963340118878891,-0.033767290403438406,-0.06789234796719529,-0.29095656146824095,-0.17379359077040554,True,False
-1.2331154623220684,-0.5325651362366555,0.09963340118878891,0.01528629523803125,0.9973486496682724,-0.46076499349882544,-0.31274960775171706,True,False
-0.29616594175126554,-0.5325651362366555,-0.013479258628190058,-0.6668083551052748,0.7489344564628034,-0.454796533079526,-0.42540676549981404,True,False
-1.2980292358181162,-0.5232095034498154,-1.0691974169199938,-0.9042791855949204,-1.0020041456386977,-0.3792644293303329,-0.4055967407100898,False,True
1.0202963406597223,-0.5141880004053625,0.9668304597856276,-0.358028145488678,0.22666920097981413,-0.18380187673105072,-0.32306503821992405,True,False
-0.08756539367282676,2.1588499386918003,0.5143798205177118,0.515171098916187,1.5989017611249323,-0.4559371185388259,-0.28007719173082624,True,False
0.4175568893711029,-0.39289890391882876,0.47667560057871877,0.6669117045000232,0.26769941041936923,-0.2950180112783406,-0.06102763542504258,False,True
-1.5291989608420165,-0.5232095034498154,-1.1069016368589868,-0.9259672292465886,-1.0052605114672337,-0.4288286006384283,-0.44437183610148134,False,True
-0.5524794828381918,2.1588499386918003,2.1356612778944104,2.6042255374267076,-0.2278822530743583,0.3808663785904976,0.9058858226722788,True,False
0.7075598572091426,-0.39289890391882876,1.4946895389315296,2.7350350991372934,-0.08830510976093313,0.08438054245322475,0.7788522906790775,True,False
0.5693510381960383,-0.39289890391882876,0.6651967002736837,0.41168922920648165,0.1425433157751755,-0.2215015453249473,-0.09483333297908181,True,False
1.7146819886225086,-0.39289890391882876,1.5323937588705225,1.8695572524722894,-1.1293373534368267,9.1177328922966,12.257311325977353,True,False
-1.5720913529495315,-0.39289890391882876,1.9094359582604523,2.876291257790044,0.8094656452641059,-0.1774713256897513,0.24731690827473826,True,False
1.121528959580141,-0.5141880004053625,-0.9183805371640218,-0.8285035077753045,-0.23169685304492904,-0.5406964983053181,-0.43425633933812396,True,False
-0.5431121788147115,2.1588499386918003,0.21274606100576787,0.20900253853513132,0.2675505479814933,-0.34802807833913574,-0.18001138324867966,True,False
0.23267588890767568,2.1588499386918003,0.4012671607007328,0.13716325956328765,-0.5772623947691815,0.13187476237222046,0.17435749812369777,True,False
-1.3079443353985252,-0.5325651362366555,-0.4659298978961059,-0.47161596224026014,-0.605081062847247,-0.2565579523782441,-0.18059411838074066,True,False
-0.6476315710767023,-0.39289890391882876,1.6832106386264944,1.9803820200326467,0.3211410256168304,-0.0731409478041608,0.2538765688962397,True,False
-0.3748841632819159,-0.5232095034498154,-0.9560847571030148,-0.8796388428074229,-1.044522979457012,-0.11491413589555707,-0.3311155902803442,False,True
-1.6807739914441804,-0.39289890391882876,1.3061684392365644,1.6130100275665167,1.6051167679062528,-0.37271058907213345,-0.13052886477846376,True,False
-0.6270892376918771,-0.39289890391882876,0.8160135800296556,0.6388648627096459,-0.3253313264688933,0.05109837944772785,0.2063009193113706,True,False
-1.5228993119373366,-0.5232095034498154,-1.0691974169199938,-0.9330451771747945,-1.1219500549572334,-0.03665428279396416,-0.4288369731305453,False,True
-1.433992093047813,-0.39289890391882876,0.06192918124979592,-0.2683993717240174,-0.5058456401982009,-0.08889188986115942,-0.11205830021665622,False,True
0.5604767501737938,-0.20912754560589883,0.21274606100576787,-0.38440958776653633,0.6973164061293224,-0.4144596377887297,-0.3670295243432186,True,False
0.7410849452931774,2.1588499386918003,-0.8806763172250288,-0.6758545024573668,-0.8804765729177297,-0.3073109878952395,-0.1692313082921563,True,False
-0.6365113212710503,-0.5141880004053625,1.3815768791145504,-0.05511468415481872,-0.380838407991883,0.2994201280153051,-0.0686810782143474,True,False
1.457656313311575,-0.39289890391882876,-0.5790425577130849,-0.6108282214912828,-1.0910610990979768,0.9943203103828419,0.5640999613007535,False,True
1.0417151469356334,-0.39289890391882876,1.5323937588705225,1.7295122934650071,1.2284575844706642,-0.3033762698028398,-0.058267106976733395,True,False
-1.6807739914441804,2.1588499386918003,1.3061684392365644,-0.13202586164206126,0.14967010498848607,-0.08376227271615984,-0.25038364373676936,True,False
-0.7525344202285433,-0.5232095034498154,-1.0691974169199938,-0.9222579303323417,-1.1078081233590196,-0.11710478415865681,-0.3966664678113376,False,True
-0.7240490512682524,-0.39289890391882876,1.4192810990535434,2.2875346801256455,1.0788322266006134,-0.29587495908374045,0.06298235766613508,True,False
0.12415758908010549,-0.5232095034498154,-1.0691974169199938,-0.9260429292244304,-1.0974993995361109,-0.1635308367427526,-0.4164853781952498,False,True
-1.3403738323687027,-0.20912754560589883,-0.05118347856718305,-0.2537514260116341,-0.2821053960706681,-0.25812097689654395,-0.19431472167065733,True,False
0.938620023121657,-0.5232095034498154,-1.1446058567979798,-0.9254751793906171,-1.020016500621686,-0.4702819420137246,-0.4406888591736523,False,True
-0.8471387129101252,-0.39289890391882876,0.21274606100576787,0.025959992113721405,-0.2970474632724653,-0.16616806343965237,-0.07221589922074281,False,True
-1.2326772258765255,2.1588499386918003,-0.6544509975910708,-0.45783856627305725,0.0849149445124535,-0.5052598960989214,-0.3355294425904257,True,False
0.08499020675970535,2.1588499386918003,1.1930557794195855,-0.25155612665422267,1.918714101096648,-0.41057319844593,-0.39475600237596237,True,False
-1.3914831578301479,-0.5141880004053625,1.5700979788095155,1.1893929515639485,-0.9439105792576133,2.469326633318207,2.559324491963141,True,False
0.4452753445516938,-0.39289890391882876,0.5520840404567048,0.6316355148257564,-0.20691125713858569,-0.10856548032315766,0.12286308994018019,True,False
1.042591619826719,2.1588499386918003,1.6078021987485085,2.610130135698366,-0.9196646096885701,2.2514386015297267,4.1658560233440305,True,False
-1.0503160849749702,-0.5232095034498154,-1.1823100767369727,-0.9289195283824179,-1.1230106998270994,-0.39795434026923115,-0.4108620742805022,False,True
0.2886605948257861,-0.5141880004053625,0.8914220199076417,0.15495275435610456,0.25807917537163677,-0.20885854777344845,-0.1922213336635736,True,False
-0.022377722398314627,-0.5141880004053625,-0.05118347856718305,0.4584339655237772,1.857010620597072,-0.5265447898288195,-0.3039973758328046,True,False
1.6757337245248798,-0.5335675254638169,-0.239704578262148,-0.10121597066045918,0.32017341977063674,-0.4459675567464268,-0.2681688970523056,True,False
-0.7779521340700337,-0.39289890391882876,1.3438726591755574,1.1831477033920021,0.49376563013871333,-0.18994534761765014,-6.937206110055045e-05,True,False
1.2766098817466485,-0.5232095034498154,-0.9560847571030148,-0.9102216338554996,-1.0166857035742118,-0.1892996193417502,-0.4116411152249005,False,True
-0.566064812650023,-0.39289890391882876,-0.7298594374690568,-0.5765361315289591,-0.6080397038000314,-0.3842974889761324,-0.24578298238697466,True,False
-0.05645060603927811,-0.5141880004053625,0.47667560057871877,0.722626888191569,-0.7528456402438488,0.4754746232753891,0.9118435822328098,True,False
-0.7267332494972029,-0.34478422101507983,-0.6544509975910708,-0.6280121164613656,-0.7338284638051977,-0.2697078768005429,-0.22571883273772367,True,False
-0.21668080644091506,-0.39289890391882876,-0.6921552175300638,-0.6552262584954833,2.108197376707981,-0.5928435827170134,-0.44642015361670523,True,False
1.5408116788533477,-0.5232095034498154,-0.9560847571030148,-0.8996236369576512,-1.0626283734636728,-0.05186208891796281,-0.36405267790659684,False,True
0.4504246227868233,-0.39289890391882876,-0.9560847571030148,-0.6149917202725804,0.5093961861156869,-0.5914253944475135,-0.4062345210795144,False,True
0.1335248931035858,-0.5232095034498154,-1.1823100767369727,-0.9289952283602596,-1.1442980284433586,-0.323478334167538,-0.3902943762847839,False,True
-1.6401275611200727,-0.5232095034498154,-1.0691974169199938,-0.9177159316618353,-1.0628516671204866,-0.27318998161544256,-0.40985051911923176,False,True
1.5854022371873415,-0.5141880004053625,0.36356294076173984,0.4673665629091065,-0.45050602891782143,-0.011482949721266483,0.23227523495933775,True,False
-0.1434953200352443,-0.5141880004053625,-0.39052145801811994,-0.6406540127609418,-0.21493122097915177,-0.38513633225043237,-0.3626281463417325,True,False
0.6439607930497236,-0.39289890391882876,0.6274924803346907,0.5970406249520657,0.16792436143302272,-0.23737318425594586,-0.050257684090821576,False,True
-1.5179691519249785,-0.5141880004053625,-0.9560847571030148,-0.7285416870352416,0.13575146704708588,-0.5770021180045147,-0.4182017161209193,True,False
0.7844155738462355,-0.5232095034498154,-1.0691974169199938,-0.9188514313294619,-1.0001433651652485,-0.38155766993633267,-0.4324337033782802,False,True
-0.5540680899532849,-0.34478422101507983,-0.9560847571030148,-0.8475420522025106,-0.565372007543841,-0.5051331643812214,-0.42201135586184174,True,False
0.5121064024969919,-0.5232095034498154,-1.1069016368589868,-0.9230906300886013,-1.033935138563086,-0.39473776857713144,-0.4325686327715045,False,True
0.6095044525189101,2.1588499386918003,1.3061684392365644,1.0107410038573614,0.5985461785986382,-0.22235245828664724,-0.06444143526544792,True,False
0.9581215449483178,-0.39289890391882876,-0.9183805371640218,-0.6789582015488795,-0.0507545598067282,-0.5566888341103167,-0.39187432739172745,True,False
-0.9549448785136881,-0.49982042148271527,-0.4282256779571129,-0.5398216422756986,0.7923650727131079,-0.52043149316072,-0.4022145419290848,True,False
-1.6095605690434527,-0.5141880004053625,1.0422388996636136,0.6454507607818802,0.16007186783506702,-0.1451849118947543,-0.03423162171207812,True,False
0.8754591954077809,-0.3922306444340545,-0.315113018140134,-0.1940241434944743,0.3167867993089595,-0.46019771819102545,-0.2910471159480018,True,False
-0.3585050761297486,-0.39289890391882876,0.36356294076173984,0.6708102533588746,-0.540567803832763,0.07299882723502583,0.4437767532491996,False,True
-1.680883550555566,-0.39289890391882876,-0.7298594374690568,-0.7429246828251788,0.5244871157553599,-0.5531282763273171,-0.43521457309864575,False,True
-1.1667226408223133,-0.39289890391882876,-0.6544509975910708,-0.46631696379133597,-0.1264511094666419,-0.47839880679022384,-0.3104529559008684,True,False
1.0103812410793132,-0.39289890391882876,-0.27740879820114095,-0.5202153480146792,1.3649830478076324,-0.5303467413598191,-0.4165665160504668,True,False
-0.4761715617580276,-0.5325651362366555,-0.202000358323155,-0.563818535251541,-0.2572267611406522,-0.31505972720603875,-0.32651911315215126,True,False
0.11917264951205457,2.1588499386918003,1.4569853189925366,0.6815975002013274,0.42767070772179744,-0.15117147684515375,-0.09840290496451033,True,False
-0.31029906712002536,-0.5232095034498154,-1.1446058567979798,-0.9337643269642913,-1.1644688887755479,0.030332482276029686,-0.39081039893984665,False,True
-0.11144927995491691,-0.5232095034498154,-1.0691974169199938,-0.918472931440253,-1.0676710885467202,-0.26105391093474367,-0.4095362793755693,False,True
0.6307041405720497,-0.39289890391882876,2.0225486180774315,1.9952570656785553,0.22082635029318368,0.037139785969629066,0.30916579966141233,True,False
0.2603395645325737,-0.5232095034498154,-0.9560847571030148,-0.9183972314624113,-1.0782961450501152,0.01617473895583096,-0.4038210401198984,False,True
0.5356068318892321,-0.5335675254638169,-0.4659298978961059,-0.5487163896721071,0.053709655972710296,-0.4575846308689257,-0.3595773786568135,True,False
1.1732408601542077,-0.5232095034498154,-1.0691974169199938,-0.9266106790582437,-1.1450981640469418,0.16592938537131732,-0.3760058785289367,False,True
-0.2944677755247867,-0.5232095034498154,-1.1823100767369727,-0.9403502250365258,-0.9951936891058735,-0.541112902520618,-0.47127843393329444,False,True
-0.8066566212530962,-0.39289890391882876,0.4012671607007328,-0.19092044440296155,-0.5419633891878499,0.09118181130312414,-0.0479148647611763,True,False
1.522460527696237,-0.5232095034498154,-0.9560847571030148,-0.9211224306647151,-1.0314975161428674,-0.1525534560524536,-0.429056331339797,False,True
-1.6089032143751383,-0.5232095034498154,-1.1069016368589868,-0.9200626309749302,-1.18527241446871,0.8948600513631508,-0.14648138985433787,False,True
-0.04275571711606128,-0.5141880004053625,1.1553515594805925,1.3292865106155471,0.18956523833923697,-0.13166082716305555,0.14401953298924877,True,False
1.541085576631812,2.1588499386918003,-0.6167467776520779,-0.794779167646794,0.4002428035431563,-0.5253076468703196,-0.4441349261012411,True,False
0.31522867933682674,-0.3922306444340545,-0.5790425577130849,-0.4793373599801211,0.07555521873100399,-0.486847587970223,-0.34090032197539855,True,False
-1.2661475344048674,-0.39289890391882876,1.7209148585654874,2.1703889644155,1.8426267875373095,-0.35335081048253525,-0.08745233473114798,True,False
-1.3436606057102747,-0.39289890391882876,1.7209148585654874,0.821831709153214,1.3056613663140717,-0.2915178019323409,-0.20993362951219285,True,False
-0.8576563876031558,2.1588499386918003,-0.9183805371640218,-0.8271409081741524,1.1002684176547481,-0.5998741756275128,-0.4603837238418773,True,False
-1.705753468840128,-0.49982042148271527,-0.8052678773470429,-0.7050746939042917,-0.6355978626118141,-0.41074820891323,-0.3201659759927411,True,False
0.10761416326085955,2.1588499386918003,0.21274606100576787,0.6902272976752897,1.0316614415986758,-0.44855650469372654,-0.1995520585673188,True,False
1.6523428542440255,-0.39289890391882876,0.9668304597856276,-0.27540161967438154,-0.31437132948027735,0.09254568597932405,-0.19333635036422459,True,False
-1.3587249835258133,-0.39289890391882876,-0.4282256779571129,-0.29584061369166054,-0.2252399448020603,-0.39379633295993155,-0.22713044336359683,True,False
-0.14196149247584403,-0.5232095034498154,-1.1446058567979798,-0.9305849278949369,-1.0255244108230954,-0.4652368126805251,-0.4499594879407834,False,True
-0.9135315344098804,2.1588499386918003,1.2307599993585785,1.5202775547103435,-0.423226987177056,0.2931619950984057,0.7203409271982185,True,False
0.6081349636265884,2.1588499386918003,0.36356294076173984,0.7245193876376134,-1.0735511548428196,2.7832109238425784,4.084906771523901,True,False
0.30701174598289666,-0.20912754560589883,-0.6167467776520779,-0.41643067839360676,-0.02974634826148669,-0.48239990816332345,-0.3080775638948217,True,False
-1.0607789801123078,-0.5141880004053625,-0.6167467776520779,-0.4132134293353314,1.2208283845295225,-0.5651496849777159,-0.39588262363128035,True,False
-0.0611616478288647,2.1588499386918003,-0.16429613838416202,-0.17589399880136938,-0.07660080058293761,-0.3573398421682349,-0.21956350582987835,True,False
0.2640097947639958,-0.5141880004053625,-0.7675636574080498,-0.7431139327697831,0.710844280171298,-0.5677144935502157,-0.43959279684014474,True,False
-1.4944687225327384,-0.39289890391882876,-0.7298594374690568,-0.4435312704609619,0.6282442349548878,-0.5582216844101165,-0.37515158428067513,False,True
-0.83442985598938,-0.5141880004053625,1.7209148585654874,2.1554382187917493,-0.7461282227346969,1.2506804707588182,2.07039096552295,True,False
-1.4194207312335103,-0.5232095034498154,-0.9560847571030148,-0.9077992345645628,-1.0358703502554731,-0.14050790802725469,-0.3990673412568015,False,True
0.002382636774861408,-0.39289890391882876,1.0045346797246206,0.12429426333018603,0.2852093546745263,-0.19425422601944978,-0.20530071674645675,False,True
1.6003022763358015,-0.5232095034498154,-1.1069016368589868,-0.9188514313294619,-1.0861300308433361,-0.2935515442592407,-0.40053235947525406,False,True
-0.9142984481895806,-0.3922306444340545,-0.9560847571030148,-0.8354300557478267,-0.6574248175653733,-0.4822611067582235,-0.4040440183860414,True,False
-1.2722280650867757,-0.5141880004053625,-0.5413383377740919,-0.5009118536650268,0.06070619055287937,-0.47622022821452403,-0.3457971306200197,True,False
-0.41054565403797255,-0.5141880004053625,1.4569853189925366,0.5753147313114765,1.10147792496249,-0.2944265965957406,-0.22712228648215976,True,False
-0.194823763719461,-0.5141880004053625,-0.315113018140134,-0.24039037992256096,1.1973081193451243,-0.5271301696677193,-0.3674577488652338,True,False
0.43820878186731393,-0.39289890391882876,0.21274606100576787,0.3034761108816655,-0.28779938431942265,-0.17092955511895191,0.03907563516099516,True,False
-1.4283497988114475,2.1588499386918003,-0.5790425577130849,-0.6326298151097137,1.810156168275621,-0.5767064106632148,-0.4402279209340581,True,False
1.3890175300284122,-0.5141880004053625,-0.5036341178350989,-0.42150257690900567,1.83363921785055,-0.5698568630637154,-0.41385288379370505,True,False
-0.8176125323916698,-0.39289890391882876,1.5323937588705225,0.39348338453553494,1.5719948754788566,-0.345312398674136,-0.29496918901432356,True,False
0.4880581775478232,-0.39289890391882876,-0.7675636574080498,-0.4218053768203727,1.220958639162664,-0.5835921673249143,-0.3972460451881449,True,False
-0.5428382810362472,-0.39289890391882876,-0.9183805371640218,-0.8489425017925835,0.23174913167233052,-0.5736527797510151,-0.4543769759789983,False,True
1.145522404973617,-0.5232095034498154,-0.9937889770420077,-0.889971889782825,-1.1878216837173354,2.3059875537340218,0.32034264695734904,False,True
-0.4866344568953653,-0.5232095034498154,-1.1069016368589868,-0.9215766305317658,-1.0613258271322583,-0.35023079628963555,-0.4202650388503142,False,True
0.40013699066077113,-0.3922306444340545,0.25045028094476085,0.06600528039201993,-0.4670855829362539,-0.04252618571406366,0.04121932785475135,True,False
0.06554346448873745,-0.39289890391882876,1.1176473395415996,-0.3420554501640637,-0.9954541983721563,2.5867345175016965,0.5810697066918643,True,False
0.843687053105918,2.1588499386918003,0.21274606100576787,0.9515057711961732,-0.6489210508017105,0.13085487378692057,0.8119719247672318,True,False
-0.4284037891938473,-0.39289890391882876,0.6274924803346907,-0.37759658976077665,-0.47406350971168837,0.11480218954492204,-0.18466880583683185,False,True
-0.28258061193943446,2.1588499386918003,1.8340275183824664,3.2229214563275277,0.36652546136425657,-0.06110746946636197,0.5355559537533723,True,False
-1.5864435965410628,-0.5141880004053625,0.7783093600906626,0.5201294474648231,1.5942312021365752,-0.4276397364295284,-0.2790645787607239,True,False
1.586826505635356,-0.5141880004053625,1.3815768791145504,0.6364046134297883,0.09818230928814634,-0.044698729446063436,-0.01587259721487846,True,False
-0.31884467780811265,2.1588499386918003,2.1356612778944104,1.7934787747413063,1.2375568009858309,-0.23136247993074638,-0.049784678994922726,True,False
-1.286580308678307,-0.5232095034498154,-1.1069016368589868,-0.9158234322157909,-1.1129624852704738,-0.20103739033824916,-0.3680198528072623,False,True
-0.7082177596730137,-0.3922306444340545,-0.126591918445169,-0.5592765365810346,-0.3264291869482282,-0.26417392512764337,-0.3125844171902795,True,False
-0.4302662940874048,-0.5232095034498154,-1.1069016368589868,-0.9152178323930567,-1.0589626359309778,-0.35467244125283515,-0.4054179083325313,False,True
1.088496887497342,-0.39289890391882876,0.28815450088375383,0.99446550862138,0.7453989735632499,-0.40861790908713025,-0.09878197663613665,True,False
0.10717592681531662,-0.5232095034498154,-1.1446058567979798,-0.9305849278949369,-1.1342125982772637,-0.22375254202504707,-0.4091995984134287,False,True
-1.5486457031129843,-0.5232095034498154,-0.9560847571030148,-0.9047712354508919,-1.1540671259289668,0.8436121586627555,-0.2213134820764022,False,True
-0.6240215825730766,2.1588499386918003,-0.5413383377740919,-0.22044343576125347,1.245613980435866,-0.5568095309843167,-0.366545886309654,True,False
0.42204881293791807,-0.5141880004053625,0.02422496131080293,-0.44731626935305063,0.9260621497304332,-0.465164394556125,-0.39042846726656366,True,False
1.3136956409507197,-0.5325651362366555,-0.8806763172250288,-0.845043952933732,0.8478535464313631,-0.5890838750919137,-0.46132004137052635,True,False
1.0411673513787048,-0.20912754560589883,0.21274606100576787,-0.6678303048061388,-1.0433692955634735,1.9160340583711577,0.14473169690860826,True,False
-1.2959476127017873,2.1588499386918003,1.4192810990535434,-0.3380055013495287,-0.3396779439191866,0.26788203483910805,-0.21261161752913013,True,False
0.38479871506676827,-0.5325651362366555,-0.05118347856718305,-0.7236968884533681,0.7731432104223774,-0.46274442223242523,-0.4370976765455692,True,False
0.4121337133575091,-0.5141880004053625,-0.5413383377740919,-0.026992142386599617,0.9536203085422162,-0.5451260735811178,-0.3168865648877126,True,False
-0.523939334322208,-0.5141880004053625,1.7209148585654874,0.5048759019297057,1.3375551436289912,-0.29591720298964047,-0.261151330576528,True,False
-0.8930439805807481,-0.39289890391882876,0.21274606100576787,0.36252209359824933,-0.03410057456935777,-0.2725080442773426,-0.05323226603298098,True,False
0.9271163164261549,-0.5141880004053625,0.6274924803346907,-0.4854690581853048,1.4079484689395747,-0.4294320850084283,-0.41250264175132384,True,False
-1.4105464432112658,-0.5141880004053625,-0.5036341178350989,-0.1330856613318461,1.415447414247575,-0.5581371965983165,-0.3610800705409235,True,False
0.42555470450226157,-0.5141880004053625,-0.9937889770420077,-0.6827810504298891,-0.6357095094402211,-0.5077160774848212,-0.3052924942816125,True,False
-0.8431945849002388,-0.5232095034498154,-1.1069016368589868,-0.922485030265867,-1.1940180826939213,1.5537503213727906,-0.049259723731946266,False,True
0.26023000542118796,2.1588499386918003,-0.4282256779571129,-0.41991287737432836,2.0822767047128328,-0.5686016155741156,-0.41865993540003443,True,False
0.1397149828968798,-0.39289890391882876,-0.202000358323155,0.009533096922056413,-0.16266189747996354,-0.34460028711753604,-0.1303421576018233,True,False
-1.3094781629579255,-0.5232095034498154,-1.1823100767369727,-0.9388362254796903,-1.0624236876115933,-0.49582140055212226,-0.46356085658629276,False,True
-1.1025210015502727,-0.5141880004053625,1.0422388996636136,0.7216427884796259,0.7689378465523824,-0.2981681996897403,-0.15629543460746728,True,False
0.5487539252555202,-0.20912754560589883,0.06192918124979592,-0.5863392786594689,0.7874526122632018,-0.4472107345486267,-0.4109742020166834,True,False
-0.6981931009812189,-0.5232095034498154,-1.1823100767369727,-0.9311148277398292,-1.015290118219125,-0.5307812501062191,-0.4525320711843378,False,True
-1.2479059423591425,-0.39289890391882876,0.8160135800296556,1.873342251364378,0.6934459827445478,-0.3198212188853383,0.08904588969454667,True,False
-0.11385958040540307,-0.5232095034498154,-0.9560847571030148,-0.8950816382871448,-0.9970916851887918,-0.23025810353364648,-0.3909801498326928,False,True
-0.9639287256473184,-0.39289890391882876,2.0979570579554174,2.2211836495473305,0.9893100780229718,-0.19002983542945015,0.07344416536981377,True,False
1.691345897897347,-0.49982042148271527,-0.7675636574080498,-0.7854302203833349,0.8147502618087019,-0.5715948980493153,-0.4496977155151831,True,False
-1.228787877422332,-0.39289890391882876,2.0602528380164244,1.532768051054236,-0.8338268064483583,1.9526595247864542,2.0278899540007758,True,False
-0.9774044963477637,-0.39289890391882876,-0.9560847571030148,-0.6955364966962281,-0.2695079122654171,-0.5484693769909174,-0.3782203660582203,False,True
-0.5458511565993549,-0.5141880004053625,0.09963340118878891,-0.13732486009098546,1.4053247684720114,-0.4892253163880228,-0.36124410143045654,True,False
1.2336627100834405,-0.34478422101507983,0.09963340118878891,-0.38804318670294147,-1.0635587637003974,2.0354575803504464,0.9426080715595218,True,False
0.9849635272378228,-0.49982042148271527,0.1750418410667749,-0.39016278608251115,-0.9091884156230511,0.7542421583094635,0.2204835499921972,True,False
0.5722543546477603,-0.39289890391882876,-0.7298594374690568,-0.5214265476601475,0.9227499604876938,-0.5699775599377155,-0.40364729306035396,True,False
0.3359353513887306,-0.39289890391882876,1.9848443981384383,2.4464667836044502,0.9132971956825716,-0.1896617099637502,0.13400462209237343,True,False
0.39471381464717725,-0.39289890391882876,0.7783093600906626,0.14200805814516118,-0.9494929206779609,1.6449549142108826,1.1007116742619183,True,False
0.23897553781235542,-0.5141880004053625,1.2307599993585785,1.979927820165596,1.8822055882075743,-0.40420040349873065,-0.11616183842918484,True,False
0.6668038677736493,-0.39289890391882876,0.32585872082274686,-0.12029236507658626,-1.0027112422186082,1.5837314248743877,1.020828537031921,False,True
-0.62714401724757,-0.39289890391882876,-0.126591918445169,0.16971425003525054,0.5236497645423077,-0.4497151946841264,-0.2329273454610903,False,True
-1.019475195119886,-0.5141880004053625,2.1356612778944104,0.4445051696008907,-0.882635078266931,2.402201066843113,1.1334124317238832,True,False
-0.6143803807711319,-0.39289890391882876,-0.6544509975910708,-0.5044697526235902,-0.24507586464902892,-0.45819415008262565,-0.3048610493193758,False,True
0.2021088968310557,-0.5335675254638169,-0.315113018140134,-0.5195340482141032,0.1693199467881097,-0.4406629291341273,-0.3615192100829597,True,False
-1.415805280557781,-0.39289890391882876,0.06192918124979592,-0.2405796298671654,-0.6180507027471881,0.015450557711831105,-0.024863470806267034,False,True
1.5752680193841613,-0.5141880004053625,1.1176473395415996,1.9709573727913459,1.0452823546643242,-0.3304666831721373,0.017082050037983593,True,False
0.35938100122527783,-0.20912754560589883,-0.6167467776520779,-0.76260667706404,0.24375116572607788,-0.5126224054129207,-0.43178116853455584,True,False
-0.22571943313023818,-0.5141880004053625,1.4946895389315296,0.9804988627095726,1.7309427435208884,-0.36522134804043416,-0.22818449109742567,True,False
0.9383461253431927,-0.39289890391882876,-1.0314931969810008,-0.670782603941968,1.432808496064856,-0.6180873339141111,-0.44010251965594194,True,False
1.6130111332565467,-0.39289890391882876,0.02422496131080293,0.37887328881207255,0.5573112833070037,-0.4280440709574284,-0.19214708331919536,True,False
1.2629149928234316,-0.5141880004053625,-0.239704578262148,-0.27290352040560295,0.9204984161148202,-0.5015182930049218,-0.35872535673863526,True,False
-0.1493567324943811,-0.5141880004053625,0.1373376211277819,0.4957162046108509,0.7248373493316361,-0.4292872487596283,-0.19380926926829264,True,False
0.9552182284965958,-0.39289890391882876,0.47667560057871877,-0.44042757136944916,-0.13586665866229491,-0.16462314345245246,-0.2997272209758207,False,True
1.5426194041912122,-0.5141880004053625,0.47667560057871877,-0.4769906606670261,1.9757656304126006,-0.48161537848232355,-0.4235023569994541,True,False
0.4189811578191175,-0.39289890391882876,1.8340275183824664,2.9280700426338173,0.6727913194892619,-0.15562519149575335,0.31055885553681195,True,False
-0.1705016409918279,-0.5232095034498154,-1.1823100767369727,-0.9339157269199749,-1.0075120558401072,-0.5350177103836187,-0.4587788632958479,False,True
0.4548069872422527,-0.39289890391882876,0.21274606100576787,0.49980400341430675,1.4152613362002302,-0.47699872305182395,-0.2683625779316156,True,False
0.1905504105798607,-0.5141880004053625,1.8717317383214593,3.377425111102589,1.8576060703485757,-0.3401405376232364,0.0619872181308115,True,False
0.9365384000053281,-0.5141880004053625,1.9848443981384383,3.2504762482619336,-0.09775787456605521,0.22127493694401223,0.9673220667514402,True,False
1.4149282598711386,-0.5232095034498154,-1.1823100767369727,-0.9338400269421332,-1.0434809423918805,-0.5121878966665208,-0.45413274750876553,False,True
-1.3070130829517466,-0.5141880004053625,0.21274606100576787,0.9869333608261235,-0.5639392065792851,0.029692788843829736,0.6641668981123205,True,False
-0.4877848275649155,2.1588499386918003,0.28815450088375383,-0.045273687035388074,0.9503825505184145,-0.43086234296532816,-0.31989589780890515,True,False
-1.0566157338796498,-0.20912754560589883,-0.8052678773470429,-0.7055288937713423,-0.2217602853167103,-0.5077945304529211,-0.3869953134423451,True,False
1.5913732087578643,-0.5232095034498154,-1.0691974169199938,-0.9254751793906171,-1.0095961299703704,-0.36948798253633375,-0.44269357145813915,False,True
-0.9571908402970957,-0.5335675254638169,0.21274606100576787,0.23852552989342324,0.5634704666741208,-0.3972120544941313,-0.22355447751145105,True,False
0.5633800666255158,-0.39289890391882876,1.3815768791145504,1.0099840040789436,1.9916939112653258,-0.39836470964083115,-0.2451252446909216,True,False
-0.9502338367241016,-0.5325651362366555,-0.5790425577130849,-0.6094656218901309,0.24345344085032605,-0.5048917706332214,-0.3913086112284285,True,False
1.235470435421305,2.1588499386918003,0.47667560057871877,1.476522967517798,-0.36708724029309353,-0.0339446379726644,0.6209090909737016,True,False
-0.1264040986590697,-0.5141880004053625,0.4389713806397258,0.5381838921800862,-0.4775245613923039,0.042166810771728576,0.2954087920764364,True,False
1.1125998920022038,-0.39289890391882876,1.0422388996636136,1.014866652649738,-0.9900765428038882,2.4090626841300127,2.8849399588175264,True,False
-0.4847719520018078,-0.5141880004053625,1.0799431196026066,1.3638057005113962,0.8764351345035432,-0.3105516989621392,-0.05462996059599897,True,False
-0.9114499112935515,2.1588499386918003,1.4192810990535434,2.66107622078588,1.6648292132992375,-0.36662746662253404,0.002440447858427967,True,False
1.3467824925892116,-0.39289890391882876,0.8914220199076417,0.8820131915374245,-0.2261703350387849,0.0041291909306321525,0.23220889075652532,False,True
0.9043828008136149,2.1588499386918003,0.21274606100576787,0.9854572112582088,0.9303047292098974,-0.4393412983638274,-0.1332718727782683,True,False
1.6841149965458886,2.1588499386918003,-0.5413383377740919,-0.6799801512497435,1.5206187266069242,-0.5655298801308158,-0.44268050164234946,True,False
-0.4178313349451239,-0.3922306444340545,-0.5036341178350989,-0.3548865964082444,0.28349743663895305,-0.4936066129142225,-0.32821365238026273,True,False
-1.5065750043408621,-0.34478422101507983,-1.0314931969810008,-0.829298357542643,-0.3571692803696092,-0.5649445002919159,-0.42791094377223904,True,False
-0.7342380486271256,2.1588499386918003,1.4192810990535434,1.6990052023947722,0.12352613933652463,-0.04764976801536315,0.28126233062203965,True,False
-0.7044379703302058,-0.5232095034498154,-0.9937889770420077,-0.9016296863704583,-1.1731215179770866,1.2579705619484178,-0.07268554283524249,False,True
-1.5053150745599262,-0.39289890391882876,0.28815450088375383,-0.2113215884313197,0.30229131942078985,-0.33998363168703644,-0.29363239289753895,False,True
1.3993160864986713,-0.5232095034498154,-0.9560847571030148,-0.9268756289806899,-1.0710204933989287,-0.01731260873546598,-0.4304568859044716,False,True
0.002327857219168541,-0.5141880004053625,-0.126591918445169,0.5671391337045648,0.3768900086013686,-0.43183998764472814,-0.1139319774115443,True,False
-1.106519909115852,-0.39289890391882876,1.1930557794195855,1.8839402482622265,-0.08927271560712677,0.005161149203332012,0.4885547335423284,True,False
0.4657081188251333,-0.5141880004053625,1.3438726591755574,2.0005939141164006,0.1123614564958293,-0.05955651463546208,0.3752354266435683,True,False
1.69255104812259,-0.5232095034498154,-1.1823100767369727,-0.9317204275625635,-1.1675949999709425,-0.16435761032965251,-0.3680651191896465,False,True
-1.1357174123001503,-0.5141880004053625,1.6455064186875015,3.0183044162212123,1.8390168734188184,-0.3603632988619346,0.019982295443934078,True,False
0.345686112302061,-0.5232095034498154,-1.1823100767369727,-0.9349755266097598,-1.154606752266267,-0.268368141499143,-0.4133200067179208,False,True
1.316872855180906,-0.20912754560589883,-0.5413383377740919,-0.5807374802991776,0.09302794737669214,-0.48035409614902363,-0.3726337641921291,True,False
1.1464536574203956,-0.39289890391882876,0.28815450088375383,0.15025935572991458,1.9446533808965296,-0.497794794442022,-0.3464601965383372,True,False
1.2889900613332366,-0.5232095034498154,-0.9560847571030148,-0.8820612420983597,-1.111269175039635,0.22695372486571178,-0.24383469440914338,False,True
0.38414136039845387,-0.5232095034498154,-1.0691974169199938,-0.9086319343208223,-1.0102846187455465,-0.36854051207543387,-0.41078700903154236,False,True
0.1078880610393239,-0.39289890391882876,-0.39052145801811994,-0.6119258711699885,-0.8576075808990391,0.08022856998762516,-0.12013846308874856,False,True
1.4161881896520745,-0.5141880004053625,0.1373376211277819,0.9242537791731344,0.4612391874628213,-0.39558868153883137,-0.05027005653634423,True,False
-0.905040703277486,2.1588499386918003,1.4569853189925366,1.798929173145914,1.8870250096338077,-0.3828491264881326,-0.13920862503895964,True,False
1.1695706299227857,-0.5232095034498154,-1.0314931969810008,-0.8985638372678664,-1.1365385738690752,0.22096112507161234,-0.2488278733561609,False,True
-1.1539042247901823,-0.5232095034498154,-0.9560847571030148,-0.8817584421869925,-1.044820704332764,-0.11397270027835711,-0.33566266381827703,False,True
0.4422624689885861,-0.5141880004053625,-1.1069016368589868,-0.7364144847307862,0.22099382053579406,-0.6122456052125116,-0.4239870685130926,True,False
-1.5812943183059331,2.1588499386918003,-0.39052145801811994,-0.5013660535320774,-0.7615913084690599,-0.07323750530336079,-0.10241543243939084,True,False
0.4198576307102034,2.1588499386918003,2.1356612778944104,0.35593619552601496,-0.7603631933565835,1.582029598950988,0.6237990482093093,True,False
0.8404550593200387,-0.39289890391882876,2.0602528380164244,3.3280687255497523,1.3487942576886243,-0.25801234970994397,0.1621682964331511,True,False
-0.544152990372876,-0.5141880004053625,1.4569853189925366,-0.3267262046511044,1.022543617278775,-0.2821034457603418,-0.37352885851881806,True,False
-1.4316913517087124,-0.39289890391882876,-1.0314931969810008,-0.6403512128495747,1.096900404997805,-0.6143879747260114,-0.4292246718208673,True,False
-0.725801997050424,-0.39289890391882876,-0.5036341178350989,-0.7674514756459135,1.6109037951786795,-0.5640453085806161,-0.4558009590503942,True,False
0.8870724612146689,-0.3922306444340545,-1.0314931969810008,-0.8547335500974792,0.4259029662720209,-0.6024631235748125,-0.4587764185821031,True,False
-0.12623975999199108,-0.5141880004053625,-0.4282256779571129,-0.3091638097918128,-0.5153170128080573,-0.290184101474641,-0.12953589571015078,True,False
-1.6580404758316403,-0.39289890391882876,-0.7675636574080498,-0.6899725483248577,-1.0560412105876626,0.27796625866180713,0.14091390028624867,True,False
-0.7573550211295157,-0.5232095034498154,-1.1823100767369727,-0.9376250258342218,-1.076974990913966,-0.48019719021282364,-0.4584230164047975,False,True
-1.2884975931275573,-0.5141880004053625,0.25045028094476085,1.003171006073184,0.9890123531472199,-0.4396852844547273,-0.1394123433487412,True,False
-1.5445920159917121,-0.5141880004053625,-1.0314931969810008,-0.7311911862597037,1.8335833944363469,-0.6214306373239107,-0.4529901494222754,True,False
-0.42363796784856783,-0.5232095034498154,-1.0691974169199938,-0.905414685262547,-1.0602837900671267,-0.27938776609534205,-0.38029312287527156,False,True
-1.2637920135100742,-0.5335675254638169,0.06192918124979592,-0.11870266554190902,-1.059911633972437,1.899444273039859,1.580265382556663,True,False
0.8895923207765407,-0.49982042148271527,-0.5036341178350989,-0.7318724860602797,-0.12918645676261228,-0.43659544448032767,-0.4042845406075521,True,False
1.161189357901777,2.1588499386918003,2.0979570579554174,2.2548701396869197,0.3263698187472227,0.005088731078931973,0.3200098838056969,True,False
-1.0533289605380778,2.1588499386918003,-0.9183805371640218,-0.5924331268757317,0.34341456788401736,-0.5786617000220147,-0.3927905857306753,True,False
-0.7221865463746948,-0.5335675254638169,0.21274606100576787,-0.2633653231975394,-0.040166718912802095,-0.27058896398074284,-0.25633902126852304,True,False
0.15362899004286812,2.1588499386918003,2.1356612778944104,2.2124781520955263,0.3232809231612969,0.013694418195131177,0.3109945160631343,True,False
0.6539306721858255,-0.5141880004053625,1.7963232984434734,2.194083057479975,-0.6272243504812927,0.9053848187759498,1.5793271061227698,True,False
0.34557655319067526,-0.5141880004053625,1.4192810990535434,0.9142992320869412,1.5804614266330508,-0.3582692080980348,-0.22374725729434872,True,False
1.709532710387379,-0.39289890391882876,1.9094359582604523,-0.14731725716609964,1.3328845846406336,-0.27323826036504256,-0.3593759875264621,True,False
0.9338542017763776,2.1588499386918003,0.1373376211277819,1.013882552937795,-0.3672919261451728,-0.1530905571417536,0.4108234693943875,True,False
0.7856207240714785,-0.5232095034498154,-1.1823100767369727,-0.9346727266983926,-1.037303151220029,-0.5167683430348203,-0.4568478136841661,False,True
-0.33708626985383744,-0.39289890391882876,0.9291262398466347,0.9645640173738792,-0.18595886900754752,-0.01027598098126662,0.2352785814661039,False,True
1.1659551792470564,-0.5232095034498154,-1.0691974169199938,-0.9156341822711864,-1.076137639700914,-0.2376628567535458,-0.39731823476420614,False,True
-1.5788292382997542,-0.39289890391882876,1.1930557794195855,2.4227348405510543,-0.26831701276240955,0.1279279745924208,0.8912303044298682,True,False
0.3813476030581176,-0.5232095034498154,-1.1069016368589868,-0.9137038328362213,-1.0835249381805072,-0.30051575388904006,-0.3869718457575189,False,True
1.676062401859037,-0.3922306444340545,-0.7298594374690568,-0.8361870555262445,-0.6189066617649747,-0.37956617151533284,-0.4094507300657423,True,False
-1.186607619538824,2.1588499386918003,2.0979570579554174,-0.08297227600059161,0.9258946794878228,-0.1765962733532514,-0.32484852741736664,True,False
1.4218852634441326,-0.5232095034498154,-0.9560847571030148,-0.8820612420983597,-1.1091664931046374,0.20964579313411338,-0.24853178874630225,False,True
1.1899486246405324,-0.5141880004053625,1.4946895389315296,1.864674603901495,1.7883292133220619,-0.3705380453401337,-0.11957052160909216,True,False
0.8923312985611841,-0.5141880004053625,1.6455064186875015,2.2634620871719613,2.0449308406107076,-0.378250575588733,-0.10082050746076027,True,False
-1.5870461716536843,-0.39289890391882876,1.1553515594805925,1.1258049701768582,0.4099188620050921,-0.20110377361894918,0.011104662246905485,True,False
0.5710492044225172,2.1588499386918003,-0.7298594374690568,-0.6682088046953476,0.5331397449568986,-0.5535748547611169,-0.41896758538645523,True,False
0.6511916944011821,-0.5232095034498154,-0.9560847571030148,-0.8902368397052712,-1.062944706144159,-0.050630980803162896,-0.3399463507926883,False,True
1.0826902545938981,-0.5141880004053625,1.6832106386264944,2.204756754355665,-0.7716209152209511,1.3343716831904107,2.2601176848987214,True,False
1.1473301303114816,-0.5232095034498154,-0.9937889770420077,-0.8920914891623947,-1.0857206591391775,-0.033003202355464535,-0.3207191551624768,False,True
1.4212279087758182,-0.5232095034498154,-1.0314931969810008,-0.907420734675354,-1.0549433501083276,-0.22118169860884734,-0.38847503128575056,False,True
-0.12865006044247726,2.1588499386918003,0.36356294076173984,-0.11529616653902917,-0.927945082795419,1.0417662515522375,0.6359207225182761,True,False
-0.47863664176420667,-0.39289890391882876,0.4389713806397258,0.8055940639061535,-0.6915887470579007,0.32289567000830294,0.8098935968236657,False,True
-0.31868033914103405,2.1588499386918003,1.3061684392365644,0.7688038746750512,0.8710574789352749,-0.2773902328306422,-0.16343721134697262,True,False
0.31183234688386896,-0.5141880004053625,0.9291262398466347,-0.40749808100827745,0.9010532601672759,-0.33566268359783685,-0.3821187128642236,True,False
0.9570807333901533,2.1588499386918003,1.9471401781994453,0.7726645735449817,2.130284840927823,-0.3581605809114348,-0.28219213553121775,True,False
-0.5283216987776373,-0.34478422101507983,-0.4659298978961059,-0.76730007569023,0.8483001337449909,-0.5292121907442192,-0.4468058463880571,True,False
0.02407534082923687,-0.5232095034498154,-1.1446058567979798,-0.9309255777952249,-1.178499173545355,0.2932887268161057,-0.32557671518162407,False,True
1.0727203754577963,2.1588499386918003,0.8914220199076417,1.2617242803917639,1.6277438584633952,-0.4183279726004293,-0.1809225405983715,True,False
0.30279372019454587,-0.5232095034498154,-0.9560847571030148,-0.8850892412120306,-1.07023896560008,-0.02063177277046566,-0.3191089272160781,False,True
-0.7827179554153132,-0.39289890391882876,1.3815768791145504,0.15154625535322475,1.4382791906567967,-0.34721337443963585,-0.3207713874119096,True,False
0.17773199454772975,-0.5232095034498154,-1.0314931969810008,-0.9174131317504681,-1.0556132310787694,-0.21940141971734747,-0.4123195389603329,False,True
-0.633772343486407,2.1588499386918003,-0.6921552175300638,-0.4514040681565064,-0.025615415610429324,-0.5018502094084217,-0.3200073986954082,True,False
0.6843881051510597,-0.5232095034498154,-1.1446058567979798,-0.9369437260336458,-1.0243893347342914,-0.4663110148591249,-0.46302702356474934,False,True
-1.4729403571454416,-0.39289890391882876,-0.8429720972860358,-0.6684737546177938,1.586453139757557,-0.5994336320374127,-0.44197665915246764,True,False
0.32443164469322844,-0.39289890391882876,0.4389713806397258,0.6931795968111188,0.8232912441818336,-0.3955524724766314,-0.1703108061229185,True,False
1.7317732099986831,2.1588499386918003,0.09963340118878891,-0.17411504932208768,-0.9862433350285829,1.1278472620890292,0.8217222189080922,True,False
1.0780339923600044,-0.39289890391882876,0.1373376211277819,-0.20170769124541438,-1.093033526399833,2.777737320606679,1.8787372788940273,True,False
0.2955080392873945,-0.49982042148271527,-0.315113018140134,-0.4665440637248613,0.9450235027548808,-0.5135336668116206,-0.3946454260927346,True,False
1.0568343043068646,-0.34478422101507983,-0.6167467776520779,-0.554128938087794,-0.3642960695829196,-0.4189918054074292,-0.30279315842295124,True,False
1.5904967358667783,2.1588499386918003,0.9291262398466347,0.21377163713916308,1.6619450035653913,-0.4171028993293294,-0.3248243075129266,True,False
-0.05365684869894188,-0.5232095034498154,-1.1069016368589868,-0.9208196307533479,-1.1764150994150917,0.5369455412035834,-0.23175191612270649,False,True
-1.396413317842506,-0.5232095034498154,-1.1823100767369727,-0.9336129270086079,-1.0102846187455465,-0.5335452085208188,-0.4579192956746687,False,True
-0.051356107359841446,2.1588499386918003,1.3815768791145504,1.733297292357096,0.4358767496097085,-0.16723623077455224,0.1451775437422007,True,False
-0.7743366833943045,-0.39289890391882876,0.09963340118878891,-0.4166577783271321,0.6360967285528434,-0.4250809627007287,-0.3700026253530134,False,True
-1.563162285371594,-0.39289890391882876,-0.4659298978961059,-0.3166202576092276,-0.6773165608265453,-0.20451346030944884,-0.029163926009569092,False,True
0.23410015735569023,-0.39289890391882876,1.9471401781994453,0.8080543131860112,0.06677233489632386,0.10144708043682318,0.04711598524290326,True,False
-0.45546488970612375,-0.5335675254638169,-0.9183805371640218,-0.8731286447130303,0.3428563337419826,-0.5786375606472146,-0.462191722861736,True,False
-1.2322937689866755,-0.5141880004053625,-0.7675636574080498,-0.7347490852182671,-0.6817266105486199,-0.36951212191113375,-0.3277770672506651,True,False
0.8888254069968407,-0.5232095034498154,-0.9937889770420077,-0.896330687921534,-1.0591859295877917,-0.13731547570995503,-0.3584596743381674,False,True
0.6807726544753304,-0.5232095034498154,-0.9937889770420077,-0.9183215314845694,-1.100458040488895,0.04596272745902828,-0.38874087823425885,False,True
-0.4855936453372008,-0.3922306444340545,-1.0314931969810008,-0.7523114800775588,0.06584194465959911,-0.5909124327330135,-0.42197571162201725,True,False
0.43075876229308396,-0.5141880004053625,0.4389713806397258,1.29612992032085,0.5074051510090962,-0.35006182066603553,0.021402650622817626,True,False
1.3245419929779074,2.1588499386918003,1.9471401781994453,0.3801601884353827,0.5456069741290084,-0.10122107554025829,-0.18995017108776324,True,False
-1.1367582238583147,-0.39289890391882876,0.09963340118878891,0.03572528925531027,1.862425491774809,-0.5121516876043208,-0.35722907439248436,True,False
0.7163793656756943,-0.5325651362366555,0.09963340118878891,0.14064545854400926,0.2255713405004792,-0.3628074105604344,-0.18954785896431905,True,False
-0.1163246604115821,2.1588499386918003,1.3438726591755574,0.9428759737222109,1.722718093828243,-0.37973514713893286,-0.2324139634102969,True,False
0.768912959585154,-0.5141880004053625,1.1930557794195855,0.07319677828698848,-0.2419125378441652,0.10697499726602266,-0.07662861536578267,True,False
0.3924678528637697,-0.20912754560589883,-0.126591918445169,-0.4479975691536266,-0.7008368260109433,0.012348648050031328,-0.10705632186728155,True,False
0.2840591121475852,-0.5141880004053625,-0.39052145801811994,-0.5710100331465096,2.0868914402869874,-0.5653005560702159,-0.4363763997990135,True,False
0.09260456500101391,-0.5141880004053625,1.6455064186875015,2.960015433283046,1.8864481676870386,-0.36469028179483426,0.005093495093795389,True,False
-1.7475502698337855,-0.5141880004053625,-0.8052678773470429,-0.3689667922868144,0.12389829543121444,-0.5428509375062179,-0.31416004303444367,True,False
0.21125708263176454,-0.5141880004053625,0.28815450088375383,-0.03441074021509349,0.0804490713761754,-0.2879874183678412,-0.20906885120306398,True,False
0.5466175225834984,-0.5232095034498154,-1.1823100767369727,-0.9294494282273102,-1.0959549517431482,-0.45402407308592607,-0.42838252278512007,False,True
0.35834018966711334,-0.39289890391882876,2.1356612778944104,0.417253177577852,-1.025840743503582,4.714427291123101,2.3026505403845463,True,False
-0.7536847908980935,-0.5335675254638169,-0.126591918445169,-0.23225263230457024,0.6726982804655892,-0.46502559315102504,-0.334496519690751,True,False
-1.4247343481357184,-0.5141880004053625,-1.0691974169199938,-0.7553394791912297,1.8603042020350773,-0.6252748327608104,-0.45625072369447517,True,False
-1.3940577969477126,-0.39289890391882876,1.8340275183824664,1.3824278950604727,1.3896383890808344,-0.289930638039241,-0.1357172055371559,True,False
-0.21180542598424987,-0.5232095034498154,-1.0691974169199938,-0.9074964346531957,-1.1618824039174533,0.42402154588919383,-0.2028328330703973,False,True
0.1402627784538085,-0.34478422101507983,0.25045028094476085,-0.0021246996655768066,0.09736356587982876,-0.30113130794644,-0.20308305579067748,True,False
0.36787183235767223,-0.39289890391882876,-0.239704578262148,0.018352144340623103,0.34527534835746654,-0.44914791937632653,-0.24204778104533387,True,False
-1.278746832214227,-0.39289890391882876,0.06192918124979592,0.3370112010655714,0.22912543120476714,-0.37127429627153363,-0.13786571713781298,False,True
0.23119684090396828,-0.39289890391882876,-0.9560847571030148,-0.6337653147773404,0.5466304033894054,-0.5925237360009135,-0.4119012970194425,False,True
1.732649682889769,-0.5141880004053625,1.0799431196026066,1.861305954887536,0.35636559997922407,-0.2003132090942492,0.20822179828702422,True,False
0.6608876757588197,2.1588499386918003,1.5323937588705225,0.44389956977815653,-0.22196497116878974,0.19371984060981476,0.059142582126934955,True,False
1.6303762524111858,-0.39289890391882876,0.47667560057871877,1.2292868398865635,0.7844567557009486,-0.38511822771933235,-0.06097867846517819,True,False
0.232128093350747,-0.39289890391882876,0.28815450088375383,0.5490846889893017,0.4519538929003099,-0.367249055523634,-0.1345975658201285,True,False
1.3668865895284938,-0.39289890391882876,1.2684642192975715,-0.43815657203419595,1.1861992599186326,-0.33013476676863734,-0.3986708274928804,True,False
1.6577112507019265,-0.5141880004053625,1.0799431196026066,0.34768489794126156,-0.4481242299118064,0.2649732401757082,0.1699087224509217,True,False
1.4307595514663771,-0.5232095034498154,-0.9937889770420077,-0.9106379837336294,-1.2040849050552815,6.9249663990581,0.8072713200718752,False,True
-0.892222287245355,-0.5232095034498154,-1.1823100767369727,-0.938230625656956,-0.992532773028841,-0.542344010635418,-0.46770475608247397,False,True
-0.4934819013569737,2.1588499386918003,1.9848443981384383,0.0962852715287296,-0.8404884005433064,1.9387733494327555,0.5928602398227213,True,False
0.6033143627256161,-0.39289890391882876,-0.7675636574080498,-0.6638939059583665,-0.7927593813993341,-0.29737160032134036,-0.22296297431951678,False,True
-1.6372790242240436,-0.39289890391882876,-0.7675636574080498,-0.4134405292688567,0.8041438131100414,-0.5712147028962153,-0.3785510292634506,True,False
-0.6341010208205642,-0.5232095034498154,-1.0314931969810008,-0.9128711330799617,-1.0555574076645657,-0.21954022112244745,-0.4013316946779829,False,True
1.3510005183775624,-0.5232095034498154,-0.9560847571030148,-0.8953844381985119,-1.13142142756709,0.43820342858419253,-0.24830794072623072,False,True
1.0918932199502998,-0.39289890391882876,0.7783093600906626,0.6427634115684973,0.5149599197313,-0.29290581598334076,-0.12631825280528414,False,True
-0.5622302437515222,-0.5141880004053625,-0.39052145801811994,-0.14444065800811223,1.3970256875604277,-0.5446372512414178,-0.36191596675113114,True,False
1.4099980998587804,2.1588499386918003,0.6274924803346907,1.128832969290529,-0.30153194421347784,-0.028513278642664903,0.39514917154816537,True,False
-0.1919752268234319,-0.39289890391882876,-0.8806763172250288,-0.5619260358054967,-0.3626027593520808,-0.5117171788579208,-0.30667342061573966,False,True
0.2091754595154356,-0.39289890391882876,-0.27740879820114095,-0.1078775687105353,1.480611946427766,-0.5352047905383187,-0.3603533558734098,True,False
-0.15998396629879738,-0.39289890391882876,-0.8806763172250288,-0.5649540349191676,0.039307215108213445,-0.5539731544453169,-0.36318152923761365,True,False
0.86264077937565,-0.5232095034498154,-0.9560847571030148,-0.9265728290693228,-1.078035635783832,0.014949665684731139,-0.4270466747784737,False,True
-0.6441256795123589,-0.5232095034498154,-0.9937889770420077,-0.9275947787701868,-1.0626283734636728,-0.12583720299255602,-0.4350193877801082,False,True
1.6245148399520488,-0.5232095034498154,-1.0691974169199938,-0.9294494282273102,-1.0765470114050728,-0.2364257137950459,-0.4356537204763029,False,True
-1.669708521194221,-0.39289890391882876,1.8717317383214593,2.067399144561766,1.870892042929003,-0.34145009870613635,-0.10390763242701263,True,False
-1.1008776148794868,-0.5232095034498154,-1.0691974169199938,-0.9188514313294619,-1.037191504391622,-0.32680353304623766,-0.42248117186000295,False,True
0.7565875595542588,-0.5232095034498154,-1.1823100767369727,-0.9392904253467409,-1.1367990831353583,-0.35439483844263514,-0.45002179679879273,False,True
1.4421536990504935,2.1588499386918003,0.5143798205177118,-0.4739248115644342,0.2946062960654447,-0.2937929380072407,-0.3597173933680519,True,False
0.2220486551032594,-0.5141880004053625,0.5897882603956978,0.8147159112360872,0.9687670615960928,-0.39150309235393177,-0.1695054609989003,True,False
1.0194746473243292,-0.39289890391882876,0.7783093600906626,-0.40984478032137245,-0.7621123270016257,0.6969895961275688,-0.024036185943513207,False,True
-0.217119042886458,-0.5325651362366555,0.1750418410667749,0.21392303709484664,0.39060396069068937,-0.377677265437233,-0.20183163660005854,True,False
-0.5459607157107406,-0.39289890391882876,0.5143798205177118,0.6219080676730885,0.45522886653358047,-0.3274371916347376,-0.11847568163245706,False,True
-0.45787519015660993,-0.39289890391882876,-0.7675636574080498,-0.8134770621737122,-0.9457527519263281,-0.10027963992305833,-0.29101737193077304,True,False
0.2076416319560353,-0.39289890391882876,1.0045346797246206,1.7276197940189628,-0.2794816956031047,0.07708441641992549,0.6212041491172123,True,False
-0.7176946228078797,-0.5232095034498154,-1.1069016368589868,-0.9138552327919047,-1.0556132310787694,-0.3607797030772346,-0.40369282585385136,False,True
1.283840783098107,-0.5232095034498154,-1.1446058567979798,-0.9288816783934969,-1.1349569104666435,-0.21984799815114747,-0.4002881231694004,False,True
-0.6310881452574565,-0.39289890391882876,-0.35281723807912696,-0.5974293254132887,0.4674914098536106,-0.48329909987462344,-0.4003729280952346,False,True
0.6196386703220905,-0.5232095034498154,-1.0314931969810008,-0.9230906300886013,-1.1583283132131654,0.5567881072891817,-0.32732245235719937,False,True
0.553793644379264,-0.5232095034498154,-1.0691974169199938,-0.9319096775071679,-1.1289465895374025,0.01300041116963125,-0.4195314445075825,False,True
-0.3457414396533105,-0.39289890391882876,-0.05118347856718305,-0.36639299304019407,0.8782214837580542,-0.47182082715722445,-0.37348353728708705,True,False
0.19438497947836142,-0.49982042148271527,-0.27740879820114095,-0.1984147422092972,0.7281681463791101,-0.49324452229222254,-0.33194237366335555,True,False
1.6670785547254068,-0.5141880004053625,0.8914220199076417,0.2757699189915761,1.4712336128415822,-0.40520822239663057,-0.3049082432645204,True,False
1.4397433986000074,-0.39289890391882876,-0.9183805371640218,-0.6179818693973305,-0.06813424942874378,-0.5553732381837168,-0.37004678691284,False,True
-1.0764459330404679,-0.39289890391882876,-0.315113018140134,-0.5649540349191676,0.978982746395329,-0.5155493046074204,-0.413250724157242,True,False
0.27518482412534073,-0.5232095034498154,-1.1823100767369727,-0.9324017273631394,-1.1823882047348637,0.05665043565172727,-0.3245960088601402,False,True
0.3577376145544918,-0.39289890391882876,1.6078021987485085,2.3598660089534604,1.120569532620079,-0.27804199595024215,0.06521030679225713,True,False
-1.574392094288632,-0.39289890391882876,0.02422496131080293,0.5731951319319067,0.6119996214216761,-0.4344953188727278,-0.159784801176575,True,False
1.130184129379614,-0.20912754560589883,-0.39052145801811994,-0.49353110582545373,0.9381200071983841,-0.5235515073536197,-0.3992009307588387,True,False
-1.5613545600337295,-0.5141880004053625,1.5323937588705225,0.8388263541786923,0.874202197935404,-0.24568316403084509,-0.15100038052668907,True,False
-0.7544517046777937,-0.39289890391882876,0.21274606100576787,-0.012419896652058093,1.254434079880015,-0.46614807407922493,-0.33449388692210275,True,False
0.8861412087678902,-0.5232095034498154,-0.9937889770420077,-0.9286545784599716,-1.1778665081843822,1.5039025124107954,-0.3043971022013264,False,True
-0.17943070856976528,-0.39289890391882876,0.5897882603956978,-0.09220767329728806,1.1375584583426703,-0.40958951892283013,-0.3403279376986483,True,False
-0.25475259764745783,-0.39289890391882876,-0.8806763172250288,-0.5543560380213193,-0.3099426719534683,-0.5193874652006201,-0.31354214947105874,True,False
-0.4775958302060422,-0.39289890391882876,1.6832106386264944,0.2237640342142773,0.8613255970591355,-0.2215739634493473,-0.2630971189912676,True,False
1.4165168669862316,2.1588499386918003,-0.7675636574080498,-0.3740765407911341,-0.16232695699474262,-0.5047891782903213,-0.2708982083866424,True,False
1.268173830169947,2.1588499386918003,1.4946895389315296,1.1683862077128562,-0.9210043716294536,2.149835972996536,2.294527861433033,True,False
-1.7049317755047348,2.1588499386918003,-0.8429720972860358,-0.5493976894726831,0.1891558666350781,-0.5555301441199169,-0.37138974966333343,True,False
1.5831014958482412,-0.5232095034498154,-1.1446058567979798,-0.9361488762663073,-1.0831155664763485,-0.3870554125470322,-0.4530809721050201,False,True
-1.6252823015273057,-0.39289890391882876,0.9668304597856276,1.2900360721045874,2.0684511057951056,-0.44171902678162717,-0.2177570034136263,True,False
-0.4019452637941924,-0.5232095034498154,-1.1446058567979798,-0.9253616294238545,-1.1645619277992203,0.03140668445462966,-0.3258192119796208,False,True
1.0660372696632665,-0.39289890391882876,2.0979570579554174,0.6749737521401722,1.8717480019467896,-0.3197005220113383,-0.27781025255472247,True,False
0.5289785056503951,-0.5325651362366555,0.25045028094476085,0.09022927330138766,0.9124784522742543,-0.4323529493592281,-0.292500662817344,True,False
1.5025755489797261,-0.5232095034498154,-0.9560847571030148,-0.9208196307533479,-1.0643588993039805,-0.04507892459916337,-0.41711524458748755,False,True
0.8302660619611655,-0.5335675254638169,0.06192918124979592,-0.4538643174363641,0.7870618483637775,-0.4471684906427267,-0.38546450735016946,True,False
-1.6304315797624351,-0.39289890391882876,0.9668304597856276,1.189544351519632,-0.6956080328805511,0.6333763086858746,1.1049333266250545,False,True
-0.7963032852271443,-0.39289890391882876,-0.08888769850617603,-0.09114787360750322,0.25450647686261435,-0.4065600273854304,-0.25605674302282583,False,True
1.6293354408530212,-0.5232095034498154,-0.9937889770420077,-0.9069286848193824,-1.0025251641712634,-0.2726649502135426,-0.41023183961407844,False,True
0.37964943683163876,-0.39289890391882876,0.8914220199076417,0.7029448939527077,-0.44561217627265004,0.18897041861791522,0.34577219105688906,False,True
-1.6756794927647436,2.1588499386918003,-1.0691974169199938,-0.6856954995767974,-0.05261534028017737,-0.5952092414474132,-0.3939676527138434,True,False
-0.5952075362786283,-0.5232095034498154,-0.9560847571030148,-0.8984124373121828,-1.08196188258281,0.03446635021052932,-0.34360642420040144,False,True
1.3685847557549726,-0.39289890391882876,-0.4659298978961059,-0.39690008411042904,0.06496737783707804,-0.4592200735116256,-0.3149279182189497,True,False
0.6419339494890876,-0.39289890391882876,2.0225486180774315,3.3848815589200036,0.7709847050731764,-0.15147321903015365,0.3600913417619982,True,False
-0.9886890848204944,-0.3922306444340545,-0.9183805371640218,-0.7263085376889092,0.11517123501073767,-0.5675274133955156,-0.41659701228730933,True,False
0.15056133492406754,-0.39289890391882876,-0.315113018140134,-0.4816840592932161,1.9119780757827616,-0.553743830384717,-0.4229267209399983,True,False
-1.1935646231118182,-0.5141880004053625,0.6274924803346907,0.5156631487721585,1.2805780455319764,-0.4184969482240293,-0.2544872132917818,True,False
0.02988197373268081,-0.5141880004053625,1.9848443981384383,0.7961315666759317,1.7081853983306041,-0.31310443784723896,-0.2505232901738218,True,False
-1.2810475735533273,2.1588499386918003,0.9668304597856276,1.3302327603385693,1.093383529902986,-0.356458754988035,-0.1002288162139225,True,False
-1.5877035263219987,-0.5232095034498154,-0.9560847571030148,-0.8996236369576512,-1.0306973805392845,-0.1546777210348534,-0.38421105873371747,False,True
-0.018104917054270975,-0.39289890391882876,0.6651967002736837,-0.11143546766909869,0.1681104394803677,-0.22931063307274657,-0.24771183018916193,False,True
-0.6740900964763573,-0.5141880004053625,1.6455064186875015,0.3719845908284711,1.3791994106247842,-0.31015943412163915,-0.28440386492191744,True,False
-1.0439068769589046,-0.39289890391882876,1.8717317383214593,1.9071801414596512,0.009683589970902181,0.11784375076972174,0.4175699155487391,True,False
-0.5202691040907859,-0.34478422101507983,-0.16429613838416202,-0.05625018382244533,-0.3314905098360102,-0.2747167970715424,-0.09217023264200085,True,False
0.4110381222436517,-0.20912754560589883,-0.6167467776520779,-0.8288820076645133,-0.46678785806050205,-0.38820806769373206,-0.42005114206888344,True,False
0.06598170093428038,-0.39289890391882876,-0.9560847571030148,-0.5937957264768836,0.16044402392975682,-0.5781970170571147,-0.38155978234869087,True,False
-1.3214748856546634,-0.20912754560589883,-0.6544509975910708,-0.7127960916441526,-0.2712942615199283,-0.45304039356282616,-0.38507599375526586,True,False
1.6631344267155204,-0.5232095034498154,-0.9560847571030148,-0.8844836413892964,-1.1576026088285203,0.936265113988847,-0.06776293149074404,False,True
-0.8279110888619288,-0.39289890391882876,1.1930557794195855,0.5554056371390899,-0.07792195471908661,-0.001308203243067435,0.02860226991637529,True,False
0.06987104938847397,-0.39289890391882876,-0.9183805371640218,-0.6391021632151854,-0.9338251490915187,-0.28342507653064164,-0.05971111789534653,False,True
1.6853749263268245,-0.39289890391882876,0.8160135800296556,-0.2854318667384166,0.09472125760753095,-0.17177443323695182,-0.2858819294492967,True,False
-0.8768840116513522,-0.5325651362366555,-0.7675636574080498,-0.5891023278506936,-0.9501069782341992,-0.09132996671595921,0.039037906645990814,True,False
0.2513009378432506,-0.39289890391882876,-0.5413383377740919,0.02550579224667076,-0.07907563861262508,-0.4556172718227259,-0.1506643577567105,True,False
-0.7254185401605739,2.1588499386918003,0.8160135800296556,0.44734391876995727,0.7296753785626041,-0.3258500277416378,-0.20410682668505106,True,False
-0.6119700803206457,-0.39289890391882876,1.6078021987485085,0.05571008340553865,1.4775974820607785,-0.32651386054863774,-0.33681117779860487,True,False
1.5416333721887405,-0.5232095034498154,-0.9937889770420077,-0.90639878497449,-1.134566146567219,0.3401613578340014,-0.2923027898808113,False,True
-0.13653831646225015,-0.5232095034498154,-1.0314931969810008,-0.9028787360048475,-1.1286116490521816,0.14120463073241962,-0.2895206272829845,False,True
-1.1868267377615955,2.1588499386918003,-1.0691974169199938,-0.8800551926855527,0.8994529889601097,-0.6169769226733112,-0.4681574199063165,True,False
0.2968227486240233,-0.39289890391882876,-0.39052145801811994,-0.05825623323525234,0.14507397721906648,-0.45355939012102614,-0.2287057949610268,False,True
-1.4887716487406804,-0.5141880004053625,0.9291262398466347,1.697794002749304,1.7851658865171982,-0.4264025934710286,-0.14062080766516416,True,False
-1.6534937727091323,-0.5232095034498154,-1.0691974169199938,-0.9177159316618353,-1.0563389354634145,-0.2884521013327412,-0.41274298375355206,False,True
0.7038348474220276,-0.39289890391882876,0.4012671607007328,0.6617641060067826,0.10355996485641457,-0.268657813996743,-0.01035194777055086,False,True
0.08471630898124101,2.1588499386918003,1.6832106386264944,1.6674383116347524,-0.5450150691643066,0.6648419837376717,1.0233745026710166,True,False
-0.009340188143412202,-0.5232095034498154,-0.9560847571030148,-0.8981096374008157,-1.1469031211061873,0.6859760063750698,-0.21076220725240788,False,True
-0.24423492295442734,2.1588499386918003,1.1176473395415996,1.4630483714619622,-0.13733667523631984,0.01326594429243125,0.38125956174939535,True,False
1.4213922474428968,-0.39289890391882876,-0.7675636574080498,-0.6112445713694126,0.32142014268784774,-0.5484874815220174,-0.3962600263156385,False,True
-0.2950703506374082,-0.5141880004053625,0.5897882603956978,0.6199777182381232,1.1492813753254,-0.41074820891323,-0.22495723388562022,True,False
1.7016444543676061,-0.5232095034498154,-1.0691974169199938,-0.91279543310212,-1.1882496632262287,1.497390916058496,-0.0019342263467684699,False,True
-0.4233640700701035,2.1588499386918003,1.1176473395415996,-0.43028377433865145,-0.5530164252001383,0.42600700946649356,-0.180097191133999,True,False
-0.9123263841846373,-0.5141880004053625,0.4012671607007328,0.37531538985350915,1.860378633254015,-0.4828464865971235,-0.31460376641475135,True,False
1.7357173380085695,-0.39289890391882876,0.1373376211277819,0.17221234930402907,1.3008977683020415,-0.4783565628843238,-0.3089071054164169,True,False
-0.8847174881154322,-0.5232095034498154,-0.9560847571030148,-0.9071936347418287,-1.1461402011120732,0.6714018588395713,-0.26493411764436225,False,True
0.6717888073417002,2.1588499386918003,1.5700979788095155,0.6159656194125092,-0.6615557502164305,0.8796763846139523,0.6077005925283591,True,False
0.6466449912786741,-0.39289890391882876,1.0045346797246206,0.8600980479522309,0.01442858017819751,-0.0952586499646588,0.0858879933996298,False,True
0.9741719547663279,-0.39289890391882876,0.4012671607007328,0.23042563226435342,-0.8932415269655913,0.8945884833966509,0.9298945179488137,False,True
0.10657335170269508,-0.5335675254638169,-0.5790425577130849,-0.6230916179016502,0.24797513740080765,-0.5053202445359214,-0.395172128699189,True,False
-0.6717893551372569,-0.39289890391882876,1.6078021987485085,2.178640262000253,1.6379781510673659,-0.3443407888384361,-0.058170305715183244,True,False
0.8917835030042555,-0.39289890391882876,-0.6167467776520779,-0.6371339637912994,1.4104605225787312,-0.5708103683683154,-0.434824421858958,True,False
0.4993975455762467,-0.5232095034498154,-0.9937889770420077,-0.8976554375337651,-0.9989152500527718,-0.27886876953714207,-0.3948280587464671,False,True
-1.076062476150618,-0.5232095034498154,-1.1069016368589868,-0.9236962299113354,-1.120312568140598,-0.16649997984315232,-0.39148415264517666,False,True
-1.0961117935342073,-0.5141880004053625,0.8537177999686487,0.16108445256128828,1.914825069907139,-0.44258200943072706,-0.3438538887820977,True,False
-0.29550858708295114,-0.5141880004053625,2.0225486180774315,0.4376921715951311,-1.0787427323637429,6.554475274627733,3.4452125281688146,True,False
-1.6378268197809722,-0.20912754560589883,-0.27740879820114095,-0.6264981169045301,0.12040002814112999,-0.4248154295779287,-0.388042497172198,True,False
1.7353886606744124,-0.5232095034498154,-1.0691974169199938,-0.91279543310212,-1.0148621387102315,-0.36223410040893445,-0.4172335154505147,False,True
-0.9352242384642558,2.1588499386918003,0.6274924803346907,-0.38516658754495403,-0.6050066316283091,0.27773089975750714,-0.12598982275203235,True,False
0.9513836595980951,-0.5232095034498154,-0.9560847571030148,-0.9150664324373732,-1.162589500497364,1.088029363356433,-0.2552296148724916,False,True
0.30416320908686756,-0.5141880004053625,-0.08888769850617603,-0.22021633582772815,1.7347759512961936,-0.5255007618687195,-0.3853428671701222,True,False
0.7300742545989111,-0.5141880004053625,2.0979570579554174,2.6793199154457477,1.4252909429521212,-0.26492828059014334,0.04888442221244897,True,False
-0.6235833461275336,-0.5232095034498154,-1.1446058567979798,-0.9369437260336458,-1.1680229794798358,0.08182176872442505,-0.41036204412785365,False,True
0.24138583826284157,-0.5232095034498154,-0.9560847571030148,-0.9071936347418287,-1.0305299102966738,-0.1551182646249534,-0.4001512975558996,False,True
-0.10925809772720221,-0.5141880004053625,1.6832106386264944,-0.25746072492588107,-0.842442220040428,1.7109278255392761,0.23223155137239093,True,False
1.1683107001418498,2.1588499386918003,0.8537177999686487,0.601961123511781,1.0232507138586855,-0.3625117032191344,-0.2136933250050078,True,False
-0.8201323919535416,-0.39289890391882876,-0.6167467776520779,-0.5760062316840667,1.8914722749653516,-0.5820713867125143,-0.43424783768936387,True,False
-0.5363742934644888,-0.5232095034498154,-1.0314931969810008,-0.9280868286261583,-1.166664609734218,0.7661428700858626,-0.34095087740194235,False,True
-0.8406747253383668,2.1588499386918003,-0.4282256779571129,-0.3574603956548647,0.4498512109653122,-0.49509721930812234,-0.343986765242626,True,False
-1.5858958009841342,-0.5141880004053625,1.4192810990535434,2.1101696320423686,2.0236249041897145,-0.3973146468370312,-0.11656020923527755,True,False
-1.5775145289631254,-0.39289890391882876,0.28815450088375383,-0.5216914975825937,1.4731874323387038,-0.4722311965288244,-0.41933395551647773,True,False
1.4665306013338195,-0.5232095034498154,-0.9560847571030148,-0.9187000313737783,-1.0994532190332325,0.13755958513761987,-0.39080821280159406,False,True
-1.1025210015502727,-0.5232095034498154,-1.1446058567979798,-0.9379656757345098,-1.1279789836912089,-0.2540414225553443,-0.44718379756588367,False,True
-0.8193106986181486,-0.5232095034498154,-1.0314931969810008,-0.9096917340106072,-1.023272866450222,-0.2911376067792409,-0.4082190252975014,False,True
-0.16540714231239123,-0.5141880004053625,0.36356294076173984,1.0532843914044385,1.6129692615042086,-0.4727562279307243,-0.20775810852602797,True,False
-0.4118055838189085,2.1588499386918003,0.7029009202126767,1.49325266262083,1.1011988078914727,-0.3913703257925318,-0.07439207839906974,True,False
0.5233362114140298,2.1588499386918003,-0.126591918445169,-0.3469380987348581,1.963428655873632,-0.5375282053628184,-0.4075179644530665,True,False
1.0981928688549796,-0.5141880004053625,-0.35281723807912696,-0.09690107192347805,0.717654736704122,-0.5040468925152214,-0.3108975490351045,True,False
-0.4308140896443335,2.1588499386918003,-0.35281723807912696,-0.48297095891652625,0.8004780755773463,-0.509779994030221,-0.39165909071910965,True,False
-0.6213921638998189,-0.5232095034498154,-0.9560847571030148,-0.8823640420097267,-1.1190844530281217,0.29838213489890525,-0.22567418536939662,False,True
1.6695984142872786,-0.5232095034498154,-1.1446058567979798,-0.9373979259006965,-1.1128322306373324,-0.312060409887139,-0.4499284510460934,False,True
-1.3711051631124012,-0.5141880004053625,2.0225486180774315,3.3420732214504802,1.349873510363225,-0.26255658701604356,0.16400046050810288,True,False
-1.2100532693753714,-0.5141880004053625,-0.27740879820114095,-0.5950069261223521,0.07862550651219528,-0.41774862760522935,-0.3756884731943996,True,False
-0.3138597382400617,-0.39289890391882876,-1.0691974169199938,-0.8673754463970554,1.360647429304496,-0.6217323795089107,-0.4683915482611098,True,False
1.2503156950140721,-0.5232095034498154,-0.9560847571030148,-0.927178428892057,-1.196046333409981,4.234717565410145,-0.10002077264136164,False,True
1.231416748300033,-0.39289890391882876,1.3815768791145504,1.3597179017079404,1.4011380124067505,-0.3430070883807362,-0.14057619947494196,True,False
-0.973569927449263,-0.5232095034498154,-1.1069016368589868,-0.9292980282716267,-1.181234520841325,0.7083411371272678,-0.29399650636872016,False,True
0.7226242350246811,-0.5141880004053625,-0.9183805371640218,-0.6789582015488795,-0.6058998062555647,-0.47746340601672393,-0.3114342028801997,True,False
0.2852642623728283,-0.39289890391882876,0.8914220199076417,1.1387496663878016,0.40915594201097805,-0.24930407025084472,0.014409703668149785,False,True
0.3775678137153098,-0.5232095034498154,-1.0314931969810008,-0.9155963322822656,-1.0820363138017481,-0.13475066713745523,-0.39351550604098534,False,True
-0.9677085149901262,-0.39289890391882876,0.9291262398466347,1.3355696087764144,-1.0714670807125564,3.911141315903575,5.664356970725189,True,False
-1.0608337596680006,2.1588499386918003,0.7783093600906626,0.25237862583846793,1.7189034938576717,-0.43681269885352764,-0.32276867936333115,True,False
1.4728302502384993,-0.34478422101507983,-1.0314931969810008,-0.8220311596698328,0.08720370449479614,-0.5917754153821135,-0.4435615075225217,True,False
0.7489184217572574,-0.39289890391882876,-0.35281723807912696,0.0865956743649825,1.3367736158301424,-0.5378963308285184,-0.3242417604357691,True,False
-0.01881705127827825,-0.39289890391882876,-0.7298594374690568,-0.2909201151319452,-0.03891999599559122,-0.509798098561321,-0.26560725233563515,True,False
1.7096970490544576,-0.5232095034498154,-0.9560847571030148,-0.9190028312851454,-1.2049966874872715,8.833377091996326,0.5904613801318483,False,True
-1.2081907644818137,-0.5232095034498154,-1.1823100767369727,-0.9303578279614115,-1.023458944497567,-0.5259594099899195,-0.4498278965220953,False,True
1.6119155421426894,2.1588499386918003,-1.0314931969810008,-0.7112063921094753,1.979915170868392,-0.6224444910655106,-0.4518201344979867,True,False
-1.1554380523495826,-0.5325651362366555,0.25045028094476085,0.13716325956328765,-0.8562492111534212,0.6104197632510768,0.684062096102065,True,False
-1.3358819088018876,-0.39289890391882876,0.1373376211277819,0.12599751283162597,0.1067791150754818,-0.3290665994337375,-0.1677025864751606,False,True
0.6701454206709142,-0.5141880004053625,-0.39052145801811994,-0.07479667839368,0.09420023907496505,-0.4461787762759267,-0.2238042457657146,True,False
-0.6492201781917956,2.1588499386918003,1.3061684392365644,2.5498729533363136,1.7783182143749052,-0.38838911300473206,-0.030170842483221078,True,False
0.8949059376787489,-0.5232095034498154,-1.1069016368589868,-0.9311148277398292,-1.081198962588696,-0.3065023188394395,-0.43892062593025205,False,True
-0.6619290351125408,-0.5141880004053625,1.0045346797246206,2.1772776623991015,0.8863158788175582,-0.32280846651683803,0.09253368130383802,True,False
-0.49167417601910907,2.1588499386918003,1.8717317383214593,3.3554342675395534,-0.20920001712092817,0.28363297689610656,1.1679899692866427,True,False
-0.7176946228078797,-0.39289890391882876,1.3815768791145504,1.4471513761151895,-0.46455492149236294,0.40466176729959547,0.7489088568964424,True,False
0.4165708573686313,-0.5141880004053625,2.0602528380164244,3.2314755538236484,1.5002617882273896,-0.279520532656742,0.11262799025822962,True,False
-0.10843640439180921,-0.5141880004053625,0.7783093600906626,1.1373870667866497,-0.19068525141010856,-0.05122239548576286,0.30361325923970817,True,False
-1.3804176875801888,-0.5141880004053625,-1.1069016368589868,-0.7426218829138116,1.732970994236948,-0.6282982894545102,-0.4535602221908376,True,False
0.1865515030142814,-0.5232095034498154,-1.0314931969810008,-0.9180944315510441,-1.0727324114345018,-0.16815352701695216,-0.40598707216906005,False,True
1.5672702042530025,-0.39289890391882876,0.6651967002736837,-0.5090874512719383,-0.9853129447918583,1.855703725902263,0.2533160869277534,True,False
-1.6930993914750754,-0.5232095034498154,-1.1069016368589868,-0.9212738306203986,-1.1425116791888472,-0.01929807231276578,-0.3511844177953185,False,True
1.4658732466655051,-0.5232095034498154,-1.1069016368589868,-0.9196084311078796,-1.1091292774951684,-0.2171564578609477,-0.38594192390067833,False,True
1.3975631407164995,2.1588499386918003,-0.9560847571030148,-0.8657100468845365,-0.7699648205995814,-0.4414293542840272,-0.41104022495903575,True,False
-0.6672974315704417,-0.39289890391882876,-0.35281723807912696,-0.5965209256791875,-0.058216289505259484,-0.41044646672823004,-0.3638413120307417,False,True
-0.4116412451518299,-0.34478422101507983,-0.315113018140134,-0.738117734232226,-0.27817914927169035,-0.3436950605625361,-0.39479568196059,True,False
1.0024382055038474,-0.39289890391882876,-0.5413383377740919,-0.6303588157744605,0.538368538087291,-0.5218134723680199,-0.4108318601260148,False,True
-1.6496044242549388,-0.39289890391882876,1.2684642192975715,1.1569555110587482,0.4332530491421453,-0.18692189092395045,0.011431611367792634,True,False
-0.5838681682502048,-0.5232095034498154,-1.1446058567979798,-0.9358082263660192,-1.0236822381543806,-0.4669627779787249,-0.460797115533383,False,True
0.8607782744820925,-0.39289890391882876,-0.08888769850617603,-0.466619763702703,-0.5956655136515941,-0.08098020977046015,-0.18204417839874806,True,False
1.5854570167430344,-0.39289890391882876,-0.8052678773470429,-0.4984137543962482,0.2558834544129667,-0.5518911333688171,-0.36296365196072666,False,True
0.2034783857233774,2.1588499386918003,0.06192918124979592,0.2588509739439396,0.6798250696788997,-0.4360523085473277,-0.2351742646255978,True,False
1.3294721529902656,-0.39289890391882876,-0.6544509975910708,-0.32097300633512954,-0.7612749757885735,-0.24708324776924495,0.050652302852905326,True,False
-1.5676542089384093,2.1588499386918003,1.9471401781994453,0.006959297675436092,0.049671762345325506,0.11153130425952223,-0.18986426133937115,True,False
-0.44072918922474247,2.1588499386918003,-0.08888769850617603,0.14586875701509167,1.3894709188382242,-0.5098463773109209,-0.31862644101879706,True,False
0.3291426864828151,-0.39289890391882876,1.6455064186875015,2.3771256039013853,-0.4868842871737534,0.5448753258253827,1.278996373256648,True,False
-1.0542602129848566,-0.5141880004053625,1.4192810990535434,0.787993819057941,0.23965744868448974,-0.09524054543355884,-0.02087466175608398,True,False
0.06154455692315813,2.1588499386918003,-0.27740879820114095,0.373347190429623,-0.916296597031627,0.3356653992775018,1.223610725175353,True,False
-0.6207895887871974,2.1588499386918003,-0.8052678773470429,-0.5633643353844904,-0.5454988720874034,-0.44209922193472717,-0.26009679703419863,True,False
1.137634148953844,2.1588499386918003,-0.8806763172250288,-0.7912969686660724,0.5363775029807003,-0.5793979509534146,-0.446161750508125,True,False
0.027526452837887516,-0.5325651362366555,0.09963340118878891,-0.08282087604490806,0.4814100477950106,-0.4051599436470305,-0.2841354478897286,True,False
0.4154204866990811,2.1588499386918003,0.09963340118878891,0.37637518954329396,0.920256514653272,-0.45416287449102605,-0.24154938853746952,True,False
0.15571061315919707,2.1588499386918003,1.5323937588705225,1.5642592418364143,0.43094568135506806,-0.13850433991885483,0.10748199319529719,True,False
-0.28466223505576344,2.1588499386918003,1.3815768791145504,1.158355960648821,1.822511750619324,-0.3847018235040324,-0.21321876845615553,True,False
0.25902485519594487,-0.39289890391882876,1.2307599993585785,1.2329961388008104,0.9399249642576298,-0.2995200046785402,-0.09055923680474645,True,False
-1.4985771892097035,-0.39289890391882876,1.6832106386264944,2.440940685222001,1.2543968642705459,-0.28875384351774114,0.04830570675394918,True,False
-0.09611100436091406,-0.5325651362366555,-0.239704578262148,-0.15435735510538465,0.03713010195427799,-0.4012855739916309,-0.23660442216632357,True,False
-1.18118444352523,-0.5232095034498154,-1.0314931969810008,-0.9090104342100312,-0.9950262188632629,-0.3365075617158368,-0.4162726802638286,False,True
0.9445362151364867,-0.39289890391882876,1.4569853189925366,0.23466483102349275,1.3992400163238323,-0.334196216578737,-0.3061429647468373,True,False
1.4310334492448415,-0.5232095034498154,-0.9560847571030148,-0.9256644293352215,-1.0472583267529822,-0.1062541351860578,-0.43471086020413796,False,True
-1.2245150720782882,2.1588499386918003,0.9291262398466347,1.3948426914265237,0.7764740074698516,-0.3163994625074386,-0.02726873219947814,True,False
-1.7124365746346577,-0.39289890391882876,0.8914220199076417,1.0697112865961036,-0.5585429432062824,0.33232209586770217,0.7033700848201707,False,True
-1.4685579926900123,-0.5325651362366555,-0.4659298978961059,-0.36908034225357705,-0.8037379861926844,-0.06938124017906122,0.06041620746740277,True,False
-1.6034252588058515,-0.5232095034498154,-1.0314931969810008,-0.9283139285596836,-1.057492619356953,-0.21431404647824795,-0.43825774023121705,False,True
-1.2682291575211964,-0.39289890391882876,-0.08888769850617603,0.39696558351625655,-0.4634756688177624,-0.1799938903563511,0.2084747948171302,True,False
-0.17597959656111464,-0.5141880004053625,-0.08888769850617603,0.12709516251033168,0.5290832435247793,-0.443879500826227,-0.24311254007303823,True,False
0.4944673855638887,-0.5232095034498154,-1.1069016368589868,-0.9152178323930567,-1.1363152802122614,-0.0688199997149612,-0.33155893755084503,False,True
-0.5549445628443709,-0.39289890391882876,0.7029009202126767,0.4127111789073456,0.7751156377242335,-0.3500376812912355,-0.21711361273958216,True,False
1.6788013796436805,2.1588499386918003,1.8340275183824664,-0.0545847843099263,1.021520188018378,-0.23171853570904638,-0.32659586305962124,True,False
-0.2407838109457767,2.1588499386918003,0.7029009202126767,1.0996127778436042,-1.1246854022532038,5.860697573188397,8.294376138781352,True,False
1.1778971223881016,2.1588499386918003,0.8537177999686487,-0.19076904444727802,-1.02554301862783,2.6849515987191874,1.058468768094727,True,False
-0.8016169021293524,-0.5141880004053625,0.6651967002736837,-0.06896778009986339,-1.0173183689351846,2.2613055709792262,1.2322663752301026,True,False
-1.0064924404206763,-0.39289890391882876,-0.4659298978961059,0.04185698746049398,1.7169310665558155,-0.563091803276016,-0.35032689527121436,True,False
1.0962208048500364,-0.5232095034498154,-1.1446058567979798,-0.9379656757345098,-1.0820549216064825,-0.389131398779832,-0.4585847044436583,False,True
-1.1335810096281285,-0.5232095034498154,-1.0314931969810008,-0.9006077366695943,-1.0417690243563071,-0.2533775897483444,-0.3802590144171586,False,True
0.9981106206041109,-0.5335675254638169,0.25045028094476085,0.02966929102796834,-0.782618127819036,0.39659921611639615,0.3896728403760838,True,False
1.6907981023404184,-0.20912754560589883,-0.7675636574080498,-0.8036360650542816,0.5132107860862578,-0.5590363883096164,-0.44845848071518346,True,False
-0.06822821051324458,-0.39289890391882876,2.0225486180774315,2.133560925195477,2.0098365208814557,-0.3405328024637364,-0.11221135340120038,True,False
-1.416626973893174,-0.34478422101507983,-1.0314931969810008,-0.7638935766873501,-1.0396477346165751,-0.2581330465839439,-0.08023080704133852,True,False
-1.2767747682092838,-0.39289890391882876,0.1373376211277819,-0.18770319534468616,2.0363154270186374,-0.5157243150747204,-0.39027550027385033,True,False
-0.4767193573149563,-0.5232095034498154,-1.0691974169199938,-0.9116599334344934,-1.1765081384387643,0.8352780395130562,-0.13827930471984304,False,True
-0.9829372314727434,-0.5141880004053625,0.1750418410667749,0.4354211722598778,2.1278286107028697,-0.5158631164798204,-0.32091581357775806,True,False
-0.7605322353597019,2.1588499386918003,1.1176473395415996,-0.3325172529560001,0.7836194044878965,-0.2894659550743411,-0.36190712033504807,True,False
-1.118078395367047,-0.39289890391882876,-0.7298594374690568,-0.3015181120297936,1.6174351346404863,-0.5880217426007138,-0.39247730193277214,True,False
0.16042165494878366,2.1588499386918003,-0.8806763172250288,-0.8423944537092699,-0.5098649260208512,-0.4841620825237233,-0.42376985726398864,True,False
0.20556000883970635,-0.39289890391882876,1.0422388996636136,0.31759415674915636,-0.956340592820254,2.010207794309649,1.4046935714347024,True,False
-1.5035621287777545,-0.5232095034498154,-1.0314931969810008,-0.9108272336782338,-1.1630919112251954,0.6679921721490716,-0.2212169237191024,False,True
-1.411258577435273,-0.39289890391882876,0.06192918124979592,-0.31079135931541096,-0.04770287983027151,-0.3066773293067395,-0.270552226542402,True,False
-1.6308698162079782,-0.5232095034498154,-0.9937889770420077,-0.8989801871459961,-1.1684323511839947,1.0638779188690355,-0.0920983173126738,False,True
-1.4838414887283222,2.1588499386918003,0.7406051401516697,1.4920036129864407,-0.6732414515896916,0.4561148446857907,1.254703331130478,True,False
0.025444829721558555,-0.5325651362366555,-0.6544509975910708,-0.4972025547507798,0.6177866486941032,-0.5454760945157177,-0.38583738888122393,True,False
-1.2356353218839404,-0.5141880004053625,0.32585872082274686,0.326413204167723,1.6660573284117144,-0.4798049253723237,-0.30998180001152015,True,False
-0.9844710590321436,2.1588499386918003,0.1750418410667749,-0.4160521785043979,-0.6752697023057512,0.14785502848981896,-0.10191932793285176,True,False
-1.6739813265382648,-0.5141880004053625,2.1356612778944104,1.0099840040789436,0.23762919796843004,0.05246225412392765,0.03865611601388546,True,False
-0.08356648610724744,2.1588499386918003,0.32585872082274686,1.1864406524281192,-1.0610839256707099,2.4314579891007106,4.873967406547883,True,False
-1.3754327480121378,-0.5141880004053625,1.6455064186875015,0.29620891300885516,-0.09312453118716657,0.1275719188141208,-0.053542689829227656,True,False
-0.8385931022220379,-0.49982042148271527,-0.013479258628190058,-0.06351738169525564,0.34002794742233977,-0.4051478739596305,-0.2615321417560112,True,False
-0.11742025152543945,-0.39289890391882876,-0.9937889770420077,-0.6152188202061057,1.313569683326231,-0.6124447550546116,-0.4297516251671929,True,False
0.2813201343629419,-0.5232095034498154,-1.1446058567979798,-0.9361488762663073,-1.1116041155248557,-0.3160071976669387,-0.4456089944619221,False,True
1.064558221659559,-0.5335675254638169,-0.5036341178350989,-0.593341526609833,0.06048289689606549,-0.4673791821940248,-0.37370062316625535,True,False
0.1396054237854941,-0.5232095034498154,-1.0691974169199938,-0.9186621813848574,-1.1464565337925596,0.1820906967999158,-0.328904041108927,False,True
0.0099422154604771,-0.5232095034498154,-0.9937889770420077,-0.9196462810968005,-1.019793206964872,-0.2397328081426456,-0.4291986105454977,False,True
0.1080523997064025,-0.39289890391882876,0.06192918124979592,0.11047901737406225,1.2958178376095255,-0.48696828484422305,-0.31803377815495815,True,False
1.0024382055038474,2.1588499386918003,-0.6921552175300638,-0.6909944980257217,-0.31433411387080845,-0.45640180150372583,-0.3712037633638229,True,False
-1.2566158917143084,-0.3922306444340545,0.1373376211277819,-0.40477288180597354,0.8805474593498659,-0.44521320128392683,-0.3806587016075754,True,False
-0.5458511565993549,-0.5335675254638169,0.25045028094476085,-0.5456505405695152,0.8992669109127649,-0.4310313185889281,-0.40721322148202815,True,False
0.3870994564058687,2.1588499386918003,1.3438726591755574,1.057788540086024,1.101012729844128,-0.30890418663203933,-0.14680470324709166,True,False
-1.4493851481975086,-0.39289890391882876,-0.6921552175300638,-0.18626489576569244,0.9748145981348025,-0.5665980474657157,-0.34649138230982574,True,False
-0.8225426924040278,2.1588499386918003,-1.0691974169199938,-0.8810014424085748,0.04883441113227349,-0.5990896459465128,-0.4604348826112363,True,False
0.3082716757638326,2.1588499386918003,1.7586190785044804,1.2105889453596452,-0.21195397222163304,0.2525776712159094,0.34836751327251864,True,False
-0.7966319625613015,-0.5232095034498154,-0.9937889770420077,-0.9283896285375254,-1.031813848823354,-0.21319156555004803,-0.4442948041116562,False,True
0.38616820395908996,-0.39289890391882876,-1.1069016368589868,-0.868889445953891,2.0071197813902195,-0.62959578085001,-0.4709131137764828,True,False
1.4932630245119387,-0.5232095034498154,-1.1446058567979798,-0.9250209795235664,-1.1565047483491853,-0.06235064726856185,-0.3449808234622548,False,True
-0.6973166280901331,-0.5141880004053625,-0.35281723807912696,-0.5883453280722759,2.110337274252447,-0.5624762492186162,-0.43869292278465977,True,False
1.613285031035011,-0.5232095034498154,-1.1823100767369727,-0.9286924284488925,-1.1673530985093943,-0.1668379310903523,-0.3438873938973954,False,True
-1.6413327113453158,-0.5141880004053625,1.1176473395415996,0.375693889742718,-0.42261292962081787,0.24988009608200962,0.16259063640381244,True,False
-1.2406202614519912,-0.39289890391882876,-0.6921552175300638,-0.7977314667826232,-0.8461637809873264,-0.18617960514885054,-0.3256601410381664,True,False
0.5958643431513861,-0.39289890391882876,1.4569853189925366,1.6871960058514555,-1.1022816053528754,6.563455122053333,8.559322766603824,True,False
1.7295272482152755,-0.5232095034498154,-1.1069016368589868,-0.9294494282273102,-1.0138945328640379,-0.41958925493372917,-0.44952431322296166,False,True
-1.4388126939487853,-0.39289890391882876,0.02422496131080293,-0.6699499041857084,0.05843603837527134,-0.3435924682196361,-0.39671342668785287,True,False
-0.49961721159457484,2.1588499386918003,0.8914220199076417,-0.14709015723257432,0.4685334469187424,-0.26321438497934346,-0.29734549778802455,True,False
-1.0972073846480646,-0.5232095034498154,-1.0691974169199938,-0.9122276832683066,-0.9939841817981315,-0.388877935344432,-0.42219222550085433,False,True
1.317639768960606,-0.39289890391882876,-0.6544509975910708,-0.623167317879492,0.6172656301615372,-0.5454459202972176,-0.41230062377129434,False,True
1.2241310673928816,-0.5141880004053625,2.0602528380164244,0.8066538635959383,0.753493368622754,-0.14139503005115459,-0.13711310574297017,True,False
-0.6662566200122773,-0.20912754560589883,0.09963340118878891,-0.2803978182119386,0.9633521904183554,-0.4579105124287257,-0.3624387123689921,True,False
1.3994256456100571,-0.5232095034498154,-0.9937889770420077,-0.9040142356724741,-1.087972203512051,-0.022152553382865512,-0.35419414249755987,False,True
-0.8332794853198298,2.1588499386918003,-0.27740879820114095,-0.7140829912674628,2.0363526426281062,-0.5537196910099169,-0.45265108643135776,True,False
0.20753207284464958,-0.5232095034498154,-1.0314931969810008,-0.927178428892057,-1.09148907860687,-0.09563884511775873,-0.42314448068257066,False,True
0.35132840653842634,-0.39289890391882876,1.3061684392365644,2.2178528505222923,1.5005409052984071,-0.36228237915853445,-0.03125084179372583,True,False
-1.6894839407993463,-0.5335675254638169,-0.8052678773470429,-0.8168078611987503,1.0038055579111413,-0.5827895331128142,-0.45773388921111047,True,False
0.8519587660155409,-0.5141880004053625,0.06192918124979592,-0.6009115243940104,-0.7520641124449999,0.20645336081681362,-0.1931129019608229,True,False
-1.39438647428187,2.1588499386918003,1.9848443981384383,3.0714458006661376,0.12099547789263367,0.07961301593022525,0.6785906700287151,True,False
0.3709942670321657,-0.5232095034498154,-1.0314931969810008,-0.8967470377996638,-1.0099124626508567,-0.31414846580733885,-0.388532489894375,False,True
-0.0504248549130627,-0.39289890391882876,1.0045346797246206,-0.10734766886564288,-0.6959243655610374,0.6558319620935725,0.1424826856332999,False,True
0.9649142098542334,-0.49982042148271527,-0.6921552175300638,-0.6370582638134575,0.3593614565414773,-0.5365083167775185,-0.40459805163846363,True,False
0.528595048760545,-0.49982042148271527,0.21274606100576787,-0.18365324653015125,0.7419937452968378,-0.4196858124329292,-0.3300822677639996,True,False
0.7800332093908061,-0.5141880004053625,-1.0314931969810008,-0.6803208011500315,1.8815357072371328,-0.6217746234148107,-0.44707992857421225,True,False
-1.5532471857911851,-0.5232095034498154,-0.9937889770420077,-0.91408233272543,-1.1050355604535802,0.07472479253322563,-0.3700097714393445,False,True
-1.0270895533611943,2.1588499386918003,1.7586190785044804,2.04026070250549,-0.31699502994784073,0.35744515019079987,0.8014232670406437,True,False
1.3980013771620425,-0.39289890391882876,1.5700979788095155,0.23841197992666058,1.806360176109785,-0.36473252570073417,-0.32910293267618673,True,False
1.7282125388786467,2.1588499386918003,-0.9560847571030148,-0.8757024439596506,-0.5842217137398815,-0.5009932616030217,-0.43748811770323315,True,False
-1.17258405328145,-0.39289890391882876,1.0045346797246206,-0.09599267218937677,-0.43076314809452526,0.21619359854861275,-0.0625701792774418,False,True
0.6371681281438081,-0.39289890391882876,-1.0314931969810008,-0.7191548897828617,1.4827146283627637,-0.618558051722711,-0.4477503834831111,True,False
1.6180508523802906,-0.5232095034498154,-1.1446058567979798,-0.9360353262995446,-1.136296672407527,-0.2126122205548481,-0.4341753817021894,False,True
-1.7204891693215092,-0.5141880004053625,-0.16429613838416202,0.09193252280282758,-0.9880110764783596,0.79450663547586,1.2844027558402675,True,False
1.352753464159734,-0.5232095034498154,-1.1446058567979798,-0.9218415804542119,-1.1758568652730572,0.22898746719261157,-0.24554923014198818,False,True
0.8964397652381492,-0.39289890391882876,0.06192918124979592,0.20056199100577352,0.309325069610428,-0.3856070500590323,-0.190369995824091,False,True
-0.40150702734864946,-0.39289890391882876,0.1750418410667749,0.47281696131371426,-0.47668721017925175,-0.06515081474536161,0.2604011416070061,False,True
0.21920011820723032,-0.5141880004053625,-0.6921552175300638,-0.8283899578085417,-0.07287923963603928,-0.4959843413320222,-0.440589746403914,True,False
1.189619947306375,2.1588499386918003,0.9291262398466347,0.042538287261069944,-0.09185920046522109,-0.06335846616646176,-0.1410706741723178,True,False
1.5031781240923479,-0.39289890391882876,0.21274606100576787,-0.07884662720821492,0.30545464622565377,-0.355396622496835,-0.2604467515382743,False,True
-0.4039173277991356,2.1588499386918003,-0.9183805371640218,-0.5553022877443414,-0.6134917905872376,-0.4753632804091241,-0.23004115715917264,True,False
-0.23711358071435457,-0.5232095034498154,-0.9560847571030148,-0.8914480393507396,-1.1049053058204388,0.17634552559751643,-0.2905680774239507,False,True
0.040016191535861265,-0.39289890391882876,-0.5413383377740919,-0.2693456214470396,0.11844620864400825,-0.48346807549822335,-0.28469047626601485,True,False
-0.007970699251090518,-0.39289890391882876,0.36356294076173984,0.1402291086658795,0.5959410859358095,-0.3768203176318331,-0.24907005672931867,True,False
-0.37899262995888094,-0.5232095034498154,-1.1823100767369727,-0.9377007258120637,-1.0847716610977183,-0.4703724646692245,-0.45734712295968477,False,True
-1.0876209624018127,-0.20912754560589883,0.21274606100576787,-0.22646158399967453,1.0122907168700694,-0.4468607136140267,-0.35569246210516475,True,False
-1.2388125361141267,-0.5232095034498154,-1.0691974169199938,-0.9307741778395413,-1.0212074001246934,-0.35301285923533526,-0.4510097980834062,False,True
-1.3050410189468034,-0.5141880004053625,1.4192810990535434,1.9650527745196875,1.224605768890624,-0.3166529259428386,-0.02040286334581561,True,False
0.36770749369059363,-0.39289890391882876,0.6651967002736837,-0.0014055498760799522,-0.809655268098253,0.771224208481262,0.4182005106537278,False,True
1.6324030959718219,-0.5232095034498154,-0.9560847571030148,-0.8805472425415242,-1.0399640672970614,-0.12872789312485577,-0.33701267862764983,False,True
-0.8311430826478079,-0.5141880004053625,0.4012671607007328,0.04057008783718382,1.0928811191751548,-0.4293958759462283,-0.3154551301407676,True,False
-1.1850737919794239,-0.39289890391882876,-0.7675636574080498,-0.8193816604453706,-0.34998666774209514,-0.4746692733836242,-0.4239254413541083,True,False
-1.2875663406807785,-0.5232095034498154,-1.0691974169199938,-0.924150429778386,-1.16659017851528,0.5291786973616842,-0.3095182525101406,False,True
1.245823771447257,-0.5232095034498154,-1.0691974169199938,-0.9162019321049998,-1.065810308073271,-0.2658576465199432,-0.40453701998667363,False,True
-0.697754864535676,-0.5141880004053625,1.8340275183824664,3.126706784490633,0.07808588017489496,0.0688649593005262,0.7335222125319079,True,False
-1.3833210040319106,-0.39289890391882876,1.6832106386264944,-0.3076498102349773,-0.46103804639754387,0.519009985727185,-0.15401408572438677,True,False
-0.32804764316451435,-0.39289890391882876,1.2684642192975715,-0.03747658931768534,-0.9417334661036777,2.1151476914089393,0.8022515862053664,True,False
1.1392227560689372,-0.39289890391882876,-0.7675636574080498,-0.6210855684888432,0.5117035539027639,-0.5589639701852165,-0.407692698800854,False,True
-0.27151514168947527,-0.39289890391882876,-0.239704578262148,-0.21056458865290195,1.862518530798482,-0.5449993418634178,-0.3880665681998394,True,False
-0.19980870328751194,-0.34478422101507983,-1.0314931969810008,-0.7791092722335468,-0.6023271077465423,-0.5334667555527188,-0.37544299102481055,True,False
0.45551912146626,-0.3922306444340545,-0.27740879820114095,-0.6589734073986512,0.3909202933711757,-0.46167022005382535,-0.41133950650225304,True,False
-1.180472309301223,-0.20912754560589883,-0.7675636574080498,-0.6619257065344804,-0.6025131857938872,-0.40498493317973056,-0.3016490323903706,True,False
-0.130403006224649,-0.5232095034498154,-1.0691974169199938,-0.9180944315510441,-1.0288179922611007,-0.34108800808413636,-0.4235071915775969,False,True
-0.8045749981367672,-0.5232095034498154,-1.0314931969810008,-0.8953844381985119,-1.0796917304052018,-0.14364602675125437,-0.3372633088002208,False,True
0.022486733714143718,-0.39289890391882876,0.8537177999686487,-0.42816417495908177,-0.5844450073966954,0.3546148084955001,-0.16383225201415008,True,False
1.0150922828688997,-0.5141880004053625,0.6651967002736837,0.6220973176176929,1.7488806672849386,-0.45027040030452636,-0.2762979541992946,True,False
-1.0643396512323442,-0.5141880004053625,-0.126591918445169,-0.31627960770893954,-1.1185448266908213,2.868730693915271,2.046360416699511,True,False
1.1361551009501367,-0.39289890391882876,-0.16429613838416202,-0.28456131699323617,0.38734759486215325,-0.4402344552314273,-0.32114585957402236,False,True
0.696658725626262,-0.5325651362366555,-0.5036341178350989,-0.49568855519394434,0.14501815380486296,-0.4783324235095238,-0.3526438022022886,True,False
-0.8709678196365225,-0.39289890391882876,-0.35281723807912696,0.029366491116601244,-0.7068843625496533,-0.11257865138365726,0.25966599581132116,True,False
-1.4303766423720836,-0.5232095034498154,-1.1446058567979798,-0.9217280304874493,-1.1928457909956482,0.9150224641648489,-0.05914090408560675,False,True
0.026978657280958843,-0.39289890391882876,-0.16429613838416202,-0.5567784373122561,0.43561624034342555,-0.4461787762759267,-0.38934401732334406,True,False
1.357300167282242,-0.5232095034498154,-1.1069016368589868,-0.9327802272523483,-1.0839715254941351,-0.2993329245238402,-0.44296152618869034,False,True
-0.9327591584580769,-0.5141880004053625,1.1930557794195855,1.4214133836489864,-0.3798521943409551,0.23102120951951136,0.6123169799694546,True,False
0.07107619961371704,-0.5232095034498154,-0.9937889770420077,-0.9024245361377968,-1.1512573474140586,0.6001907031795778,-0.2184493667187768,False,True
0.2950698028418516,2.1588499386918003,-0.35281723807912696,0.22739763315068245,1.815254706772872,-0.5545826736590168,-0.33094643489469233,True,False
0.7258562288105603,-0.5141880004053625,0.47667560057871877,0.6669117045000232,-1.1075103984832677,4.18582929659645,5.326365595003616,True,False
0.6365107734754937,-0.5141880004053625,1.3815768791145504,1.9797007202320709,0.44869752707177374,-0.17090541574415194,0.19742938222746206,True,False
0.9059714079287081,-0.39289890391882876,-0.5036341178350989,-0.5562485374673637,2.0391438133382804,-0.574509727556415,-0.4339875540317492,True,False
1.724049292645989,-0.5232095034498154,-1.1823100767369727,-0.9349755266097598,-1.0400384985159994,-0.5147828794575205,-0.45715218054539747,False,True
1.4063278696273582,-0.39289890391882876,-0.39052145801811994,-0.053032934764169926,-0.8206338728916034,0.012276229925631396,0.39273811963105226,False,True
0.19389196347712562,2.1588499386918003,0.28815450088375383,0.7415140326630917,-0.2396237778618227,-0.17124336699135187,0.1865170263176047,True,False
1.026541210008709,-0.39289890391882876,0.9668304597856276,1.6853035064054112,-0.697989831886566,0.6392844206681741,1.4820315422589438,True,False
1.0412221309343976,-0.5232095034498154,-1.1446058567979798,-0.9280868286261583,-1.1398693709165493,-0.19195495056975,-0.3909331047643468,False,True
-1.0961117935342073,-0.39289890391882876,-1.0691974169199938,-0.8664291966740333,0.6064544956107975,-0.6127042533337116,-0.4633604057304586,True,False
0.35932622166958494,-0.39289890391882876,-0.239704578262148,-0.7143857911788298,-0.8431865322298077,0.17310481453061666,-0.24042235199423975,True,False
1.074035084794425,-0.5232095034498154,-1.1823100767369727,-0.9290709283381013,-1.0549061344988586,-0.5027795753382216,-0.44076252968207824,False,True
-0.8135588452703976,-0.39289890391882876,-0.8806763172250288,-0.4196100774629613,0.04323346190719138,-0.5542507572555169,-0.319030194896501,True,False
-1.575980701403725,-0.5232095034498154,-0.9937889770420077,-0.9238854798559398,-1.0821293528254206,-0.04952056956236302,-0.41758266288562973,False,True
-1.4189277152322743,-0.5325651362366555,-0.5036341178350989,-0.5130995500975524,0.7103976928576703,-0.5268586017012193,-0.39355162825368945,True,False
-0.7463991099909422,-0.39289890391882876,-0.5790425577130849,-0.22589383416586123,1.5813173856508373,-0.5712388422710153,-0.3809260686665534,True,False
0.8053961436766036,-0.5232095034498154,-1.1069016368589868,-0.9359596263217028,-1.202019438729753,2.962898395010062,-0.18973513814129084,False,True
-0.22719848113394558,2.1588499386918003,-0.4282256779571129,-0.3990953834678405,1.0649880198781512,-0.5351565117887187,-0.3877422440119796,True,False
-1.4207354405701391,-0.39289890391882876,0.32585872082274686,-0.18070094739432205,1.934158579026276,-0.4937454143193224,-0.3865055401175555,True,False
-0.08964701678915571,-0.39289890391882876,2.0602528380164244,2.36879860633879,0.5739466607396398,-0.09097994578135919,0.23379201528996452,True,False
0.4147083524750738,-0.5335675254638169,-0.6167467776520779,-0.4190044776402271,0.9656967738149015,-0.5559706877100167,-0.3870555693676584,True,False
0.22111740265648067,-0.39289890391882876,-1.0314931969810008,-0.8597297486350363,1.5974875679651108,-0.6195779403080109,-0.4683265361138635,True,False
-0.968201530991362,-0.39289890391882876,0.36356294076173984,0.2688055210301329,1.386586709104378,-0.4578924078976257,-0.30024041497171067,True,False
0.04341252398881904,-0.49982042148271527,-0.4282256779571129,-0.41325127932425226,0.12289347397555189,-0.45880366929632566,-0.3267891991716082,True,False
0.283346977923578,-0.5141880004053625,0.21274606100576787,0.7625586265031049,-0.573615265041221,0.03984339594722884,0.5465504269710689,True,False
-1.743606141823899,-0.39289890391882876,0.47667560057871877,0.09408997217131815,-0.7199098258637977,0.4009503384240959,0.3295694824388395,False,True
-0.9134219752984947,-0.5232095034498154,-1.1069016368589868,-0.9134010329248541,-1.0760446006772415,-0.3190487588917384,-0.391157391579193,False,True
-0.0005754592325534279,2.1588499386918003,1.9471401781994453,2.400592597032335,1.2737489811944178,-0.25992539516284374,0.037948441905345846,True,False
0.8574915011405205,-0.39289890391882876,-0.7298594374690568,-0.25117762676501376,1.3241947398296259,-0.5816067037476145,-0.3747224900047315,True,False
1.3927425398155273,-0.39289890391882876,-0.013479258628190058,0.3374275509437012,0.6725122024182444,-0.44715038611162666,-0.21818454623661643,True,False
0.2956723779544731,-0.5232095034498154,-1.1823100767369727,-0.9396689252359498,-1.1732517726102283,-0.09869247602995852,-0.4269985327231909,False,True
0.5777323102170471,-0.5232095034498154,-0.9560847571030148,-0.8838780415665622,-1.1227687983655512,0.3361119777113018,-0.22184516813779792,False,True
-0.8648872889546142,-0.39289890391882876,0.1750418410667749,0.5936341259491859,0.7992127448554008,-0.4316227332715281,-0.18564929276092837,True,False
-0.3027942679901025,-0.39289890391882876,-0.5413383377740919,0.005369598140758835,1.915569382096519,-0.575372710205515,-0.36305025124376467,True,False
1.0131202188639565,-0.5232095034498154,-1.0314931969810008,-0.9056039352071514,-1.0964387546662449,-0.07268229968296085,-0.35034652350176176,False,True
0.30065731752252406,-0.5232095034498154,-1.0691974169199938,-0.924150429778386,-1.1399624099402217,0.11010104630262238,-0.37046123641317746,False,True
1.274309140407548,-0.3922306444340545,-0.315113018140134,-0.2224116351851396,-0.7778917454164749,-0.0004814296561675079,0.15783859085674173,True,False
-0.16551670142377697,-0.5232095034498154,-1.1823100767369727,-0.9329316272080319,-1.1215406832530748,-0.40183474476833086,-0.42858848991812204,False,True
1.6320744186376646,2.1588499386918003,1.6832106386264944,0.7167979898977523,1.371011976541608,-0.3047582490101397,-0.23240953628444488,True,False
0.7666122182460536,-0.39289890391882876,-0.126591918445169,-0.17661314859086624,0.3783972407848626,-0.43203913748682804,-0.29414779653854445,True,False
-1.1888535813222316,-0.5232095034498154,-1.1823100767369727,-0.9368680260558041,-1.051519514037181,-0.5057004396890213,-0.4600111714069039,False,True
-0.46707815551301163,2.1588499386918003,1.8340275183824664,2.335263516154884,0.3325290021143398,-0.04830153113496307,0.3368443942143654,True,False
0.42495212938964,2.1588499386918003,-0.35281723807912696,-0.2585962245935077,-0.38024295824037935,-0.32047298200493823,-0.1629394770312703,True,False
0.17910148344005142,-0.5141880004053625,0.8914220199076417,1.5680820907174238,0.5039999227426842,-0.27105968178934275,0.08336125637441195,True,False
0.5611341048421082,2.1588499386918003,1.6832106386264944,-0.04194288801035002,-0.8028634193701633,1.4844582460093971,0.3654158421064082,True,False
-0.14404311559217298,-0.5141880004053625,-0.5790425577130849,-0.14550045769789707,-0.9618857186311326,0.1567081441977182,0.7397704777401616,True,False
0.08718138898742005,2.1588499386918003,1.4946895389315296,-0.21590143709074702,0.5550225233246613,-0.18026545832285107,-0.3212570783781702,True,False
0.5829911475635623,-0.5232095034498154,-0.9560847571030148,-0.9044684355395247,-1.0269199961781823,-0.1645145162658525,-0.396090722053188,False,True
0.3251437789172357,-0.39289890391882876,1.6078021987485085,0.71157469142667,0.961137861654951,-0.2512593596096446,-0.18667972393313242,True,False
1.420460994996118,-0.5232095034498154,-1.0691974169199938,-0.9286924284488925,-1.1684695667934637,0.5770350079026798,-0.3405942547844152,False,True
-0.8931535396921337,-0.20912754560589883,-0.7675636574080498,-0.6269901667605016,-0.9471855528908839,-0.09734670588485868,-0.021221623052946437,True,False
0.3804163506113389,-0.39289890391882876,1.9094359582604523,0.8859874403741176,0.9622543299390206,-0.21018621338744833,-0.1559635177028807,True,False
1.5851831189645702,-0.3922306444340545,-0.6921552175300638,-0.6699877541746293,-0.7273529477575945,-0.2977457606307403,-0.2623019131607937,True,False
-0.10898419994873788,-0.39289890391882876,-0.08888769850617603,-0.3539781966741431,-1.105593794595615,2.5540196298039994,1.6124010977187329,False,True
-0.14371443825801578,-0.5232095034498154,-1.1823100767369727,-0.9383063256347978,-1.0086657397336458,-0.5344081911699187,-0.4668782547818179,False,True
0.7521504155431367,-0.39289890391882876,0.09963340118878891,0.7252006874381893,1.3289583378416556,-0.48459055642642335,-0.22704306051846113,True,False
1.214051629145394,-0.3922306444340545,-0.39052145801811994,-0.33422050245744006,0.07393633971910331,-0.44307083177042705,-0.2973369021118128,True,False
1.6161335679310402,2.1588499386918003,0.8160135800296556,1.221754692091307,-0.6413476742747721,0.43412990908669274,0.9765520443169426,True,False
0.4883868548819804,-0.5232095034498154,-1.0314931969810008,-0.90810203447593,-1.1444468908812344,0.3188040459797034,-0.2751367856910889,False,True
-1.5738442987317032,-0.39289890391882876,-0.239704578262148,0.3566174953265909,0.12721048467395407,-0.4175555126068294,-0.10624575038407166,True,False
1.7146272090668158,-0.39289890391882876,1.6078021987485085,3.064632802660378,0.19674785096675088,-0.03877854777636395,0.6145356752272029,True,False
0.882854435426318,-0.5232095034498154,-1.0691974169199938,-0.9146879325481643,-1.0861858542575398,-0.20582905623604872,-0.3879884627299405,False,True
-1.3192289238712558,-0.5141880004053625,0.09963340118878891,0.7919680678946341,-0.5745642630826802,-0.011784691906266397,0.5657781867659906,True,False
0.9231721884162685,-0.5232095034498154,-1.1446058567979798,-0.921160280653636,-1.1870587637232213,0.585278604396879,-0.1402165523077177,False,True
0.6079158454038169,2.1588499386918003,1.1176473395415996,1.4773556672740575,-0.6592855980388225,0.630757186520075,1.2009556647650825,True,False
0.269706868556054,-0.5232095034498154,-1.1823100767369727,-0.9366409261222788,-1.1408555845674775,-0.3384326768561366,-0.4344989928485404,False,True
-1.6360738739988006,2.1588499386918003,1.8340275183824664,3.1080845899415563,0.2838509849289082,-0.02896589192016488,0.5620724943729494,True,False
1.7258570179838535,2.1588499386918003,2.0225486180774315,0.7307646358095597,-0.9579036484179514,3.1644682094337435,2.0365937852889133,True,False
1.1182969657942619,-0.5232095034498154,-1.1823100767369727,-0.9287681284267343,-1.003306691970112,-0.5371721495845185,-0.4498112301562772,False,True
-1.7396620138140126,-0.5141880004053625,1.1553515594805925,1.3462433056521046,-0.3343747195698563,0.1730746403121166,0.5229707319430259,True,False
-0.5589434704099502,-0.39289890391882876,-0.39052145801811994,-0.254129925900843,1.642295161765768,-0.5531282763273171,-0.3868495787277935,True,False
1.7069580712698142,-0.5141880004053625,2.0602528380164244,1.0431405943736407,0.4390214686098376,-0.04589362849866333,-0.016798579559458862,True,False
-1.0498778485294271,2.1588499386918003,-0.315113018140134,-0.6141590205163209,0.4854293336176611,-0.4783867371028238,-0.40500466551782416,True,False
-0.5577930997403999,2.1588499386918003,1.6832106386264944,0.07319677828698848,0.7947654795238573,-0.20759726544014856,-0.2847786583444903,True,False
1.1541227952173971,-0.5232095034498154,-1.1069016368589868,-0.9243018297340696,-1.1463076713546836,0.015432453180731042,-0.361126645472011,False,True
0.9366479591167138,2.1588499386918003,0.8914220199076417,0.05355263403704809,1.3963185909805171,-0.39837074448453114,-0.3326705614276129,True,False
0.428677139176755,-0.5232095034498154,-1.1823100767369727,-0.9317204275625635,-1.0703692202332216,-0.4876683267134229,-0.44362731106748676,False,True
-1.4734881527023702,-0.5232095034498154,-1.1069016368589868,-0.9226364302215506,-1.1230851310460375,-0.15195600652615365,-0.3843151784652601,False,True
-1.4713517500303486,2.1588499386918003,-0.6544509975910708,-0.4263473754908792,1.7917158337837393,-0.5837671777922142,-0.41355027211157247,True,False
-1.58677227387522,-0.39289890391882876,0.5897882603956978,0.45120461763988773,0.33035188896040396,-0.2873477249356413,-0.13181081938403016,False,True
-0.6359087461584287,-0.5141880004053625,1.4946895389315296,1.1683862077128562,2.0848631895709273,-0.39507571982433143,-0.23326609502716888,True,False
-1.179595836410137,2.1588499386918003,-0.9183805371640218,-0.71097929217595,0.5424622551288792,-0.586012139648614,-0.4286690087592819,True,False
-0.3487543152164182,-0.39289890391882876,-0.35281723807912696,-0.13505386075573222,-0.8435028649102941,0.08298649355852492,0.3613801682071615,True,False
-0.2562316456511653,-0.5141880004053625,-0.16429613838416202,-0.6017820741391908,1.9140063264988212,-0.5394412508157183,-0.43775163747231133,True,False
0.05995594980806498,2.1588499386918003,1.7963232984434734,3.1720889212067767,0.4416637768821356,-0.09431117950375895,0.4776523445423539,True,False
-1.472009104698663,-0.5325651362366555,-0.5790425577130849,-0.3478464984689594,0.7186967737692536,-0.5389765678508183,-0.36099343991540167,True,False
0.25842228008332335,-0.5232095034498154,-1.1823100767369727,-0.934218526831342,-1.1702745238527095,-0.13525759400825518,-0.3830425325774144,False,True
-0.12229563198210465,2.1588499386918003,2.1356612778944104,0.8430655529378317,-0.6594716760861674,1.1774657469904248,0.7612442007538317,True,False
-0.7552733980131867,-0.39289890391882876,1.1930557794195855,-0.16790765113906223,1.6880517536078836,-0.3920582979743317,-0.37687543656686157,True,False
0.2993973877415881,-0.5335675254638169,-0.4659298978961059,-0.3333121027233388,-0.49810479342865216,-0.3143415808057388,-0.15093804032619587,True,False
0.31353051311034785,-0.5232095034498154,-1.0691974169199938,-0.9339914268978167,-1.1274207495491742,0.0014919642337323223,-0.42980519730781275,False,True
1.1633805401294917,2.1588499386918003,1.0422388996636136,-0.4558703668491711,-0.4323820271064261,0.23231870091501122,-0.23896730068567,True,False
-0.8981932588158775,-0.39289890391882876,-1.0691974169199938,-0.7638557266984293,-0.9958821778810496,-0.3866691825502322,-0.16021240668453296,True,False
0.35494385721415556,-0.5232095034498154,-1.1823100767369727,-0.9406530249478928,-1.021226007929428,-0.5273172498224193,-0.4706994912417864,False,True
-1.2411680570089199,-0.5232095034498154,-1.1069016368589868,-0.9311148277398292,-1.2001772660610381,2.4995612002552043,-0.09644285571959259,False,True
0.7439334821892065,-0.5232095034498154,-1.0314931969810008,-0.9106001337447085,-1.155667397136133,0.5024805488328865,-0.25239312007881015,False,True
-1.2774869024332909,-0.39289890391882876,0.5520840404567048,1.2511641334828363,1.920239941084876,-0.47158546825292447,-0.2101332889703083,True,False
1.7007679814765202,-0.5232095034498154,-1.0314931969810008,-0.9153692323487402,-1.0567669149723078,-0.21629347521184775,-0.4068311252607047,False,True
0.21229789418992903,2.1588499386918003,0.7406051401516697,0.884170640905915,0.9207403175763686,-0.3647989089814342,-0.14999089396935655,True,False
-1.1524799563421677,2.1588499386918003,0.6651967002736837,0.029480041083363905,-0.7360800081780713,0.5536077446592819,0.3049013804789835,True,False
-0.28898981995549994,-0.39289890391882876,-0.7298594374690568,-0.37305459109027017,-0.37897762751843383,-0.4553698432310259,-0.21619154820549027,False,True
0.5437142061317765,-0.5141880004053625,0.8914220199076417,1.2789838753396883,-1.0875256161984233,4.39859374608363,6.269578501454945,True,False
-1.0405653240616397,2.1588499386918003,-1.1069016368589868,-0.8941732385530435,0.3049522354978223,-0.6139715705107114,-0.46708141676251,True,False
-0.1753770214484931,2.1588499386918003,-0.8429720972860358,-0.5439851410569962,-0.717732712709862,-0.3948645002948315,-0.16880188492013168,True,False
-1.5518776968988635,-0.5232095034498154,-0.9937889770420077,-0.9040142356724741,-0.9978918207923748,-0.2805947348353419,-0.40654102706527245,False,True
-0.1029036692668296,-0.5141880004053625,1.6455064186875015,0.11259861675363193,1.3439376206529219,-0.3055608832222396,-0.32076229809157625,True,False
-0.36097015613592764,-0.5141880004053625,1.5323937588705225,0.9620659181051007,-0.5020496480323645,0.5228843553825847,0.5513024176687926,True,False
-0.07244623630159537,-0.5141880004053625,-0.239704578262148,-0.23304748207190887,2.1146915005603186,-0.5524644435203171,-0.3976358673317516,True,False
-1.395208167617263,-0.20912754560589883,-0.6167467776520779,-0.72206933892977,-1.0123873006805442,0.30116419784460496,-0.05442532551856316,True,False
0.4121884929132019,-0.5232095034498154,-0.9937889770420077,-0.8971255376888727,-1.1596494673493145,0.7903727675413603,-0.14121089260970165,False,True
1.5533014175513213,-0.34478422101507983,-0.27740879820114095,-0.5271040459982806,0.5247290172169083,-0.47565898775042403,-0.38741851533131394,True,False
-0.9051502623888718,2.1588499386918003,-0.35281723807912696,-0.34761939853543405,1.2209958547721327,-0.5328753408701188,-0.38551323707702556,True,False
-1.7546716120738584,-0.5141880004053625,0.9291262398466347,0.34109899986902725,-0.39349171521133774,0.14980428300491885,0.1235678256908534,True,False
0.13062157665186383,-0.5232095034498154,-1.1446058567979798,-0.9209331807201107,-1.2032103382327604,2.351091975547818,0.35591072454591877,False,True
-1.299782181600288,-0.5232095034498154,-1.0691974169199938,-0.9313419276733546,-1.009391444118291,-0.36974144597173375,-0.45374848865605244,False,True
-1.741579298263263,2.1588499386918003,0.7783093600906626,0.6529829085771368,2.084770150547255,-0.4597390700698255,-0.2934364005100408,True,False
-0.07699293942410336,-0.39289890391882876,-0.08888769850617603,-0.22138968548427565,1.9359263204760526,-0.5330382816500189,-0.39153348571484803,True,False
1.1264043400368062,-0.39289890391882876,-1.1069016368589868,-0.8508728512275486,0.6890731486319421,-0.6199400309300109,-0.46093693435409694,True,False
-1.2694890873021323,-0.3922306444340545,-0.35281723807912696,-0.7037120943031397,0.45145148217247844,-0.4817602147311235,-0.4241814232558066,True,False
0.6695428455582927,2.1588499386918003,0.9668304597856276,1.66520516228842,1.4193550532418184,-0.3919858798499317,-0.09824483698254094,True,False
-0.21251756020825716,-0.34478422101507983,-1.0314931969810008,-0.8953844381985119,-0.554784166649915,-0.5414025750182181,-0.45088086294022933,True,False
0.8617643064845641,-0.39289890391882876,-0.8052678773470429,-0.7005326952337851,-0.10732228619958399,-0.5218255420554199,-0.3948764515416211,False,True
0.7542320386594655,-0.39289890391882876,0.8914220199076417,0.8539663497470471,0.07955589674891987,-0.1488903059265539,0.055576277595453825,False,True
0.36036703322774943,2.1588499386918003,1.8717317383214593,1.7092625493923326,1.5253637168142198,-0.3033521304280398,-0.10682202112882667,True,False
-0.18803109881354543,-0.5232095034498154,-1.1069016368589868,-0.9279354286704747,-1.1778665081843822,0.5837276495659792,-0.2968058272288533,False,True
0.34760339675131136,-0.5232095034498154,-0.9937889770420077,-0.8934162387746257,-1.0327814546695475,-0.21089229010034824,-0.3699542639003433,False,True
0.7571901346668805,-0.5141880004053625,-0.239704578262148,0.20128114079527035,0.29092195072801524,-0.4421293961532271,-0.18664437744690512,True,False
1.5805268567306765,-0.3922306444340545,-0.6544509975910708,-0.6249841173476945,-0.2367953915421799,-0.45976320944462556,-0.35382985664271727,True,False
0.2051765519498563,2.1588499386918003,1.1930557794195855,-0.1629871525793469,-0.05985377632189477,-0.01135621800356647,-0.21903499319497832,True,False
-1.0373881098314535,-0.39289890391882876,0.7029009202126767,1.003171006073184,-0.6699106545422175,0.4287890724121932,0.8983215727565557,False,True
-0.5899486989321131,-0.5232095034498154,-1.0314931969810008,-0.9069665348083034,-1.0582183237415983,-0.2123225480572481,-0.38543473199045675,False,True
-1.7418531960417274,2.1588499386918003,1.0045346797246206,0.22421823408132793,-0.48068788819716757,0.27467726884530735,0.13393145306369003,True,False
-1.2797876437723914,-0.5141880004053625,-0.6544509975910708,-0.30522741094404054,-0.0833554337015582,-0.4846871139256233,-0.2620535083045802,True,False
0.12152817040684787,-0.5232095034498154,-1.0691974169199938,-0.918472931440253,-1.1350313416855815,0.06321031075362671,-0.34975067154018524,False,True
-1.7305686075689968,-0.5141880004053625,0.7406051401516697,1.6063484295164407,0.32194116122041366,-0.25616568753774416,0.15971345906601828,True,False
-0.26625630434296,-0.39289890391882876,0.5897882603956978,0.39371048446906026,-0.07535407766572674,-0.16048927551795283,-0.027225220996192744,True,False
-0.05951826115807868,-0.5232095034498154,-1.1069016368589868,-0.9361110262773864,-1.1744054565037667,0.47777389872508885,-0.3912450800135468,False,True
1.1907703179759253,-0.49982042148271527,-0.9560847571030148,-0.8711604452891442,-0.12228296120611563,-0.5612813501660163,-0.45388989810782476,True,False
-0.27885560215231947,-0.5141880004053625,-0.27740879820114095,-0.6579893076867082,1.4711405738179097,-0.5348185605415187,-0.4388378112521459,True,False
-0.9919210786063736,-0.5232095034498154,-1.1069016368589868,-0.9138552327919047,-1.2025776728717876,3.132169725951347,0.5396367451582046,False,True
-0.7759800700650905,-0.39289890391882876,-0.39052145801811994,0.21857858573211575,-0.2599621084366226,-0.3729459479764335,-0.010322572027508024,True,False
-0.08920878034361278,-0.39289890391882876,-0.4659298978961059,-0.45889836596284206,0.2105920576892131,-0.4780548206993238,-0.34856046422063874,False,True
0.6746921237934222,-0.5232095034498154,-1.1823100767369727,-0.9342942268091838,-1.0801011021093607,-0.476401273525524,-0.4483720929939118,False,True
0.5807999653358475,-0.5141880004053625,-0.013479258628190058,-0.46571136396860174,0.018559512829254873,-0.3429950186933362,-0.33021135178397504,True,False
-1.2038084000263845,-0.5325651362366555,-0.5036341178350989,-0.7349004851739507,0.10880736579154134,-0.4738123255782242,-0.41879336035403114,True,False
-1.3470021586075396,-0.39289890391882876,0.6274924803346907,0.12580826288702152,-1.0035299856269257,2.0182944848676483,1.4761022495094225,False,True
0.8437418326616108,-0.5141880004053625,1.7963232984434734,1.675954559141952,1.4364184101833475,-0.3004071267024401,-0.09913874813046238,True,False
0.5665572808557021,-0.5141880004053625,-0.315113018140134,0.07565702756684614,-1.0380846790188778,0.9481778954526459,1.749889949521444,True,False
-0.029882521528237452,-0.39289890391882876,1.3815768791145504,0.7211885886125753,-0.8169309197494393,1.3338406169448107,1.1348501036251257,True,False
0.5505068710376919,-0.5232095034498154,-0.9937889770420077,-0.9236205299334936,-1.1256530080993974,0.24160029052561038,-0.3858163894170055,False,True
1.2006306380006415,-0.5335675254638169,-0.239704578262148,-0.17275244972093576,-0.41451853456131366,-0.26451187637484336,-0.10801226762647805,True,False
-0.9650790963168686,-0.5232095034498154,-0.9937889770420077,-0.8973904876113189,-1.1796900730483624,1.616651497257885,0.05111161911895728,False,True
1.161956271681477,-0.39289890391882876,0.4012671607007328,0.31702640691534306,1.7187546314197961,-0.47508567759892417,-0.3142703450709372,True,False
0.7696250938091613,-0.5232095034498154,-1.1069016368589868,-0.933537227030766,-1.070964669984725,-0.33052099676543734,-0.4483546665728589,False,True
1.183484637068774,2.1588499386918003,1.4946895389315296,-0.16892960083992617,1.620747323883226,-0.3544008732863351,-0.37456502536557734,True,False
0.24746636894474985,-0.5232095034498154,-1.0314931969810008,-0.9142337326811136,-1.126080987608291,0.11870673341882158,-0.3444672220140739,False,True
-1.0178865880047927,2.1588499386918003,-1.0314931969810008,-0.8277086580079658,2.0022445365497825,-0.6225893273143107,-0.46596770861056225,True,False
1.6039177270115308,2.1588499386918003,2.0979570579554174,-0.07960362698663266,0.9298581418962697,-0.17745925600235132,-0.32453024449328,True,False
-0.36590031614828566,2.1588499386918003,-0.6544509975910708,-0.19076904444727802,1.371923758973598,-0.5740691839663151,-0.36766914608357276,True,False
0.34913722431071165,-0.5141880004053625,-0.05118347856718305,0.48992515630595523,1.412265479637977,-0.5067323979617212,-0.26957057211077995,True,False
1.2947419146809875,-0.5232095034498154,-1.0691974169199938,-0.9194191811632751,-1.0751700338547205,-0.24045698938664556,-0.40835541995184843,False,True
0.07951225119041862,2.1588499386918003,0.8537177999686487,1.729587993442849,1.4240814356443794,-0.4052021875529305,-0.08952737171390356,True,False
0.9005482319151142,-0.5141880004053625,-0.315113018140134,-0.3340691025017565,-0.8120556749090024,0.05408562707922758,0.1050870983286387,True,False
0.5558204879399001,-0.5141880004053625,1.4192810990535434,2.223038299004454,0.883468884693181,-0.26349802263324346,0.10171246092187648,True,False
0.1741165438720005,-0.39289890391882876,-0.4659298978961059,-0.6615850566341924,0.596573751296782,-0.5133224472821206,-0.419698029809554,False,True
0.5718161182022173,-0.39289890391882876,0.9291262398466347,0.3279272037245585,0.38262121245959235,-0.23572567192584598,-0.172944374004537,False,True
1.032347842912153,-0.20912754560589883,-0.8806763172250288,-0.862833447726549,0.14894440060384073,-0.5611727229794162,-0.4567424010751622,True,False
0.4978089384611536,-0.5335675254638169,-0.202000358323155,-0.29250981466662246,0.00222186027237073,-0.38511219287563236,-0.27336262871823,True,False
-0.23563453271064716,-0.3922306444340545,-0.013479258628190058,-0.3395573508952851,0.6316680710260343,-0.4428052986476271,-0.35365162760797386,True,False
-1.0073141337560694,-0.5141880004053625,0.5897882603956978,1.6363256207417831,1.9544969096010762,-0.4699017468606246,-0.16623104902005514,True,False
1.697535987690641,2.1588499386918003,-0.126591918445169,-0.6308130156415112,-0.6923330592472804,0.0016669747010323273,-0.24800340148133787,True,False
-0.6778151062634723,-0.5141880004053625,0.7029009202126767,0.9500296216282585,-0.9141566994871605,1.300872265811714,1.9511509145371553,True,False
-0.6785272404874796,-0.39289890391882876,-0.27740879820114095,0.10075157022139428,-0.4420766933730965,-0.26552573011644326,0.041670542088713076,False,True
0.5794852559992187,-0.5141880004053625,1.9094359582604523,2.8603942624432714,-0.2632184742651587,0.34807907276840067,1.061094312300465,True,False
1.467133176446441,-0.39289890391882876,-0.5790425577130849,-0.7218800889851655,-0.21347981220986129,-0.4416043647513272,-0.39405765265638537,False,True
0.9847991885707442,-0.39289890391882876,0.21274606100576787,0.7994623657009697,0.12607540858515007,-0.3168400060975386,0.021325783181033002,True,False
0.8869081225475902,-0.5141880004053625,1.7209148585654874,0.4181615773119533,0.6154048496880882,-0.158727101157553,-0.19301588913750642,True,False
0.9341828791105348,-0.39289890391882876,-0.9183805371640218,-0.6598818071327525,0.16196986391798526,-0.5701103264991155,-0.4001640304399873,False,True
-1.3131483931893477,2.1588499386918003,0.7029009202126767,1.1212629715063518,0.21535565570124304,-0.23514029208694606,0.0767192903901678,True,False
1.55384921310825,-0.5325651362366555,-0.7298594374690568,-0.7805475718125405,-0.7870840009553141,-0.27568237206354235,-0.33151449390866333,True,False
1.7341835104491694,-0.5232095034498154,-1.0691974169199938,-0.9073071847085913,-1.1579375493137412,0.3496481321304005,-0.22085665753782097,False,True
-0.5797597015732397,-0.5232095034498154,-1.1446058567979798,-0.9297900781275982,-1.1460843776978697,-0.1508818043475537,-0.39242185707873867,False,True
-0.49698779292131723,-0.5232095034498154,-1.1823100767369727,-0.9319475274960888,-1.1400926645733633,-0.3415285516742363,-0.410649713280783,False,True
-0.37751358195517354,-0.5141880004053625,1.2307599993585785,0.208775438601606,0.10316920095699032,-0.08105866273856017,-0.14264654292073228,True,False
-0.010490558812962415,-0.5232095034498154,-0.9937889770420077,-0.8997750369133348,-1.1247784412768762,0.2329402898161112,-0.2843165525973705,False,True
1.7372511655679699,-0.5141880004053625,0.47667560057871877,0.6268664162217247,-0.9319271530086004,1.1847135942741243,1.6634801161273958,True,False
1.5139696965638427,2.1588499386918003,-0.013479258628190058,0.7683496748080005,-1.137431748496331,4.167223873469351,8.089828710601733,True,False
0.8699264602828014,2.1588499386918003,-0.7298594374690568,-0.4339930732528984,1.1086791453947387,-0.575861532545215,-0.3952649573009037,True,False
-0.08017015365428966,2.1588499386918003,0.4012671607007328,0.11551306590054024,-0.9319829764228039,1.1055907585234312,0.9666128646968101,True,False
-0.19186566771204616,-0.39289890391882876,-0.6544509975910708,-0.18713544551087286,-0.5036499192395308,-0.3907668414225318,-0.06915884736780022,True,False
-0.8820332898864817,-0.5141880004053625,0.36356294076173984,0.066989380103963,0.7669654192505262,-0.399837211503631,-0.2832454937304006,True,False
-1.1418527225377515,2.1588499386918003,-0.6167467776520779,-0.7973529668934144,0.4512281885156644,-0.5289285530903192,-0.44582973957608674,True,False
-0.6060538883058161,-0.5232095034498154,-1.0691974169199938,-0.9194191811632751,-1.1775873911133647,0.8788375413396523,-0.20925484533819552,False,True
0.6018900942776015,-0.34478422101507983,-0.4659298978961059,-0.7442494324374098,-0.28973459601180995,-0.38852187956613204,-0.39628503761779715,True,False
-1.0542054334291637,-0.5141880004053625,-0.239704578262148,0.30960780908684915,0.27389580939595504,-0.43982408585982735,-0.15525012359102783,True,False
0.9047114781477721,-0.5141880004053625,-0.6544509975910708,-0.46571136396860174,1.441498340875864,-0.5758856719200149,-0.4104902348870377,True,False
0.8962206470153777,2.1588499386918003,1.6078021987485085,0.464187163839752,-1.0775146172512664,5.587735557793722,3.48437068356291,True,False
-0.7575741393522871,-0.5325651362366555,-0.9560847571030148,-0.7918268685109648,-0.5818771303433354,-0.5015243278486218,-0.3865699567576075,True,False
-1.6562875300494686,-0.5141880004053625,2.0602528380164244,0.03390848978710769,1.6447886076001899,-0.29792077109804027,-0.3481249055573891,True,False
0.5487539252555202,-0.5141880004053625,0.6274924803346907,0.1352707601172433,0.553198958460681,-0.32589830649123774,-0.244564527653806,True,False
-0.5587243521871786,-0.5232095034498154,-1.1446058567979798,-0.9322881773963768,-1.1400554489638943,-0.1908324696415501,-0.4124597417264747,False,True
0.34020815673277427,2.1588499386918003,0.9668304597856276,1.4642217211185096,-0.5069062850680669,0.29282404385120575,0.8317579177074195,True,False
-0.055081117146956425,-0.5232095034498154,-0.9937889770420077,-0.9130225330356453,-1.1459541230647283,0.5036573433543864,-0.2983348624706881,False,True
-1.424460450357254,-0.5335675254638169,-0.6167467776520779,-0.5772931313073768,0.9806202332119641,-0.5565681372363167,-0.41546568182378424,True,False
-0.4278012140812258,-0.39289890391882876,0.9291262398466347,0.15669385384646536,0.4206369575321597,-0.24520641137854512,-0.2204256121922541,False,True
-0.4287324665280045,-0.5141880004053625,0.06192918124979592,0.41649617779943426,1.6403971656828495,-0.5058633804689213,-0.29629855696242197,True,False
-0.5414687921439255,-0.5232095034498154,-1.1446058567979798,-0.9222957803212626,-1.080938453322413,-0.3912616986059318,-0.41356143787146477,False,True
1.5146270512321571,2.1588499386918003,0.7406051401516697,1.4839794153352128,1.8853130915982346,-0.45153168263782634,-0.17815934020330912,True,False
0.7501235719825006,-0.49982042148271527,-0.5790425577130849,-0.38668058710178954,0.07449457386113792,-0.4867208562525231,-0.3130941164992137,True,False
-0.2144348446575075,-0.5141880004053625,2.0979570579554174,3.7134951627311454,-1.054440939380496,5.602098485799721,10.73512747276864,True,False
-0.9065745308368862,-0.5232095034498154,-1.0314931969810008,-0.8965199378661385,-1.04422525458126,-0.24774708057624492,-0.36956878269075777,False,True
-0.3419068707548098,2.1588499386918003,2.0225486180774315,1.0370088961684572,1.1348789344609036,-0.22769329496114674,-0.15501587770191982,True,False
-0.06231201849841491,2.1588499386918003,-0.315113018140134,-0.74852648118547,1.948207471600818,-0.5547697538137168,-0.45608262611765515,True,False
-1.3321568990147725,-0.5232095034498154,-1.1446058567979798,-0.9350133765986807,-0.9956588842242359,-0.4895753373226228,-0.46186395100064626,False,True
-0.757190682462437,-0.5141880004053625,1.6832106386264944,0.6370859132303642,0.13262535585169122,0.006681929815731866,-0.027541106220260337,True,False
0.9304030897677269,2.1588499386918003,1.7209148585654874,1.491625113097232,-1.102877055104379,7.305952116682764,7.93203791372436,True,False
-0.37921174818165243,-0.5232095034498154,-0.9937889770420077,-0.9098431339662907,-1.0838040552515247,-0.04197098009366372,-0.3753914796525076,False,True
-0.5753225575621175,-0.5141880004053625,1.7586190785044804,0.3476091979634198,-1.0324092985748576,4.29111317978664,2.255790972529525,True,False
-0.7782808114041909,-0.5232095034498154,-0.9937889770420077,-0.889971889782825,-1.19790711388343,4.104545986801158,0.8084076104834788,False,True
-0.2499867763021784,-0.39289890391882876,0.1750418410667749,0.3807657882581169,0.29295020144407513,-0.3604538215174346,-0.14117360288947198,False,True
1.3501788250421694,-0.39289890391882876,0.06192918124979592,0.05483953366035825,-0.05990959973609829,-0.30311677152373984,-0.14634686791340437,False,True
0.3211448713516564,-0.39289890391882876,0.5897882603956978,0.8666460960355443,-0.07790334691435216,-0.15940300365195298,0.1340822652606348,False,True
1.410217218081552,-0.5232095034498154,-1.0691974169199938,-0.9139309327697466,-1.0070468607217449,-0.3728433556335335,-0.42171187059247905,False,True
1.2807183484236135,-0.5141880004053625,0.1373376211277819,0.7730052234452697,1.7921065976831634,-0.5053443839107215,-0.2598931649162478,True,False
-0.2276914971351814,-0.5141880004053625,1.1930557794195855,2.3956720984726196,2.0837467212868583,-0.422226481630629,-0.08984158795070309,True,False
-1.4685032131343194,-0.39289890391882876,1.1930557794195855,0.043673786928696556,1.6607541040623839,-0.3896745347128319,-0.347549355689764,True,False
1.1776232246096372,-0.39289890391882876,-0.9183805371640218,-0.8131742622623451,-0.5850032415387302,-0.48297925315852336,-0.3991702307958508,False,True
0.16058599361586226,-0.39289890391882876,1.9094359582604523,1.6363256207417831,-0.101498043317688,0.2039971794309139,0.41349750042273137,True,False
-0.38890772953929,-0.39289890391882876,0.9291262398466347,0.3367084011542043,0.8419734801352639,-0.3268156027336377,-0.2398985407319259,True,False
-0.3947143624427339,-0.5232095034498154,-1.1823100767369727,-0.9296765281608356,-0.9914349125495061,-0.542832832975118,-0.4529901337510335,False,True
-0.9026304028269998,-0.5141880004053625,0.47667560057871877,0.17940384719899763,-0.054401689534688574,-0.19825532739254942,-0.10656982383206028,True,False
1.1677081250292283,-0.39289890391882876,0.5143798205177118,0.018844194196594635,2.129503313128974,-0.4857009676672232,-0.3689835950093309,True,False
0.83207378729903,-0.5141880004053625,1.1176473395415996,2.3810998527380782,0.6376225685410718,-0.2615608378055436,0.21180639115786573,True,False
1.6540958000261972,2.1588499386918003,-0.05118347856718305,-0.5589737366696675,-1.0397407736402475,1.4130479405073033,0.3717578526840309,True,False
0.057326531134807346,-0.39289890391882876,-0.4282256779571129,-0.46487866421234225,0.3279886977591237,-0.4833715179990234,-0.36006259165019455,True,False
-1.6622037220642982,-0.39289890391882876,0.7029009202126767,-0.5202153480146792,0.4201903702185319,-0.2863157666629414,-0.37987160564481276,True,False
1.1829916210675382,-0.39289890391882876,1.3438726591755574,1.8282250645706808,1.6801992600099285,-0.3758607774835332,-0.11095498209812393,True,False
0.5359355092233893,-0.39289890391882876,0.8537177999686487,1.827089564903054,0.8233284597913025,-0.33493850235383693,0.044032386306090486,True,False
0.04527502888237653,2.1588499386918003,-0.5790425577130849,-0.6394428131154735,0.010055746065591982,-0.4784651900709238,-0.38382268617999143,True,False
-1.7078350919564567,2.1588499386918003,0.21274606100576787,0.7728916734785071,-0.06995781429272406,-0.2608789004674437,0.09826595519951303,True,False
0.8522874433496981,2.1588499386918003,0.1750418410667749,0.6741789023728335,0.842438675253626,-0.43607644792212774,-0.17675216453890893,True,False
1.6399078951017447,-0.5335675254638169,-0.5790425577130849,-0.6006087244826434,0.9500662178379282,-0.5501530983832172,-0.418703728685675,True,False
0.5408656692357473,2.1588499386918003,2.0979570579554174,2.2077090534914947,1.9924754390641746,-0.3318909062853372,-0.10131458254146625,True,False
-1.6934280688092327,-0.39289890391882876,-0.8052678773470429,-0.8208956600022062,0.46062512990658316,-0.563091803276016,-0.451435750275338,False,True
1.373898372657181,-0.5232095034498154,-0.9560847571030148,-0.91748883172831,-1.0368379561016667,-0.1378103328933549,-0.41964489646370884,False,True
-0.12476071198828367,-0.39289890391882876,1.9094359582604523,0.5267153455370575,0.6631710844415294,-0.14115967114685463,-0.17804871690635554,True,False
0.03168969907054543,-0.5232095034498154,-1.0314931969810008,-0.9303578279614115,-1.0610094944517718,-0.20450139062204883,-0.44243254341653165,False,True
0.47271990195382035,-0.3922306444340545,0.02422496131080293,-0.38425818781085275,0.8750023335389869,-0.46080723740472546,-0.37661333504518024,True,False
1.6834576418775742,-0.5232095034498154,-1.1069016368589868,-0.9171860318169428,-1.037340366829498,-0.3899400678356319,-0.4188115311590769,False,True
0.4087373809045513,-0.49982042148271527,-0.9183805371640218,-0.6435306119189292,-0.444477100183846,-0.5122784193220208,-0.3290621325977594,True,False
-0.8914005939099621,-0.5141880004053625,1.0422388996636136,0.807070213474068,0.07581572799728692,-0.11264503466435721,0.04313065520843399,True,False
-0.25360222697790763,-0.39289890391882876,0.6274924803346907,0.6121806205204204,-0.9992501905379927,1.9654171843682529,2.307818908145368,False,True
0.8400716024301886,-0.39289890391882876,1.8340275183824664,0.6965103958361569,0.9564300870571245,-0.21937124549884748,-0.18871628801689083,True,False
1.3913182713675127,-0.5141880004053625,1.4569853189925366,1.172133356616024,1.071593790558896,-0.28985821991484106,-0.12324749645125274,True,False
-1.6405657975656156,-0.39289890391882876,-0.7298594374690568,-0.34655959884564924,1.1833522657942555,-0.5779737278402147,-0.38385905913256674,True,False
-0.5789380082378467,-0.5232095034498154,-1.0314931969810008,-0.9121898332793857,-1.1376922577626136,0.23399638746361112,-0.3137052322504535,False,True
-0.4307045305329477,-0.39289890391882876,-0.8429720972860358,-0.6584813575426797,2.124293127803316,-0.6065366430723121,-0.44695777907880146,True,False
1.2903595502255583,-0.39289890391882876,-0.7675636574080498,-0.6604495569665658,0.009981314846654021,-0.5243118976598197,-0.3904266337312551,False,True
-0.3467274716557821,-0.5232095034498154,-1.1446058567979798,-0.9205925308198226,-1.0767516972571523,-0.3989138804175311,-0.4108154836781728,False,True
-1.660231658059355,-0.5335675254638169,-0.8429720972860358,-0.6967855463306174,-0.09857661797437277,-0.5328391318079189,-0.3942503775899362,True,False
-1.0015075008526253,-0.39289890391882876,-1.1069016368589868,-0.7922810683780155,-0.415318670164897,-0.5873277355752139,-0.4062733779239394,True,False
0.0402900893143256,-0.5232095034498154,-1.1823100767369727,-0.9349755266097598,-1.0913960395831976,-0.4610425963090254,-0.4475936945704336,False,True
-0.8958377379210842,2.1588499386918003,0.06192918124979592,-0.10677991903182958,0.08372404500944614,-0.3407802310554364,-0.2312269373528671,True,False
-1.0952901001988142,-0.5232095034498154,-0.9937889770420077,-0.8902368397052712,-1.066498796848447,-0.11232518794825723,-0.3365926188226928,False,True
-1.5254191714992085,-0.5232095034498154,-1.0314931969810008,-0.9103730338111832,-1.1294303924604994,0.14881456863811887,-0.3216220459320379,False,True
1.0437967700519624,-0.39289890391882876,-0.08888769850617603,-0.3833119380878306,1.2929336278756791,-0.5046986556348214,-0.3937096022082071,True,False
-0.7324851028449538,-0.5232095034498154,-1.1069016368589868,-0.9217280304874493,-1.143181560159289,-0.01337789064306629,-0.3524170314955926,False,True
0.450150725008359,2.1588499386918003,-0.6167467776520779,-0.7111306921316336,1.0544560023984288,-0.5593984789316164,-0.4402905118744226,True,False
-0.06450320072612961,2.1588499386918003,0.8914220199076417,-0.21828598639276292,-0.7305907057813962,0.6792954343991703,0.09876172277435014,True,False
-1.4888264282963732,2.1588499386918003,1.8717317383214593,0.06623238032554526,-0.6295317182683697,0.9498917910634458,0.18613208576586654,True,False
-0.16907737254381336,-0.5232095034498154,-1.1823100767369727,-0.9333858270750826,-1.0705180826710974,-0.487511420777223,-0.44804751023055966,False,True
-1.3132031727450404,-0.5232095034498154,-1.0314931969810008,-0.9110543336117591,-1.0798219850383435,-0.14316323925525448,-0.38195298948055967,False,True
-1.4543153082098668,-0.39289890391882876,-0.7675636574080498,-0.6786554016375125,0.37372668179650503,-0.5516195654023172,-0.41536993837106595,False,True
-0.5465632908233622,-0.5141880004053625,1.6078021987485085,2.797109080967548,0.7090021075025833,-0.1998364564419493,0.2694452895854174,True,False
0.39685021731919906,2.1588499386918003,1.9094359582604523,2.9589556335932614,1.648454345132885,-0.3140579431518388,0.04527877502804224,True,False
0.6968778438490335,-0.39289890391882876,0.8537177999686487,0.9644126174181956,0.7271075015092442,-0.3196462084180383,-0.10115293368071038,True,False
0.640509681041073,-0.5232095034498154,-0.9560847571030148,-0.9250588295124873,-1.0308648507818947,-0.15424321228845347,-0.43749041354017937,False,True
1.0918384403946069,-0.5141880004053625,0.6651967002736837,-0.3083311100355533,1.4978985970261094,-0.432389158421428,-0.38958526825760553,True,False
1.240455374989356,-0.39289890391882876,2.1356612778944104,2.471372076314394,-0.11163929689798618,0.2728909551101076,0.7133998050406926,True,False
-1.181677459526466,-0.5232095034498154,-1.1446058567979798,-0.9304713779281742,-1.0309392820008327,-0.4599683941304255,-0.44883254542500545,False,True
-0.6246241576856981,-0.5232095034498154,-1.1823100767369727,-0.9328559272301901,-1.0813478250265718,-0.47482014447612414,-0.4439102788478299,False,True
0.9945499494840746,-0.34478422101507983,0.02422496131080293,-0.16419835222481527,0.4160966531769436,-0.4093782993933301,-0.2955115001777641,True,False
1.3945502651533919,-0.39289890391882876,-0.4659298978961059,-0.6679438547729014,-0.7110525108101795,-0.17509963211565152,-0.2677887048868796,True,False
-0.7043284112188201,-0.49982042148271527,0.06192918124979592,0.03894253831358568,0.9850488907387731,-0.46484454784002505,-0.3076711145635017,True,False
1.3467277130335187,2.1588499386918003,0.28815450088375383,-0.47048046257263354,0.3630271940741723,-0.3516731239339354,-0.3640961656030193,True,False
1.2636271270474388,-0.5232095034498154,-1.1446058567979798,-0.9314933276290381,-1.1638548312193095,0.022004397970030454,-0.37463096995171996,False,True
0.9946047290397674,2.1588499386918003,1.0045346797246206,-0.4366425724773605,0.15497332933781618,-0.15152753262345373,-0.3369596393092564,True,False
-1.2585879557192519,-0.5141880004053625,-0.9937889770420077,-0.8658614468402199,1.779081134369019,-0.6172786648583112,-0.4698270418597209,True,False
1.3670509281955725,-0.5232095034498154,-1.0314931969810008,-0.9199112310192467,-1.161379993189622,0.6256999874994753,-0.2954820225716486,False,True
0.726787481257339,2.1588499386918003,1.7963232984434734,2.2124781520955263,0.4934120818487581,-0.11094924358465735,0.23219861825742455,True,False
-0.8461526809076536,-0.5232095034498154,-1.0314931969810008,-0.9151421324152149,-1.0145644138344798,-0.3064721446209395,-0.42184888426088324,False,True
-1.080937856607283,-0.5141880004053625,0.1373376211277819,0.39348338453553494,1.3607218605234337,-0.48219472347752346,-0.2797842021912535,True,False
-1.3612448430876851,-0.39289890391882876,0.5520840404567048,1.391057692534435,1.2028718529607374,-0.42055482992572907,-0.10773686905599865,True,False
-1.5352247119682318,-0.5232095034498154,-1.1069016368589868,-0.9339914268978167,-1.1469775523251253,0.021956119220430465,-0.41524992016456097,False,True
-1.0697080476902452,-0.20912754560589883,-0.8052678773470429,-0.7359602848637355,0.007804201692718399,-0.5332857102417188,-0.41406436720387485,True,False
0.4866886886555015,2.1588499386918003,-1.0691974169199938,-0.8675646963416599,1.8800656906631075,-0.6253894947911104,-0.4703728242032543,True,False
-1.62555619930577,-0.5141880004053625,1.7963232984434734,-0.09917207125873127,-0.6331788479963302,0.9212383531758482,0.08069396398010828,True,False
-1.3720911951148729,-0.39289890391882876,1.3815768791145504,1.6962043032146266,0.24951958519377054,-0.10659812127695781,0.21501140304171737,True,False
0.8038623161172034,-0.5232095034498154,-1.0314931969810008,-0.920138330952772,-1.0630749607773005,-0.19848465145314942,-0.41591374613811316,False,True
0.17022719541780693,-0.5141880004053625,0.6651967002736837,0.18969904418547892,-0.30300196078750274,-0.015200413440466165,-0.0003457344129600676,True,False
-0.868721857853115,-0.39289890391882876,0.02422496131080293,-0.03679528951710937,0.7545354056878854,-0.4496307068723265,-0.3023076163334892,True,False
1.4953446476282677,2.1588499386918003,1.1930557794195855,1.234434438379804,0.692496984703089,-0.2607702732808437,-0.03973167914447808,True,False
-1.0083549453142338,-0.5232095034498154,-1.1823100767369727,-0.9369437260336458,-1.2037871801795297,1.4581342577899994,-0.17715861387022894,False,True
0.25590242052145146,2.1588499386918003,-0.05118347856718305,-0.07086027954590775,-0.10300527550118198,-0.32023158825693826,-0.17697494691452756,True,False
-0.42462399985103944,-0.5335675254638169,-0.013479258628190058,-0.5843710792355827,0.9523549778202707,-0.4725148341827244,-0.41588187083197864,True,False
0.99312568103606,-0.5232095034498154,-0.9560847571030148,-0.9099188339441325,-1.0862788932812122,0.057265989709127274,-0.3735944975157426,False,True
0.9731311432081634,2.1588499386918003,0.28815450088375383,-0.18959569479073052,-0.09518999751269518,-0.2321892535176463,-0.2199532104391705,True,False
-1.582609027642562,-0.5141880004053625,0.21274606100576787,-0.22498543443175992,-0.5064596977544391,-0.024970825390765228,-0.08812321276357955,True,False
0.7282117497053536,-0.3922306444340545,0.02422496131080293,-0.09599267218937677,-0.8698329086096004,0.46432223211779017,0.4693172262349112,True,False
-0.19526200016500395,-0.5232095034498154,-1.1069016368589868,-0.9208196307533479,-1.1190100218091839,-0.1730115761954517,-0.38108506125179803,False,True
-1.697426976374812,-0.5232095034498154,-1.1823100767369727,-0.9289195283824179,-1.0525057276881091,-0.5048676312584214,-0.4409856568250199,False,True
-0.10766949061210906,2.1588499386918003,-0.16429613838416202,-0.31639315767570225,-0.7235197399822891,0.019771505801030716,0.013435101295406973,True,False
-0.7337450326258899,-0.39289890391882876,2.0979570579554174,1.4059705881692643,0.23982491892710012,0.043693626227828526,0.14276655451005543,True,False
0.7654070680208105,-0.5141880004053625,-0.9183805371640218,-0.8291848075758804,0.1600160444208635,-0.5700077341562154,-0.44749965144746734,True,False
0.8216656717173852,-0.5232095034498154,-1.1446058567979798,-0.9310391277619875,-1.024407942539026,-0.46628687548432496,-0.4510572035903172,False,True
0.8072038690144683,-0.5141880004053625,0.5897882603956978,1.2932154711739419,1.7892037801445828,-0.46034255443982547,-0.1929641035184693,True,False
-0.3751032815046874,-0.34478422101507983,0.1750418410667749,-0.07805177744087628,0.9871143570643018,-0.4497091598404264,-0.32830265719894075,True,False
1.6543696978046616,-0.39289890391882876,-0.4659298978961059,-0.12347176414594078,0.2462073959510309,-0.48209213113462346,-0.2633067923729917,True,False
0.032894849295788516,-0.39289890391882876,0.6274924803346907,-0.22430413463118395,-0.6086165457468006,0.28321053783710665,-0.021604330452706107,False,True
-1.4451123428534651,-0.5232095034498154,-1.1069016368589868,-0.9217280304874493,-1.036130859521756,-0.39166603313383175,-0.429038591493905,False,True
-1.343934503488739,-0.39289890391882876,2.0225486180774315,1.0798172336379803,1.24948440382064,-0.24703496901964497,-0.16344196756890567,True,False
0.8036979774501247,-0.5141880004053625,-1.0691974169199938,-0.872863694790584,1.8306061456788278,-0.6250998222935105,-0.4708859320073136,True,False
0.8552455393571129,-0.5141880004053625,0.36356294076173984,1.1509373628203272,2.027439504160285,-0.4945902924373224,-0.2309677115040843,True,False
0.39937007688107096,-0.34478422101507983,-0.9183805371640218,-0.667376104939088,0.47577188296045975,-0.5837430384174142,-0.41670414089730723,True,False
-0.256341204762551,-0.39289890391882876,-0.315113018140134,0.278154468293592,1.8604530644729529,-0.552235119459717,-0.32678007067316994,True,False
1.4548077764155458,-0.5232095034498154,-0.9937889770420077,-0.9122276832683066,-1.0405781248532997,-0.19147216307375003,-0.40668562561478244,False,True
-0.5027396462690683,2.1588499386918003,1.5323937588705225,0.8304236566382553,1.0684118559492977,-0.279532602344142,-0.18041165811066978,True,False
0.46614635527067627,-0.5232095034498154,-1.0314931969810008,-0.9149150324816896,-0.9957333154431737,-0.3355178473490369,-0.4264643470987035,False,True
-0.2897019541795072,2.1588499386918003,0.5897882603956978,-0.46684686363622835,1.340644039214917,-0.4281828723625284,-0.40791578676569074,True,False
-0.036510847767074396,-0.39289890391882876,-0.5036341178350989,0.0289122912495506,0.6372690202511163,-0.5222479811144198,-0.2773812836487145,True,False
-0.3316630938402436,-0.5232095034498154,-0.9560847571030148,-0.914763632526006,-1.1067474784891536,0.1904730946992151,-0.37068461429599037,False,True
1.2274726202901465,2.1588499386918003,1.3438726591755574,-0.3655602932839345,0.7262887581009264,-0.24429514997984522,-0.3649755730165123,True,False
0.22046004798816626,2.1588499386918003,1.7963232984434734,3.0433232588979187,2.028351286592275,-0.36304276946473435,-0.00624171010208695,True,False
-0.5938928269419995,-0.39289890391882876,1.8717317383214593,2.7491152950158635,0.43284367743798646,-0.0777334638598604,0.38387477860668573,True,False
-1.0803352814946614,2.1588499386918003,0.6651967002736837,1.542873998096113,-1.059353399830402,3.0485750710189543,5.699188829038,True,False
1.6454406302267242,-0.39289890391882876,0.47667560057871877,1.1230797709745544,0.6659064317374996,-0.3688241497293338,-0.05631518327076873,True,False
-0.1705016409918279,-0.5141880004053625,1.9848443981384383,0.4641114638619102,1.6158906868475236,-0.3023322418427399,-0.28822713864333993,True,False
0.3786634048291671,2.1588499386918003,1.9471401781994453,0.8884855396428961,0.57229056611827,-0.10932587062935753,-0.08469243313251695,True,False
1.0233639957785228,-0.5232095034498154,-1.1446058567979798,-0.921500930553924,-1.163184950248868,0.013368536635331217,-0.3009414052955569,False,True
0.49063281666538794,-0.5141880004053625,1.2684642192975715,0.9895828600505856,-0.5802954669409036,0.5428536531858829,0.6952727776093806,True,False
-1.0765007125961608,-0.39289890391882876,1.7963232984434734,0.9892043601613767,1.5481954932234412,-0.3142933020561388,-0.21030898709947604,True,False
-1.6840059852300595,-0.5232095034498154,-1.1446058567979798,-0.9310391277619875,-1.0370798575632152,-0.45362577340172605,-0.44898637433602623,False,True
0.8827448763149324,-0.39289890391882876,0.5520840404567048,0.04480928659632317,0.6359664739197018,-0.35224039924173534,-0.27392839189525475,False,True
1.6950161281287692,-0.39289890391882876,0.47667560057871877,0.1445818573917815,0.4718270283567474,-0.33720760358503676,-0.23107289688007981,False,True
-0.6640106582288697,-0.39289890391882876,0.6651967002736837,0.3055200102833934,-0.30692820758648054,-0.012484733775466416,0.05088871137340301,True,False
0.9285405848741695,-0.39289890391882876,1.3061684392365644,0.6143759198778319,1.4358973916507816,-0.355420761871635,-0.2533584137338322,True,False
-0.9803078127994856,-0.49982042148271527,-0.08888769850617603,-0.37509849049199806,0.013088818237314228,-0.3599529294903347,-0.3011068544324867,True,False
1.5631617375760376,2.1588499386918003,1.7963232984434734,1.4920036129864407,-0.34191088048732576,0.3989105612534961,0.5959862137977777,True,False
0.8612712904833283,-0.49982042148271527,-0.239704578262148,-0.2013670413451264,-0.9996037388279481,0.7675188144494622,0.8537180917425851,True,False
-0.31594136135639067,-0.39289890391882876,-0.315113018140134,-0.7409564834012926,-0.9725665985487312,0.5170064176187852,-0.15457680084485148,True,False
1.5285958379338382,2.1588499386918003,1.2307599993585785,0.27872221812740533,1.6257900389662736,-0.38259566305273257,-0.31403940581388146,True,False
-1.5273912355041517,-0.39289890391882876,0.02422496131080293,-0.44216867085981,-0.5290867883115815,-0.08646588269375961,-0.19724583942325727,False,True
-1.0910172948547705,2.1588499386918003,-0.6544509975910708,-0.4378537721228289,-0.45322276840905723,-0.4075135326900303,-0.22324965618420303,True,False
0.4722816655082774,-0.5232095034498154,-0.9560847571030148,-0.9017432363372209,-1.1649154760891756,1.1693790564324256,-0.1410958735293799,False,True
-1.0922224450800138,-0.39289890391882876,0.1373376211277819,-0.23811938058730775,0.6656459224712167,-0.4225463283467289,-0.33515294100247994,True,False
0.025170931943094218,-0.5141880004053625,1.4192810990535434,0.6509390091754088,0.6743171594774899,-0.2214170575131473,-0.15449635252428046,True,False
1.1103539302187961,-0.39289890391882876,0.47667560057871877,0.9576753193902777,0.4851874321561126,-0.3396155062213365,-0.048751129245569784,False,True
-0.4717891973025982,-0.39289890391882876,-0.05118347856718305,0.42209797615972555,1.1476624963134996,-0.49140992980742265,-0.257052720969594,True,False
-0.8569990329348414,-0.39289890391882876,-0.6544509975910708,-0.6504193099025307,1.63012565746941,-0.5803755956328145,-0.44011620065016777,True,False
-0.23185474336783932,-0.5141880004053625,1.3438726591755574,0.9533225706643758,0.5816875075091884,-0.21214753758994814,-0.07285309191859415,True,False
1.2326766780809688,-0.39289890391882876,0.02422496131080293,-0.6352036143563341,1.4475272696098391,-0.5001061395791219,-0.4351746897878727,True,False
-1.6384841744492866,2.1588499386918003,0.47667560057871877,1.3267884113467687,-0.672236630134029,0.3091301915286042,1.1341474678208743,True,False
-0.9324852606796126,2.1588499386918003,1.5700979788095155,2.705285007845476,1.994987492703331,-0.3811231611899327,-0.0418897345314852,True,False
1.1740077739339079,-0.5141880004053625,0.8160135800296556,0.7387888334607877,0.05947807544040295,-0.158727101157553,0.029191014969725714,True,False
-0.45623180348582393,-0.39289890391882876,1.0045346797246206,1.2688779282978115,0.38792443680892247,-0.22305853499954714,0.0522419779654813,True,False
0.5019721846938114,-0.5232095034498154,-1.1069016368589868,-0.928843828404576,-1.0135782001835516,-0.4199392758683292,-0.44841073827657046,False,True
1.10087706708393,-0.5141880004053625,-0.9560847571030148,-0.7875876697518255,1.0360900991254849,-0.6036218135652124,-0.453052701184535,True,False
0.34338537096296057,-0.5141880004053625,2.1356612778944104,2.995972922757889,0.8411733445316806,-0.1518896232454536,0.25852143881958667,True,False
1.2671330186117824,-0.39289890391882876,-0.4282256779571129,-0.637247513758062,1.2953712502958974,-0.5451019342063177,-0.43276754784562715,True,False
0.2811557956958633,-0.5141880004053625,0.4389713806397258,0.9384475250184671,-0.4266508232482027,-0.0021108374551673135,0.44104676021583783,True,False
0.6948510002883974,-0.5232095034498154,-1.0691974169199938,-0.9105244337668668,-1.2049594718778027,5.258438276459552,0.9299554869156359,False,True
-0.7708855713856538,-0.39289890391882876,-0.8806763172250288,-0.8616979480589224,1.5089702408431322,-0.6023062176386126,-0.468223709259782,True,False
-1.6322940846559928,-0.5232095034498154,-1.1446058567979798,-0.9295629781940729,-1.0686573021976482,-0.41250434842992983,-0.43835964248202325,False,True
0.5732403866502319,-0.5141880004053625,0.1750418410667749,-0.633235414932448,0.8399638372239384,-0.43582901933042767,-0.4215333281328967,True,False
0.8425914619920606,-0.5141880004053625,0.02422496131080293,0.4290623741211688,0.6340312622273145,-0.4369877093208276,-0.19363735574405683,True,False
0.938620023121657,-0.39289890391882876,-0.6544509975910708,-0.5220321474828817,-0.33908249416768294,-0.43828520071632754,-0.29377455456892504,True,False
0.16704998118762063,2.1588499386918003,1.5323937588705225,0.5839445287854387,0.04440575360546429,0.016567003796330974,-0.012089833653907154,True,False
0.8428653597705249,2.1588499386918003,0.8537177999686487,0.44299117004405525,0.2201750771274765,-0.20520143249124878,-0.10727468495266915,True,False
0.39969875421522816,-0.5232095034498154,-1.1823100767369727,-0.9317961275404052,-1.0448765277469674,-0.5111136944879209,-0.44927845494356566,False,True
-0.4857579840042794,-0.5141880004053625,-0.7298594374690568,-0.5606391361821865,1.1483509850886757,-0.5770021180045147,-0.41733571545491793,True,False
0.25754580719223746,-0.39289890391882876,-0.9937889770420077,-0.6032960736960263,1.6042235932789972,-0.6156492570593113,-0.43330926350187343,True,False
-1.3597657950839777,2.1588499386918003,-0.7298594374690568,-0.5521607386639078,1.4751784674452944,-0.585082773718814,-0.4237428713853438,True,False
-0.35686168945896257,-0.5141880004053625,1.7586190785044804,0.8139210614687487,0.3452195249432632,-0.06755268253796136,-0.045550270240835945,True,False
0.9376887706748783,-0.5141880004053625,0.9291262398466347,0.573800731754641,0.7746876582153402,-0.31610375516613864,-0.1858616929387525,True,False
1.6193107821612265,-0.5141880004053625,0.6651967002736837,0.8769034430331047,0.4791771112268718,-0.3053858727549396,-0.06558860935458864,True,False
-1.2532743388170435,-0.5141880004053625,2.0225486180774315,1.6593762639946035,1.0450776688122447,-0.21116385806684823,-0.03599437002079448,True,False
-0.9710500678873911,-0.5141880004053625,0.28815450088375383,-0.2842585170818691,-0.9054854624808872,0.8465631972320552,0.3441441762508724,True,False
-0.6941941934156396,2.1588499386918003,-0.013479258628190058,-0.40825508078669515,0.8281106656080671,-0.46211076364392534,-0.37876392308539625,True,False
-0.401287909125878,2.1588499386918003,1.6078021987485085,1.9111165403074235,0.8025249340981403,-0.2204092386152474,0.06548360541631464,True,False
-0.008847172142176396,2.1588499386918003,1.7963232984434734,1.0965090787520915,0.1750697584510677,0.011063226341931439,0.08599540409198285,True,False
-1.153192090566175,-0.5232095034498154,-1.0691974169199938,-0.9313419276733546,-1.1231409544602409,-0.028736567859564896,-0.4209844428834564,False,True
0.706135588761128,-0.5232095034498154,-1.1446058567979798,-0.9217280304874493,-1.1850119052024273,0.5000304022906868,-0.1712155225921672,False,True
-1.6818148030023448,-0.5141880004053625,1.4569853189925366,0.23466483102349275,0.32175508317306883,-0.11722548103265684,-0.18416090872072235,True,False
0.8623668815971857,2.1588499386918003,1.3815768791145504,0.9516950211407776,1.5868066880475122,-0.3629281074344344,-0.21918545278897908,True,False
-1.2711324739729184,-0.39289890391882876,-0.7298594374690568,-0.5468617402149837,-0.9018011171434578,-0.14071309271305463,0.010898405195927358,False,True
0.1638727669574343,-0.5232095034498154,-0.9937889770420077,-0.9225607302437088,-0.9922722637625583,-0.289773732103041,-0.44055356150624214,False,True
-0.29063320662628594,-0.5141880004053625,-0.6544509975910708,-0.6159001200066817,0.8130755593825976,-0.5549206249062167,-0.4174637965154083,True,False
-0.9728030136695629,-0.5232095034498154,-1.0691974169199938,-0.9069286848193824,-1.0966434405183243,-0.16698880218285225,-0.35444955239892684,False,True
-1.3465091426063038,-0.5232095034498154,-0.9560847571030148,-0.9111300335896009,-1.0675594417183132,-0.031989348613864634,-0.3903297697847371,False,True
-0.9588342269678817,2.1588499386918003,-0.202000358323155,0.1812206466672002,1.875953365816785,-0.541794839858718,-0.3396314371856219,True,False
-1.592140670333121,-0.5232095034498154,-1.1069016368589868,-0.9129468330578034,-1.0265292322787583,-0.4045383547459306,-0.41364731627737295,False,True
0.05250593023383502,-0.5232095034498154,-1.1446058567979798,-0.9286545784599716,-1.056469190096556,-0.4303071373449282,-0.43935778306018103,False,True
-0.5986038687315861,-0.39289890391882876,-0.6167467776520779,-0.24012543000011477,1.5085050457247695,-0.5734294905341152,-0.3802888524618391,True,False
1.46883134267292,-0.34478422101507983,-0.8052678773470429,-0.5365665432285024,1.0006608389110119,-0.5827050453010143,-0.4089679382792431,True,False
-1.4045206920850504,-0.5141880004053625,1.5700979788095155,1.0843592323084867,-0.09747875749503782,0.11046917176832234,0.21993053537050206,True,False
0.11637889217171833,-0.5232095034498154,-0.9937889770420077,-0.9066637348969362,-1.0392941863266196,-0.19482150132724976,-0.39499456569222874,False,True
0.5052589580353836,-0.39289890391882876,-0.9560847571030148,-0.5362637433171352,2.086705362239642,-0.6163251595537111,-0.43231928764077376,True,False
1.6399626746574374,-0.5141880004053625,0.8914220199076417,1.255251932286292,0.5243754689269529,-0.27542890862814234,0.007453576296452968,True,False
-0.038318573104939024,2.1588499386918003,-0.4659298978961059,-0.5900485775737158,0.4280986872306908,-0.4999673381740219,-0.39673051617720373,True,False
0.8834570105389397,-0.5232095034498154,-0.9560847571030148,-0.9062852350077274,-1.1850305130071617,2.4088695691316127,0.031201713668638956,False,True
-0.6474672324096238,-0.5141880004053625,-0.6544509975910708,-0.14958825650135288,-0.8129302417315235,-0.19606467912944964,0.28337046526780213,True,False
-0.7516579473374575,-0.5141880004053625,0.6651967002736837,-0.5322516444915213,1.1449271490175292,-0.40080278649563095,-0.4126101699779916,True,False
-1.5213107048222434,-0.39289890391882876,0.8914220199076417,0.6964725458472361,-1.1136323662409155,5.703851985425412,5.791673650718016,True,False
-1.5219680594905578,-0.5232095034498154,-1.1446058567979798,-0.9250209795235664,-1.1968278612088297,1.266805573125217,-0.03606678682986413,False,True
-1.4819789838347648,2.1588499386918003,-0.7675636574080498,-0.8198737103013422,0.9657898128385741,-0.5765796789455149,-0.45788633905283943,True,False
1.6798421912018449,-0.5141880004053625,0.02422496131080293,0.5770558308018373,0.11176600674432562,-0.355650085932235,-0.03786003921104402,True,False
-0.9160513939717523,-0.5232095034498154,-1.1446058567979798,-0.9229770801218385,-1.1230479154365685,-0.2750185392565424,-0.3857947004181411,False,True
-0.6582040253254258,-0.34478422101507983,-0.39052145801811994,-0.20624968991592083,0.24929629153695648,-0.4670895096964249,-0.2855486491466601,True,False
-1.0682837792422306,-0.5141880004053625,0.32585872082274686,1.0560852905845841,0.6245040662032547,-0.3870674822344322,-0.06081163869719006,True,False
1.484991311602316,2.1588499386918003,0.09963340118878891,-0.5692689336561488,0.5227751977197866,-0.41083269672503003,-0.39666381937144735,True,False
-0.521857711205879,-0.5232095034498154,-1.1823100767369727,-0.9320989274517724,-1.147610217686098,-0.3076489391424394,-0.40373505985091757,False,True
1.5518771491033068,-0.49982042148271527,-1.0314931969810008,-0.8467850524240929,0.12090243886896125,-0.5930789416213134,-0.4516231313153825,True,False
-0.06663960339815143,-0.49982042148271527,-0.239704578262148,-0.7154077408796938,-0.5266305580866285,-0.202739216261649,-0.35128034930294016,True,False
-0.12048790664424003,-0.5141880004053625,0.21274606100576787,0.21047868810304593,1.282048062106001,-0.46810939828172476,-0.30170998568595087,True,False
-0.8281302070847002,-0.5232095034498154,-1.0691974169199938,-0.933234427119399,-1.1177260832825038,-0.0631170724184617,-0.4318240685594051,False,True
-0.8186533439498342,2.1588499386918003,1.0045346797246206,-0.10961866820089611,-0.8754338578346824,1.3438222484246096,0.46952567725976285,True,False
-0.4681189670711761,-0.39289890391882876,0.9668304597856276,0.9907940596960539,-1.1398693709165493,8.23772594911898,9.517669861547429,True,False
0.6221585298839625,-0.39289890391882876,0.1373376211277819,0.9480614222043724,1.7642693218003633,-0.5040529273589214,-0.2351970976251248,True,False
-0.578828449126461,-0.5232095034498154,-1.1823100767369727,-0.9354297264768104,-1.1357942616796957,-0.3580881627870348,-0.4315037718807274,False,True
-1.2679004801870393,2.1588499386918003,0.1373376211277819,-0.15549285477301125,1.4648883514271205,-0.48846492608182296,-0.36649718008966087,True,False
1.6875661085545393,-0.5141880004053625,-0.5036341178350989,-0.28221461768014117,-0.9576245313469339,0.2309065474892114,0.5145349180704074,True,False
1.3845256064615972,-0.5232095034498154,-0.9560847571030148,-0.9038628357167906,-1.0951362083348304,0.10930444693422249,-0.3461394924073687,False,True
-0.2932626252995436,-0.5232095034498154,-0.9560847571030148,-0.8838780415665622,-1.0193838352607132,-0.1830354515811508,-0.3586791970954596,False,True
-1.469872702026641,-0.5141880004053625,1.0045346797246206,2.0614566963011867,0.7532514671612055,-0.30112527310274,0.10858000659842806,True,False
0.053218064457842294,-0.5232095034498154,-0.9560847571030148,-0.89871523722355,-1.173623928704918,1.5555064608894906,-0.04034953352975815,False,True
-0.265434611007567,-0.5141880004053625,-0.8806763172250288,-0.719381989716387,1.3075407545922553,-0.5990111929784128,-0.4455412163404709,True,False
1.0482339140630845,2.1588499386918003,0.7029009202126767,0.43239317314620684,-0.3781774919148507,0.054713250824027455,0.15456703887955317,True,False
-1.436402393498299,-0.5232095034498154,-1.0691974169199938,-0.9317204275625635,-1.1091851009093718,-0.11020092296585746,-0.430196915671696,False,True
1.4261580687881763,-0.39289890391882876,-0.27740879820114095,0.08402187511836219,1.7753223578126518,-0.5458804290436177,-0.34742787222213634,True,False
1.4820879951505939,2.1588499386918003,1.7963232984434734,2.733672499536141,1.5248613060863883,-0.31148709973563904,0.03730111774957124,True,False
1.6229262328369558,-0.5232095034498154,-1.1069016368589868,-0.9168832319055757,-1.0526173745165162,-0.3660058777214341,-0.4123104653112415,False,True
1.3653527619690935,-0.5325651362366555,-0.4659298978961059,-0.4151816287592175,-0.2542867279926025,-0.3979362357381312,-0.2673581766922972,True,False
-0.4817590764387001,-0.5141880004053625,0.36356294076173984,0.8628610971434556,0.008604337296301511,-0.24873679494304482,0.08945255058763309,True,False
0.3570802598861774,-0.5141880004053625,-0.9560847571030148,-0.8560204497207893,0.7298986722194177,-0.597333506429813,-0.462358127944425,True,False
0.9189541626279176,-0.39289890391882876,0.1373376211277819,0.3192595562616754,-0.34040364830383174,-0.16818370123545215,0.07727460084880927,True,False
-1.2879497975706287,-0.49982042148271527,-0.013479258628190058,-0.6805479010835568,0.2500592115310707,-0.39050130829973184,-0.41040564152296977,True,False
1.1705018823695645,-0.5232095034498154,-1.1069016368589868,-0.9137038328362213,-0.9934073398513623,-0.4403491172617273,-0.4249175955178396,False,True
0.6963300482921048,-0.39289890391882876,1.3061684392365644,0.7018850942629229,1.3125090384563647,-0.34135354120693634,-0.22895009395184837,True,False
-0.22917054513888882,-0.5141880004053625,1.3438726591755574,1.7603221844466093,0.5338654493415438,-0.20034941815644924,0.11608868629018243,True,False
-1.2264871360832315,2.1588499386918003,1.8340275183824664,-0.22528823434312703,1.2846717625735646,-0.2750788876935424,-0.36906618245442874,True,False
-1.1661200657096917,2.1588499386918003,-0.013479258628190058,-0.1034869699957124,-1.1282208851527573,3.652964667573899,3.279894136410649,True,False
0.687565319381246,-0.34478422101507983,0.25045028094476085,-0.01877869479076712,-0.7014508835671815,0.2320169587300113,0.2156778774551598,True,False
-0.4049581393573001,-0.5141880004053625,0.36356294076173984,0.9946926085549053,-0.13288940990477618,-0.19708456771474953,0.210908468172004,True,False
-0.8176125323916698,-0.39289890391882876,0.32585872082274686,0.3566174953265909,1.5703759964669557,-0.4741744162002242,-0.29996065196034716,True,False
0.9241034408630472,-0.39289890391882876,0.6651967002736837,-0.13459966088868158,0.49839897351760193,-0.3091817894422393,-0.29772221877335775,False,True
1.5680371180327026,-0.39289890391882876,1.1930557794195855,1.0695977366293408,-0.8272396435723479,1.2414350902104192,1.5243989015941133,True,False
-0.41284639537707296,-0.5141880004053625,0.1750418410667749,0.5734979318432739,1.3897128202997726,-0.4796781936546238,-0.25538457211293314,True,False
0.407203553345151,-0.39289890391882876,0.5143798205177118,-0.37964048916250454,1.5089144174289288,-0.44973933405892647,-0.40003774373670065,True,False
-0.569351585991595,-0.39289890391882876,-0.08888769850617603,0.3183511565275741,-0.20426894886628785,-0.2989346248396402,0.0018267620235076934,False,True
-1.4065475356456865,-0.39289890391882876,0.4389713806397258,-0.1363029103901215,-0.5715684065204268,0.14248401759681942,0.004714838710080838,False,True
-0.8281849866403931,-0.39289890391882876,-0.202000358323155,-0.17169265003115092,-0.7236686024201651,-0.0028893322924672506,0.1271681524886167,True,False
-0.8857582996735966,-0.5232095034498154,-0.9560847571030148,-0.9232420300442847,-1.0253197249710162,-0.1685759660759521,-0.4350371197903792,False,True
-1.442263805957436,-0.39289890391882876,0.8160135800296556,-0.15428165512754285,-0.49603932710312354,0.21615135464271273,-0.05589347798540651,True,False
-0.6036983674110228,-0.39289890391882876,-0.4282256779571129,-0.7046961940150828,-0.7858931014523067,-0.06708799957306141,-0.263751330657881,False,True
0.4586415561407534,-0.3922306444340545,-0.05118347856718305,-0.2803978182119386,0.21382981571301463,-0.39194967078773174,-0.3007175651111063,True,False
1.4268702030121836,-0.39289890391882876,-0.5413383377740919,0.02047174372019278,1.289937771313426,-0.5583423812841165,-0.3314980782827165,True,False
0.702027122084163,-0.5141880004053625,1.8717317383214593,0.3426886994037045,-1.0650101724696877,5.5928410355639215,2.839834770828019,True,False
1.4334985292510205,-0.3922306444340545,0.21274606100576787,0.2813338673629465,-0.789651878008674,0.38735987041169706,0.6322514030778101,True,False
0.05228681201106355,-0.5141880004053625,-0.39052145801811994,-0.6223724681121534,0.9324260189496295,-0.5232316606375198,-0.4221045919158473,True,False
0.2857024988183713,-0.49982042148271527,-0.6921552175300638,-0.8255512086394752,0.037037062930605415,-0.5089411507559211,-0.44318205974108854,True,False
-1.255575080156144,-0.5232095034498154,-0.9937889770420077,-0.9056039352071514,-1.0998253751279223,0.042112497178428604,-0.3465191752574312,False,True
0.5618462390661155,2.1588499386918003,1.1176473395415996,0.835911905031784,0.6902082247207465,-0.2721037097494427,-0.11980077916712292,True,False
-1.2354709832168618,-0.39289890391882876,0.5143798205177118,0.13625485982918636,-0.9652165156786067,1.4738972695343977,1.1914977803278424,False,True
1.1271164742608135,-0.3922306444340545,-0.9937889770420077,-0.8579129491668337,0.8382519191883652,-0.6052451865205123,-0.4636474872118147,True,False
1.6026577972305949,-0.5141880004053625,0.1373376211277819,-0.6288448162176251,0.23057683997405745,-0.356006141710535,-0.39568303469375365,True,False
0.4239660973871684,-0.5232095034498154,-1.1069016368589868,-0.9347484266762345,-1.051519514037181,-0.3678827141121339,-0.45500191376564153,False,True
-1.4184894787867315,-0.39289890391882876,0.47667560057871877,0.6651706050096624,0.27283516452608897,-0.29622498001834047,-0.0629283690191643,True,False
0.7480419488661716,2.1588499386918003,1.8717317383214593,1.2097562456033857,-0.8974654986403211,2.2966395808427227,2.1387596890697003,True,False
-1.4044111329736646,-0.3922306444340545,-0.5790425577130849,-0.43505287294268324,-0.2690985405612582,-0.4297277923497283,-0.2721247181381754,True,False
0.4541496325739383,-0.5232095034498154,-1.1823100767369727,-0.9367166261001205,-1.0962526766189,-0.4535473204336261,-0.4519335237691452,False,True
1.6580399280360838,-0.5232095034498154,-0.9937889770420077,-0.8910316894726099,-1.14314434454982,0.4584986079472905,-0.1867245358495,False,True
0.258148382304859,-0.5141880004053625,1.7209148585654874,1.8474528589424914,1.7507972711725914,-0.3443588933695361,-0.11724569286521025,True,False
0.8661466709399935,-0.39289890391882876,1.2684642192975715,-0.397581383911005,1.5055836203814545,-0.366929208807534,-0.4024805142475288,True,False
-1.1563145252406684,-0.5232095034498154,-1.1069016368589868,-0.9156720322601073,-1.0631679998009729,-0.34664609913183586,-0.4045017126785511,False,True
-0.41421588426939465,-0.5141880004053625,-0.9183805371640218,-0.5726754326590286,1.8018012639498344,-0.6100308175746119,-0.43246059522947333,True,False
0.04845224311256283,-0.5232095034498154,-1.1823100767369727,-0.9289952283602596,-1.002059969052901,-0.5377937384856184,-0.4504002259494989,False,True
0.30744998242843957,-0.5232095034498154,-1.1069016368589868,-0.9140066327475883,-1.1035283282700865,-0.23864050143294574,-0.37123186973626743,False,True
-0.5179683627516855,2.1588499386918003,0.47667560057871877,-0.033010290625020665,1.8852758759887656,-0.47689009586522396,-0.3666763415633005,True,False
-0.7099707054551854,-0.5232095034498154,-1.0314931969810008,-0.9094646340770819,-1.0588137734931018,-0.2106690008834483,-0.39125363651165374,False,True
-0.5537394126191277,-0.5141880004053625,0.1750418410667749,0.5389787419474249,0.024514010344292344,-0.2991277398380402,-0.018562667759362366,True,False
-0.173350177887857,-0.5232095034498154,-1.0314931969810008,-0.8969741377331891,-1.113837052092995,0.02602963871793014,-0.2948808032097028,False,True
-1.0670238494612947,-0.5141880004053625,-0.7298594374690568,-0.4843335585176782,0.7450640330780288,-0.5633090576492161,-0.38942695737138583,True,False
1.0877299737176418,-0.5232095034498154,-0.9937889770420077,-0.9148771824927687,-1.1398321553070803,0.409646548195795,-0.3227982745037614,False,True
-0.190277060596953,-0.5232095034498154,-0.9937889770420077,-0.9262700291579558,-1.00081324613569,-0.27560995393914234,-0.4456596595871595,False,True
-1.496714684316146,-0.5232095034498154,-0.9560847571030148,-0.9014404364258538,-1.0189000323376163,-0.18419414157155067,-0.39357575413067764,False,True
-0.5132573209620989,-0.39289890391882876,0.1373376211277819,0.1161943657011162,0.22506892977264792,-0.3549078001571351,-0.1959905572714966,True,False
-0.7954268123360585,2.1588499386918003,0.8160135800296556,0.05805678271863365,0.48360576875368083,-0.27981623999804195,-0.252429320647724,True,False
0.725144094586553,-0.5141880004053625,1.4192810990535434,1.5108907574579635,0.19866445485440354,-0.07933269744036028,0.18950429413012598,True,False
1.6527263111338757,-0.5335675254638169,-0.27740879820114095,-0.11476626669413675,0.6817416735665525,-0.48956326763522284,-0.3113235247338993,True,False
-1.4343755499376631,-0.5141880004053625,0.7406051401516697,0.2041198899643369,0.224920067334772,-0.23005291884784648,-0.17243126620047783,True,False
0.25951787119718067,2.1588499386918003,-1.0314931969810008,-0.676460102280101,1.5786378617690708,-0.619414999528111,-0.4429714852629521,True,False
-1.205232668474399,2.1588499386918003,2.1356612778944104,1.6674383116347524,-0.16102441066332823,0.3158530074104037,0.47537289971517077,True,False
-1.1166541269190324,-0.5232095034498154,-1.0314931969810008,-0.9176402316839934,-1.094447719559654,-0.08211476038605997,-0.39112343983349956,False,True
-0.3936735508845694,-0.39289890391882876,1.6832106386264944,-0.13346416122105498,0.43656523838488476,-0.11301919497375716,-0.290628991541426,True,False
0.9942212721499174,-0.39289890391882876,1.4569853189925366,2.2267854479076217,1.0124209715032109,-0.2804619682739419,0.06867190392062235,True,False
-0.8015073430179667,-0.20912754560589883,-0.9183805371640218,-0.7143857911788298,-0.2217230697072414,-0.541728456578018,-0.3904348689689019,True,False
-1.5722009120609173,2.1588499386918003,-0.8806763172250288,-0.7848624705495216,-0.7369917906100615,-0.4083523759643302,-0.3505823051725813,True,False
-1.4975363776515391,2.1588499386918003,0.1373376211277819,0.8724371443404401,0.4442502617402299,-0.3930480123411316,-0.05790067416174299,True,False
-0.525144484547451,-0.39289890391882876,1.9848443981384383,2.9575173340142675,-0.12799555725960476,0.24534189361961012,0.9037348350153932,True,False
1.3348405494481665,-0.5141880004053625,1.4569853189925366,1.6463180178168975,2.026006703195729,-0.39402565702053155,-0.17196847091871204,True,False
-0.4550814328162737,-0.20912754560589883,-0.8052678773470429,-0.5597307364480852,-0.21366589025720628,-0.5088868371626211,-0.3316290585229683,True,False
-0.8995079681525063,-0.5141880004053625,2.0225486180774315,1.7482858879697671,0.3141817066461304,-0.0044282174359671685,0.19873135684462473,True,False
-1.41043688409988,-0.5232095034498154,-1.1069016368589868,-0.9171860318169428,-1.0619026690790276,-0.3491022805177357,-0.40894897607647873,False,True
-1.6052877636994092,-0.5232095034498154,-1.0314931969810008,-0.9192299312186707,-1.0983181429444286,-0.06346105850936173,-0.3934406680250338,False,True
0.4293344938450694,-0.39289890391882876,-0.6544509975910708,-0.8006080659406106,-0.8851285241013529,-0.09796829478595856,-0.3107572914196159,True,False
-0.10367058304652975,-0.39289890391882876,0.4012671607007328,0.8183116601835715,0.020904096225800865,-0.24357700357954526,0.06989361827211744,False,True
0.6857575940433814,-0.5141880004053625,0.7783093600906626,0.11543736592269846,-0.7803107600319589,0.7531679561308636,0.46113863229210555,True,False
-1.0445094520715261,-0.39289890391882876,1.2307599993585785,0.7808401711518933,0.06520927929862654,-0.06436628506436169,0.0395732205998989,True,False
-0.9854570910346152,-0.39289890391882876,-0.7298594374690568,-0.6078002223776119,-0.3852112421044887,-0.453951654961526,-0.32325556917960124,True,False
-0.07463741852931007,-0.39289890391882876,-0.315113018140134,0.19772324183670698,0.9404087671807269,-0.5132560640014207,-0.27571458438193447,True,False
1.189346049527911,-0.5141880004053625,0.1750418410667749,0.874102543852959,2.0146373345029547,-0.5113852624544208,-0.26300461948563386,True,False
-0.18644249169845228,-0.5232095034498154,-0.9560847571030148,-0.899018037134917,-1.0851810328018772,0.05129149444612781,-0.34202397353036623,False,True
0.8636268113781216,-0.39289890391882876,1.7209148585654874,1.270354077865726,1.177137259012935,-0.27260460177654267,-0.12317461734054551,True,False
-1.301863804716617,2.1588499386918003,-0.5036341178350989,-0.4903895567450201,1.469335616758664,-0.5598510922091164,-0.41475412908286097,True,False
-1.4585881135539105,-0.5325651362366555,0.1373376211277819,0.22682988331686912,0.07345253679600648,-0.32093163012613823,-0.12945991369353665,True,False
-0.8069852985872534,2.1588499386918003,1.9094359582604523,1.4646380709966393,0.09639596003363513,0.07604642330352553,0.22814576084137533,True,False
-1.4049041489749003,2.1588499386918003,1.4569853189925366,1.510058057701704,-0.8605848296565578,1.6412193459605828,2.192777613838214,True,False
1.2085188940204143,2.1588499386918003,1.9848443981384383,3.302557833017074,-0.8116649110095782,1.7540045398698723,3.582355217908003,True,False
1.468009649337527,-0.39289890391882876,1.2684642192975715,-0.022260893771488734,-0.28798546236676764,0.1685424726934171,-0.09625352360992485,True,False
1.7443725078080425,-0.5141880004053625,-0.6544509975910708,-0.6867552992665823,-0.5355250887497157,-0.3789023387083329,-0.33333658137503874,True,False
1.036894546034661,-0.39289890391882876,0.28815450088375383,0.8532471999575503,1.8334345319984706,-0.49247809714232255,-0.25273683742858816,True,False
-0.0856481092235764,-0.39289890391882876,-0.4282256779571129,-0.14262385853990964,-1.1315702900049658,2.3368195701973193,3.2503198465678627,True,False
-1.6050686454766376,-0.39289890391882876,1.4946895389315296,2.569252147663808,1.6291394438184823,-0.35525782109173504,-0.003942825099259897,True,False
1.425829391454019,2.1588499386918003,-0.35281723807912696,-0.04421388734560324,1.6271484087118915,-0.5486926662078174,-0.3578963872173714,True,False
0.4451110058846152,-0.5141880004053625,0.8160135800296556,-0.3728653411456658,-0.08253669029324064,-0.09789587666155863,-0.2852294651261612,True,False
-1.2859777335656855,-0.39289890391882876,2.0602528380164244,0.5002203532924365,1.1693591966339172,-0.2289968212003466,-0.24645976847762285,True,False
-1.3966872156209702,-0.5232095034498154,-1.1446058567979798,-0.9270648789252943,-0.9925699886383101,-0.4917177068361226,-0.4483183171271465,False,True
1.555876056668886,-0.39289890391882876,-0.39052145801811994,-0.6685116046067148,-0.06368698409720014,-0.4191004325940293,-0.38738753328597086,False,True
-1.3491933408352543,-0.39289890391882876,1.6455064186875015,-0.21381968770009824,0.662519811275822,-0.18286647595755084,-0.32992376882287644,True,False
-0.4338269652074412,2.1588499386918003,-0.013479258628190058,0.592233676359113,1.570189918419611,-0.510461931368321,-0.26735451745730093,True,False
-0.03185458553318068,-0.5335675254638169,-0.239704578262148,-0.4967105048948083,-0.27910953950841494,-0.3193867101389384,-0.29528982262470327,True,False
0.9918109716994312,-0.39289890391882876,-0.7675636574080498,-0.7465582817615839,0.48877873846986947,-0.5578294195696166,-0.4350962943999976,False,True
-1.712272235967579,-0.5232095034498154,-1.1446058567979798,-0.9287681284267343,-1.0322604361369818,-0.45865279820382565,-0.4450073284695806,False,True
-1.0649422263449657,-0.5232095034498154,-1.1823100767369727,-0.9341428268535003,-1.1172608881641415,-0.41250434842992983,-0.4356596755482454,False,True
0.7530268884342225,-0.39289890391882876,-0.05118347856718305,-0.6377017136251126,-0.5381487892172792,-0.11221656076165729,-0.3048292915475559,False,True
-0.8257746861899069,-0.5141880004053625,1.5700979788095155,2.256762639132964,1.3619313678311757,-0.3166408562554386,-0.001285468272355091,True,False
-0.6416605995061798,-0.39289890391882876,2.0225486180774315,2.7789789362744433,1.0749059798016356,-0.21679436723894774,0.14660852402312904,True,False
-0.8066566212530962,2.1588499386918003,0.8914220199076417,1.4796266666093107,-0.0483913686054476,-0.09461895653245884,0.321033842754974,True,False
0.1595451820576978,-0.5141880004053625,1.7209148585654874,1.5095660078457325,1.1554219508877828,-0.26920094992974297,-0.08102087270445153,True,False
1.278910623085749,-0.5335675254638169,-0.6544509975910708,-0.5365665432285024,-0.9583502357315791,0.057984136109427147,0.13477070291967583,True,False
-1.5712148800584456,-0.39289890391882876,1.6455064186875015,2.458730180014818,0.1444227040533593,-0.007228384912766819,0.48492271165771306,True,False
0.27419879212286913,-0.39289890391882876,-0.39052145801811994,-0.4752495611766653,0.12869910905271345,-0.4512420101402263,-0.3452327621835289,True,False
0.3269515042551004,-0.5232095034498154,-1.1823100767369727,-0.9290709283381013,-1.0965690092993863,-0.45304039356282616,-0.4268772059679827,False,True
1.6692697369531215,-0.39289890391882876,0.5897882603956978,0.881483291692532,0.40396436449005463,-0.3035452454264398,-0.045237229347182994,False,True
1.4413320057151005,-0.49982042148271527,0.02422496131080293,0.07130427884094413,-0.2849337823903109,-0.23278670304394625,-0.05873429020624623,True,False
0.36031225367205655,-0.5141880004053625,1.0045346797246206,-0.16866465091747995,1.0544560023984288,-0.34657971585113584,-0.3481914613219679,True,False
-0.24932942163386398,-0.5232095034498154,-1.1446058567979798,-0.9331965771304781,-1.0637820573572112,-0.4199634152431292,-0.44899504836844784,False,True
0.7019175629727773,-0.5141880004053625,-0.8806763172250288,-0.7587459781941095,-0.43370318124257506,-0.49970783989492185,-0.38798976344302266,True,False
1.4385382483747644,-0.5325651362366555,-0.126591918445169,-0.08350217584548403,0.9870213180406293,-0.4905107380961227,-0.3292505479397728,True,False
-0.18397741169227327,2.1588499386918003,0.7783093600906626,0.814450961313641,1.409623171365679,-0.41245003483662984,-0.2217182075711073,True,False
-0.3817863872992172,-0.39289890391882876,0.09963340118878891,0.8083192631084574,1.7608640935339515,-0.5076677987352212,-0.2530098461346695,True,False
0.3222404624655138,2.1588499386918003,1.3815768791145504,-0.3624565941924218,-0.3018854925034332,0.21782904119131252,-0.23400789326506338,True,False
-0.28252583238374157,-0.39289890391882876,0.8537177999686487,0.23950962960536631,0.5943780303381122,-0.2958809939274405,-0.22772699269544033,False,True
-0.1517122533891744,-0.5232095034498154,-1.0314931969810008,-0.9087833342765059,-1.199302699238517,3.7979336829352857,0.4483975756517681,False,True
1.5370866690662326,-0.49982042148271527,-0.9560847571030148,-0.8620764479481312,0.22949758729945696,-0.5813230660937144,-0.4578410178211083,True,False
1.0333886544703175,-0.5232095034498154,-1.0691974169199938,-0.9264214291136392,-1.008368014857894,-0.37111739033533364,-0.4446844460359805,False,True
0.2818131503641777,-0.5335675254638169,-0.05118347856718305,-0.5129481501418688,0.1353979187571305,-0.37732724450263305,-0.356660795981126,True,False
-0.9134219752984947,-0.5141880004053625,-0.239704578262148,0.3923857348568292,0.6831744745311084,-0.48375774799582333,-0.20849934259921218,True,False
-0.004410028131054141,-0.39289890391882876,0.5143798205177118,-0.30136671207411003,-0.6485861103164895,0.2891427891942061,-0.04167814142262176,True,False
-0.4391405821096493,-0.39289890391882876,-0.8052678773470429,-0.4843335585176782,-0.2380235066546565,-0.5055314640654214,-0.2981826712044514,True,False
-1.2826361806684206,-0.39289890391882876,0.4012671607007328,-0.5523121386195914,1.4141820835256294,-0.4555689930731259,-0.4224581037918466,True,False
-0.9301297397848192,-0.3922306444340545,-0.08888769850617603,-0.6684359046288729,-0.06257051581313057,-0.34132336698843635,-0.38745086861032807,True,False
0.016241864365156844,-0.5141880004053625,0.02422496131080293,0.775238372791602,-0.4321029100354087,-0.15552863399655337,0.36710314122073684,True,False
-1.203972738693463,-0.39289890391882876,-0.4282256779571129,-0.6230916179016502,-0.41196926531268824,-0.33568682297263686,-0.3253665559913994,False,True
-0.4448376559017075,-0.5141880004053625,-0.6167467776520779,-0.07154157934648371,0.2756821586504664,-0.5154286077334205,-0.25417107732784294,True,False
-1.5891825743257062,-0.5232095034498154,-1.1823100767369727,-0.9299793280722026,-1.1720608731072206,-0.11404511840275715,-0.34049443680878894,False,True
0.31040807843585444,-0.3922306444340545,-0.5790425577130849,-0.4902381567893366,0.15460117324312636,-0.4958938186765222,-0.35200150067956026,True,False
-1.4775418398236424,-0.49982042148271527,-0.5413383377740919,-0.3714648915555929,0.2805574034909032,-0.5008242859794217,-0.332185669694692,True,False
1.3294721529902656,-0.5141880004053625,0.36356294076173984,-0.009505447505149787,-0.1607266857875764,-0.18529248312495059,-0.13793951301617458,True,False
0.10136929391187269,-0.5232095034498154,-1.0314931969810008,-0.9180944315510441,-1.0568413461912456,-0.21607018599494776,-0.41345305556211065,False,True
-0.09983601414802903,-0.5232095034498154,-1.0691974169199938,-0.925853679279826,-1.016462409917398,-0.35998310370883463,-0.442134421545219,False,True
0.48016992152805027,-0.49982042148271527,0.21274606100576787,0.06876832958324469,-0.7221613702366713,0.24606607486360996,0.3134704390863161,True,False
0.10640901303561648,2.1588499386918003,1.9848443981384383,-0.007877897981551642,1.594305633355513,-0.29970708483324016,-0.35148398142089093,True,False
-0.06461275983751534,2.1588499386918003,0.8914220199076417,-0.2916392649214421,0.911678316670671,-0.34248205697883627,-0.3616170299752368,True,False
-0.0395237233301821,-0.39289890391882876,-0.5036341178350989,-0.3480735984024847,1.7386091590714992,-0.5674851694896157,-0.40214377843604127,True,False
1.5579029002295222,-0.5232095034498154,-1.1823100767369727,-0.936565226144437,-1.1168701242647172,-0.41340957498492975,-0.44539498798179766,False,True
0.6816491273664164,-0.39289890391882876,-0.16429613838416202,-0.505188902413087,-0.29632175888782014,-0.28885040101694115,-0.2953852448169614,False,True
-0.8266511590809928,-0.39289890391882876,0.21274606100576787,-0.0803227767761295,-0.37702380802131225,-0.12057481928615656,-0.08215351955230084,False,True
-0.570556736216838,2.1588499386918003,1.4192810990535434,1.091664280170218,0.32837946165854776,-0.1267665689223559,0.028540775962947677,True,False
1.517530367683879,-0.5232095034498154,-0.9937889770420077,-0.8968605877664265,-1.036651878054322,-0.2014900036157491,-0.3750221476577557,False,True
-1.168092129714635,-0.5232095034498154,-0.9937889770420077,-0.9090482841989521,-1.105668225814553,0.0789310785921253,-0.35154302282495276,False,True
0.7692964164750041,-0.5232095034498154,-0.9937889770420077,-0.9257401293130633,-1.1126461525899873,0.1285012847439207,-0.4058766525982519,False,True
-0.8597380107194847,2.1588499386918003,0.4389713806397258,0.5041189021512879,-0.28917636186977513,-0.09740705432185863,0.12338006854100202,True,False
0.844453966885618,-0.5232095034498154,-0.9937889770420077,-0.9254751793906171,-1.0479468155281586,-0.17149079558305186,-0.4340877089390775,False,True
-0.3182421026954911,-0.5232095034498154,-1.0314931969810008,-0.9308120278284622,-1.1458424762363213,0.3383931486299016,-0.3984592735621218,False,True
-0.9565882651844742,-0.5232095034498154,-1.1069016368589868,-0.9187000313737783,-1.1627755785447091,0.2252639686297119,-0.281518945990598,False,True
-0.5331422996786096,-0.5141880004053625,1.9094359582604523,1.0449573938418433,-0.9747437117026666,3.291205961977432,2.7180883711027874,True,False
-1.6774324385469155,-0.39289890391882876,0.5520840404567048,0.5680475334386662,-0.1690815901133632,-0.12791922406905581,0.07761852976035362,False,True
-1.4944139429770456,-0.39289890391882876,-0.8806763172250288,-0.7723719742056289,-0.3260756386582729,-0.5171304336568203,-0.40505161655871846,True,False
1.3294173734345727,-0.39289890391882876,-0.8806763172250288,-0.6629855062242652,0.9364639125770144,-0.5913288369483135,-0.4294866244657501,True,False
0.3763626634900667,2.1588499386918003,-0.35281723807912696,-0.07328267883684451,1.5225539382993114,-0.5450657251441177,-0.35731919970496206,True,False
-1.4279663419215975,-0.5141880004053625,0.5520840404567048,-0.503864152800856,0.0038965626984750804,-0.20112791299374916,-0.3404706792059866,True,False
1.3262401592043862,-0.5232095034498154,-0.9560847571030148,-0.9029544359826893,-1.1285744334427128,0.40229007372549563,-0.289950105504356,False,True
-1.6924968163624539,-0.39289890391882876,-0.5413383377740919,-0.19743064249735415,-0.7007623947920054,-0.2281941869882467,0.08079753521818259,True,False
1.041879485602712,-0.5141880004053625,1.0799431196026066,1.6172492263256562,1.93694974973645,-0.4226127116274289,-0.16681627587958686,True,False
0.04335774443312618,-0.5232095034498154,-0.9560847571030148,-0.8996236369576512,-1.062293432978452,-0.05318371968826261,-0.36431145712498386,False,True
-0.23848306960667626,-0.5232095034498154,-1.1823100767369727,-0.9310391277619875,-1.1961765880431223,0.5838362767525792,-0.1788623286105045,False,True
1.2949062533480662,-0.5232095034498154,-1.1823100767369727,-0.9366409261222788,-1.0767889128666213,-0.4804084097423236,-0.4556973878123199,False,True
-0.36984444415817214,-0.5232095034498154,-1.1446058567979798,-0.9224093302880253,-1.0932382122519122,-0.3656256825683341,-0.4071661450711982,False,True
1.5870456238581276,-0.39289890391882876,0.47667560057871877,-0.42998097442728433,0.6339568310083767,-0.36408076258113425,-0.3726523894631915,False,True
-1.179595836410137,-0.39289890391882876,1.1930557794195855,0.43239317314620684,0.576067950479372,-0.23588257786204597,-0.18364921916406,True,False
0.23366192091014729,-0.5232095034498154,-1.1823100767369727,-0.9352026265432851,-1.1094270023709203,-0.4297398620371283,-0.4428580019643419,False,True
-0.9535753896213665,2.1588499386918003,-0.9937889770420077,-0.60303112377358,-0.4131787726204304,-0.5454338506098176,-0.3154907116956242,True,False
-0.7353884192966759,2.1588499386918003,1.5323937588705225,0.785609269755925,0.20811721965952565,-0.05940564354296212,-0.011341484836875866,True,False
0.09408361300472133,2.1588499386918003,0.8914220199076417,1.4709968691353486,0.08013273869568911,-0.1491135951434539,0.23893852166826046,True,False
-1.5920311112217351,-0.39289890391882876,2.0979570579554174,2.248132841659002,1.5488095507796793,-0.2818560171686418,-0.03486753720371013,True,False
1.5907706336452427,-0.5141880004053625,-1.0314931969810008,-0.884937841256347,-0.6988830065138216,-0.5128517294735206,-0.43492105073684656,True,False
-0.024349786403257852,-0.5232095034498154,-0.9560847571030148,-0.9087076342986641,-1.2012193031261698,6.137871909485672,0.5853446882913701,False,True
-1.368366185327758,-0.5335675254638169,-0.35281723807912696,-0.27313062033912827,-0.06424521823923492,-0.40922742830083014,-0.254929063958676,True,False
-0.40906660603426515,-0.39289890391882876,0.5143798205177118,0.5792132801703278,-1.062181786150045,2.8220451430520748,3.3761884411191687,True,False
0.2841138917032781,-0.49982042148271527,-0.08888769850617603,0.02384039273415173,-0.11057865202812012,-0.32817947740983755,-0.1418451234428236,True,False
1.1109017257757248,-0.39289890391882876,0.06192918124979592,0.7463588312449652,-0.42032416963847524,-0.14861873796005393,0.3405466389341769,True,False
-0.6522330537549033,2.1588499386918003,-0.05118347856718305,-0.6595033072435436,0.4703197961732534,-0.4302467889079282,-0.41469965584582874,True,False
-0.36403781125472817,-0.5141880004053625,1.3438726591755574,2.230419046844027,1.1301339442536078,-0.3130561590976389,0.041718637130270034,True,False
1.0378805780371325,-0.39289890391882876,1.9094359582604523,2.319896420653004,-0.957661746956403,3.029613592113556,4.4179190175668674,True,False
-0.38288197841307453,2.1588499386918003,1.1176473395415996,1.734886991891773,1.6538878241153565,-0.3968922077780313,-0.12010589041234712,True,False
0.09939722990692945,2.1588499386918003,-0.315113018140134,0.2261107335273723,1.750332076054229,-0.5488435373003173,-0.3278484497577657,True,False
1.2956731671277664,-0.34478422101507983,-0.5413383377740919,-0.38944363629301426,-0.8007421296304313,-0.12782870141355582,0.03753717366712496,True,False
-1.0597381685541434,-0.39289890391882876,-0.7298594374690568,-0.48539335820746304,-0.6797913988562327,-0.34950661504563557,-0.14867819238707633,True,False
-1.180472309301223,-0.39289890391882876,1.5700979788095155,0.4882219068045153,-0.31781377335615846,0.29575094304570543,0.13582569092802185,True,False
-1.4794043447172,-0.39289890391882876,0.6274924803346907,-0.40598408145144194,-0.39870190053699545,0.04474368903162834,-0.22536199072280919,True,False
1.1605867827891554,-0.5232095034498154,-1.1823100767369727,-0.9357325263881775,-1.0365402312259149,-0.5173114789678203,-0.45924081233054814,False,True
-0.1245415937655122,-0.5141880004053625,1.3061684392365644,2.560168150322795,1.5890396246156513,-0.3711596342412336,0.0016183031630350587,True,False
0.6736513122352578,-0.39289890391882876,0.47667560057871877,-0.25587102539120377,0.44901385975226005,-0.3330073523698371,-0.3203928172200258,False,True
-1.4733238140352918,-0.39289890391882876,-0.6921552175300638,-0.6018577741170326,1.334596502676207,-0.5774547312820147,-0.4281472347584221,True,False
0.7485897444231002,-0.39289890391882876,0.7406051401516697,0.03159964046293358,-0.8446565488038326,0.9658056739003442,0.5375626562855871,False,True
-0.4585873243806172,-0.39289890391882876,-1.1069016368589868,-0.7376256843762545,1.2992974970948754,-0.6256670976013105,-0.4482237020038489,True,False
-1.044564231627219,-0.5141880004053625,0.1373376211277819,0.34866899765320464,1.3585261395647639,-0.4820559220724235,-0.2863226909648751,True,False
-0.05924436337961434,-0.5232095034498154,-1.0314931969810008,-0.9162776320828415,-1.0360006048886146,-0.26602058729984324,-0.41731433988089267,False,True
0.3293070251498937,-0.5232095034498154,-1.0314931969810008,-0.9012890364701702,-1.108924591643089,-0.005200677429567013,-0.3192662978277806,False,True
1.1736790965997508,2.1588499386918003,0.8160135800296556,0.7512793298046805,-0.9081463785579195,1.3726869058417073,1.6534999875520373,True,False
0.7680364866940681,-0.39289890391882876,0.5897882603956978,0.5736114818100365,-1.0410433199716618,2.5293009100088013,2.8938996466374265,False,True
0.5568612994980645,-0.5232095034498154,-1.1069016368589868,-0.9249074295568038,-1.1180610237677246,-0.17757391803265132,-0.39837976551606796,False,True
-0.7467277873250994,-0.39289890391882876,0.28815450088375383,1.0208469508992384,0.16997121995381687,-0.3109741380211391,0.06703006707920238,True,False
-0.07754073498103203,-0.5141880004053625,2.0225486180774315,1.3728896978524092,0.18727647835689448,0.053433863959627556,0.15702459520716494,True,False
1.6542601386932758,-0.5141880004053625,2.0225486180774315,2.9535052351886537,-0.11431882077975307,0.24449701550161013,0.8851193506436156,True,False
1.4219400429998255,-0.5141880004053625,1.0045346797246206,0.003931298561765126,0.7389234575156466,-0.29861477812354026,-0.29285534220086884,True,False
-0.700658180987398,-0.5141880004053625,0.5897882603956978,0.6941636965230619,1.6411042622627605,-0.4508437104560264,-0.2588860447164504,True,False
0.27195283033946155,2.1588499386918003,0.8537177999686487,0.9644126174181956,0.08489633670771905,-0.15956594443185293,0.08612335194691657,True,False
-0.46203843638926784,-0.5232095034498154,-1.1446058567979798,-0.9385334255683232,-1.0176160938109364,-0.47240017215242436,-0.46672310165085185,False,True
-0.9852927523675367,-0.39289890391882876,0.7783093600906626,0.37296869054041415,0.14715805134932955,-0.19818894411184942,-0.10709436380712498,False,True
1.3648049664121649,-0.39289890391882876,-0.239704578262148,0.1082837180166508,-0.3655986159143342,-0.2863640454125414,-0.0019242672725067005,False,True
1.281320923536235,-0.20912754560589883,-0.126591918445169,-0.3582930954111242,0.9554252656014617,-0.48828388077082296,-0.3758373656642049,True,False
-1.4742550664820704,-0.5141880004053625,0.21274606100576787,1.0917399801480598,-0.48256727647535125,-0.04516944725466337,0.5920937045294024,True,False
-0.44374206478785017,-0.39289890391882876,1.5700979788095155,0.21002448823599526,0.4243957340885269,-0.12963311967985575,-0.20848434522066214,True,False
-0.5381272392466606,-0.5141880004053625,0.7783093600906626,1.7955226741430343,0.8654193141007237,-0.3519809009626354,0.027581304174311524,True,False
-0.14732988893374502,-0.5232095034498154,-1.1823100767369727,-0.9388362254796903,-1.0042929056210401,-0.5366772924011185,-0.46812293533839655,False,True
-1.2801163211065487,-0.39289890391882876,-0.6544509975910708,-0.1538274552604922,2.087654360281101,-0.5891261189978138,-0.38771950503990427,True,False
-1.131773284290264,-0.5232095034498154,-1.0691974169199938,-0.931531177617959,-1.2036383177416536,4.545391319086117,0.011766474465866546,False,True
-0.2642842403380168,-0.5141880004053625,1.6832106386264944,2.4232268904070255,-0.5095113777308958,0.5989656299084777,1.3606756620475864,True,False
-1.7507822636196648,-0.5325651362366555,0.1750418410667749,-0.48077565955911483,0.29977926578163366,-0.3617332083818345,-0.36187099028672304,True,False
1.5913732087578643,-0.5141880004053625,-0.7675636574080498,-0.7854302203833349,-0.27643001562664804,-0.487909720461423,-0.41438347286816396,True,False
1.6147640790387185,-0.5335675254638169,-0.27740879820114095,-0.3460296990007568,-0.9192924535938802,0.34558064747660094,0.30206367116405064,True,False
-1.4621487846739467,2.1588499386918003,0.7783093600906626,0.6652463049875041,-0.7419228588647019,0.639700824883474,0.8328696904609859,True,False
0.9897293485831022,-0.5141880004053625,1.9094359582604523,2.529736759230402,0.8496771112953434,-0.18655376545825048,0.16847172441308303,True,False
-1.7014806634960842,-0.5141880004053625,-0.4282256779571129,-0.3949318846865429,1.4195225234844289,-0.5497427290116174,-0.3995586425276817,True,False
1.428732707905741,2.1588499386918003,0.8160135800296556,1.4070303878590493,1.845138841176466,-0.44167074803202716,-0.18388260313486054,True,False
0.4872364842124302,-0.5232095034498154,-1.0314931969810008,-0.913098233013487,-1.0242032566869466,-0.28941767632474114,-0.414765381034584,False,True
-0.7556020753473439,-0.5232095034498154,-0.9560847571030148,-0.90810203447593,-1.0336560214920685,-0.14666344860125416,-0.4007031525056902,False,True
1.0563960678613218,-0.5141880004053625,-0.05118347856718305,-0.5892537278063772,0.2553810436851354,-0.3990587166663311,-0.386731433234702,True,False
-0.5067933333903405,2.1588499386918003,2.1356612778944104,0.12429426333018603,1.3847259286309284,-0.25469922051864424,-0.3215281986995961,True,False
0.7151742154504511,-0.5232095034498154,-1.1446058567979798,-0.9380792257012724,-1.0525429432975781,-0.43549106808322774,-0.46276736675681285,False,True
0.8457686762222468,-0.39289890391882876,0.7783093600906626,-0.44254717074901884,-0.4314516368697015,0.13089711769282059,-0.2326974561772455,True,False
0.467899301052848,2.1588499386918003,1.6078021987485085,2.5123257643267936,0.39399058115236696,-0.11293470716195726,0.34803648962872347,True,False
-0.6212278252327403,-0.5335675254638169,-0.8806763172250288,-0.6588220074429676,0.9385852023167466,-0.5913771156979135,-0.42879166757005616,True,False
-0.9776236145705351,-0.39289890391882876,1.0799431196026066,-0.41968577744080304,-0.4247156115558154,0.23805180243001073,-0.2236531123083098,True,False
-1.179595836410137,-0.39289890391882876,1.5700979788095155,1.3171366641719424,1.2516243013651067,-0.30201842997033995,-0.1266449511863001,True,False
-1.640018002008687,-0.39289890391882876,0.8160135800296556,0.657600607225485,0.11496654915865824,-0.1789619320836512,-0.01559080477768193,False,True
-1.613997713054575,-0.49982042148271527,0.21274606100576787,0.11305281662068258,-0.6431154157245489,0.1229794027584212,0.23353470916832117,True,False
-1.2189823369533086,-0.5141880004053625,-1.1069016368589868,-0.7688140752470655,-0.7020649411234199,-0.5558741302108168,-0.34734287924139856,True,False
0.6624762828739128,-0.5141880004053625,0.9668304597856276,0.23375643128939147,0.46488631719078183,-0.2490143977532448,-0.20958957523071284,True,False
-1.4270898690305116,2.1588499386918003,-1.0314931969810008,-0.8915237393285814,1.9940943180760748,-0.6225350137210106,-0.47359343680847127,True,False
1.3937285718179988,-0.5141880004053625,-0.126591918445169,-0.608103022288979,-1.0979087712402698,2.2466107265697275,0.6344545446279188,True,False
0.5934540427009,2.1588499386918003,-0.013479258628190058,-0.6892912485242817,1.170103508823297,-0.4881330096783229,-0.438690815002617,True,False
0.30668306864873945,-0.5325651362366555,-0.013479258628190058,0.011425596368100768,-0.7706160937652886,0.191366251566815,0.3503129412486934,True,False
-0.2400716767217694,-0.39289890391882876,1.8340275183824664,2.124211977932018,1.598324919178163,-0.31617013844683867,-0.05967667250553157,True,False
-0.8478508471341325,-0.5141880004053625,-1.0314931969810008,-0.7189277898493364,-0.8138792397729827,-0.47533914103432406,-0.26232509876326465,True,False
1.0766097239119898,2.1588499386918003,0.47667560057871877,1.3720569980961497,-1.0500681052678906,2.498686147918704,4.950227423158695,True,False
-1.1449751572122449,-0.20912754560589883,-1.0314931969810008,-0.7682084754243312,-0.795513336500039,-0.4827137200357235,-0.31717948390669654,True,False
0.7761438609366125,-0.5232095034498154,-1.0691974169199938,-0.9292601782827058,-1.0487841667412108,-0.3046616915109397,-0.44265603099803824,False,True
-1.277103445543441,-0.5232095034498154,-0.9937889770420077,-0.8920914891623947,-1.0049813943962163,-0.268289688531043,-0.38212444853877886,False,True
0.9020820594745145,-0.39289890391882876,-0.8429720972860358,-0.5431524413007367,0.38262121245959235,-0.5661937129378158,-0.3830471164156859,False,True
-1.3727485497831873,-0.5141880004053625,-0.5790425577130849,-0.3492090980701113,1.4023103041050233,-0.5662902704370159,-0.39229799158233397,True,False
0.2271431537826961,-0.5232095034498154,-1.0314931969810008,-0.921500930553924,-1.119177492051794,0.06346980903272673,-0.3836678778163484,False,True
1.5063005587668412,-0.39289890391882876,1.4569853189925366,2.431175388080412,-1.117130633531,7.663232968253833,12.883154001473512,True,False
-1.2839508900050494,-0.34478422101507983,-0.5036341178350989,-0.5244545467738185,0.9294301623873763,-0.5387774180087184,-0.4044297503354982,True,False
-0.48920909601293006,-0.5232095034498154,-1.0314931969810008,-0.90810203447593,-1.1103760004123795,0.0037489957775321088,-0.34222404044077254,False,True
0.3716516217004801,-0.20912754560589883,-0.5036341178350989,-0.79546046744737,0.4112586239459757,-0.5053866278166214,-0.44453985532209156,True,False
-0.35839551701836286,-0.5141880004053625,1.5323937588705225,2.8834827556850127,2.0658460131322762,-0.39021163580213186,-0.030428430687219662,True,False
1.0328408589133888,-0.5141880004053625,-0.16429613838416202,0.12595966284270507,1.182961501894831,-0.5077040077974212,-0.3079201697762563,True,False
-1.5025760967752828,-0.5232095034498154,-1.1446058567979798,-0.9238854798559398,-1.0691411051207451,-0.4117137839052299,-0.42316657713372585,False,True
0.929143159986791,-0.5232095034498154,-1.1446058567979798,-0.9219551304209747,-1.0758585226298965,-0.40050104431063094,-0.41505144388521303,False,True
1.6016717652281232,-0.5232095034498154,-1.1823100767369727,-0.936565226144437,-1.1599658000298008,-0.23150128133584635,-0.4179973709614595,False,True
0.9983845183825752,-0.39289890391882876,0.02422496131080293,0.8280012573473187,0.3907156075190964,-0.4056789402052305,-0.05448656089649858,True,False
-0.7335259144031183,2.1588499386918003,1.6832106386264944,1.4401112781759047,1.4204529137211532,-0.31111293942623913,-0.1313105228202684,True,False
-1.599974146797201,-0.49982042148271527,-0.08888769850617603,-0.03600043974977074,0.8217840119983397,-0.4725751826197243,-0.3080270789888668,True,False
-0.13270374756374945,-0.39289890391882876,1.6078021987485085,0.271455020254595,1.1176294994720293,-0.27758334782904215,-0.2790646492813127,True,False
0.4202958671557463,2.1588499386918003,1.6455064186875015,2.19642975679307,0.0516441896471817,0.039402852357128836,0.4758319338988676,True,False
1.107450613767074,-0.5232095034498154,-1.0314931969810008,-0.9276326287591077,-1.1241829915253725,0.1027687112071231,-0.4044735122786549,False,True
-0.16524280364531263,2.1588499386918003,2.0979570579554174,0.4021131820094972,1.50080141456469,-0.2754590828466424,-0.28889174034336884,True,False
-1.745742544495921,-0.5232095034498154,-1.0691974169199938,-0.90938893409924,-1.090763374222225,-0.1896436054326502,-0.36808278067932876,False,True
-1.0762815943733892,-0.39289890391882876,1.6832106386264944,1.6999136021288734,-0.7146252093192019,1.1088435392777314,1.558596576087528,True,False
1.69846724013742,-0.5232095034498154,-1.1446058567979798,-0.927178428892057,-1.1377480811768172,-0.20444707702874884,-0.3888373895778328,False,True
0.3781703888279313,2.1588499386918003,-0.8806763172250288,-0.7239239883868934,-0.682675608590079,-0.43237105389032804,-0.3196641358116468,True,False
-0.5713784295522311,-0.5325651362366555,-0.4659298978961059,-0.5121533003745302,-0.41128077653751216,-0.3499290541046356,-0.27229208700224455,True,False
-0.8523427707009477,-0.5141880004053625,-0.202000358323155,0.17380204883870634,2.0510155927588865,-0.5472503385635176,-0.3480343022720318,True,False
0.26861127744219665,-0.5141880004053625,2.0602528380164244,0.35366519619076175,1.9926429093067846,-0.33540922016243685,-0.32402765992819293,True,False
-0.3003839675396163,-0.5141880004053625,-0.39052145801811994,-0.47089681245076326,1.7069014598039245,-0.5551258095920169,-0.4174940733548636,True,False
0.24615165960812105,2.1588499386918003,0.5897882603956978,0.3677453920693317,1.0581217399311238,-0.40141230570933084,-0.2574793548605508,True,False
-0.9931810083873095,-0.39289890391882876,0.7406051401516697,0.23822272998205615,-0.3635889730030089,0.05593832409512738,0.05577815453430578,False,True
1.3244872134222145,-0.5141880004053625,1.6455064186875015,0.0047639983180246415,-0.27920257853208735,0.2809836805118068,-0.08872726862031904,True,False
1.1873192059672748,-0.5232095034498154,-0.9560847571030148,-0.9162776320828415,-1.0023018705144495,-0.2201316358050474,-0.4272793457077653,False,True
-0.5447007859298046,2.1588499386918003,-1.0314931969810008,-0.7137044913782539,-0.798844133547513,-0.48142829832762357,-0.2653642540578958,True,False
0.6796770633614732,-0.39289890391882876,-0.7298594374690568,-0.7196090896499123,-1.0530639618301438,0.3305056079140023,0.05870498620223126,False,True
1.5202693454685223,-0.5325651362366555,-0.126591918445169,-0.5297535452227427,0.4518422460719029,-0.4413629710033272,-0.3839792418871123,True,False
-0.398384592674156,-0.5232095034498154,-0.9560847571030148,-0.8799416427187899,-1.173772791142794,1.56387678910139,0.139022005272589,False,True
-1.6039182748070875,-0.39289890391882876,-0.8429720972860358,-0.6031068237514219,-0.898823868385939,-0.2521887255394445,-0.06237643571316398,False,True
-0.6222686367909048,-0.5232095034498154,-1.1069016368589868,-0.9123412332350693,-1.085404326458691,-0.2955128684617406,-0.381546422614925,False,True
0.7326488937164758,2.1588499386918003,1.3815768791145504,-0.27767261900963475,2.003882023366418,-0.39929407557063107,-0.40013949711070823,True,False
-0.4423725758955285,-0.5232095034498154,-1.0314931969810008,-0.8981096374008157,-1.13581286948443,0.21317617669861297,-0.24868555497235528,False,True
1.658313825814548,-0.5335675254638169,0.02422496131080293,-0.5090874512719383,0.3823607031933094,-0.4044357624030306,-0.374813038440742,True,False
-0.855465205375441,-0.39289890391882876,1.2684642192975715,2.40464254584687,1.8275544657023708,-0.39621027043993134,-0.055841668859506415,True,False
1.0286776126807309,-0.5141880004053625,0.9668304597856276,-0.10568226935312386,-0.6740788028027437,0.5825025762948792,0.11849359508044957,True,False
0.39433035775732717,-0.5141880004053625,1.3438726591755574,0.3604781941965214,1.7864126094344088,-0.3853354820925323,-0.31243047858056494,True,False
0.013667225247592079,-0.5141880004053625,1.9848443981384383,3.143057979704456,1.94336944236985,-0.3377145304558367,0.01867606608458085,True,False
1.2580943919224592,2.1588499386918003,0.8160135800296556,1.082277482917838,-0.13916024010029995,-0.0691700206495612,0.24631222495306468,True,False
-1.3128197158551904,-0.5141880004053625,0.1373376211277819,-0.28293376746963805,0.6829511808742943,-0.4245619661425288,-0.3455726087365442,True,False
-1.450918975756909,-0.20912754560589883,-0.8429720972860358,-0.6076866724108492,0.09390251419921321,-0.5491271749542174,-0.3806405543093927,True,False
1.043084635827955,-0.5232095034498154,-0.9937889770420077,-0.9024245361377968,-1.1011837448735404,0.050368163360027904,-0.3340987914055784,False,True
-1.5583416844706217,-0.5232095034498154,-1.0691974169199938,-0.920176180941693,-1.1927155363625068,1.9366189102318558,-0.03449716307136836,False,True
-1.210655844487993,2.1588499386918003,0.28815450088375383,0.6747845021955677,-0.8674325017988508,0.6831758388982702,1.318333596096931,True,False
-0.07146020429912375,-0.5141880004053625,-0.6167467776520779,-0.1629114526015051,0.6784480921285474,-0.542687996726318,-0.3208272867319597,True,False
-0.7174207250294153,2.1588499386918003,1.1553515594805925,0.348214797786154,1.1068555805307583,-0.333930683455937,-0.2653932223486478,True,False
-1.137141680748165,-0.39289890391882876,0.5143798205177118,0.35506564578083455,-0.4771337974928796,0.07226861114732588,0.19933392393337857,False,True
-0.23919520383068354,-0.5335675254638169,0.02422496131080293,-0.3070442104122431,-0.5354134419213087,-0.08128195195546006,-0.11796218204734894,True,False
-0.7347858441840543,-0.5141880004053625,0.5520840404567048,0.20287084032994762,0.3035938657522046,-0.28847020586384114,-0.18869132372845804,True,False
1.0789104652510904,-0.49982042148271527,-0.08888769850617603,-0.045387237002150735,0.542145922448393,-0.4453640723764269,-0.282699758400593,True,False
-0.6055060927488874,-0.5335675254638169,0.1373376211277819,-0.567225034254421,0.6190147638065797,-0.41692185401832943,-0.4006123768366714,True,False
-0.3514932930010616,-0.5232095034498154,-1.0314931969810008,-0.9021974362042715,-1.1882868788356977,1.9305659620007565,0.1549631530268045,False,True
0.881649285201075,-0.5141880004053625,2.1356612778944104,2.2158846510984063,0.31473994078816514,0.017369638008430853,0.31627618690328374,True,False
-0.8809924783283172,-0.39289890391882876,-0.4282256779571129,-0.026878592419836957,1.272427827058269,-0.5441967076513178,-0.33778687715828437,True,False
0.7327036732721687,-0.5141880004053625,1.4569853189925366,0.9949954084662724,0.2038746401800614,-0.07348493389506083,0.04693104108098262,True,False
-0.2758427265892118,-0.5325651362366555,0.1750418410667749,0.29302951393950066,-0.6286943670553176,0.0849357480736247,0.3343163564760654,True,False
1.3266236160942364,-0.39289890391882876,0.1373376211277819,-0.22131398550643389,-0.006356337710230122,-0.29961656217774013,-0.24919299762244815,True,False
0.10104061657771547,-0.49982042148271527,-0.8052678773470429,-0.5801697304653642,-0.7719372479014375,-0.3390240915387366,-0.1621693451879229,True,False
-0.6972070689787473,-0.5141880004053625,1.6832106386264944,1.1419290654571561,1.9236265615465538,-0.36441871382833424,-0.2238327125767241,True,False
-0.21218888287409993,-0.5141880004053625,1.0799431196026066,0.40400568145554155,0.4942866486712792,-0.23608776254784597,-0.17586428681913982,True,False
1.3476041859246046,-0.39289890391882876,1.8717317383214593,2.9219004944397127,0.5579439486679767,-0.11767205946645672,0.3604516549570056,True,False
0.08553800231663403,-0.39289890391882876,1.0422388996636136,0.9086595837377289,2.0251507441779424,-0.43209345108012803,-0.25960001082863454,True,False
1.700494083698056,-0.5232095034498154,-1.0314931969810008,-0.9065123349412527,-1.1662180224205903,0.7529084578517637,-0.17000812392019715,False,True
-1.6574379007190188,-0.5141880004053625,-0.39052145801811994,-0.27502311978517263,1.6158162556285858,-0.552283398209317,-0.3888212717054831,True,False
1.5517128104362283,-0.5141880004053625,0.6274924803346907,1.0190680014199567,0.675563882394701,-0.34646505382083587,-0.07967910096834656,True,False
-0.2513014856388072,-0.39289890391882876,1.8340275183824664,1.2769021259490394,0.5579067330585078,-0.1239965756640562,0.002936787433596334,True,False
1.5613540122381728,-0.39289890391882876,0.02422496131080293,-0.03422149027048905,-0.9669284337141799,0.8988671875799503,0.9378212436909341,True,False
-1.1737344239510004,-0.5232095034498154,-1.1069016368589868,-0.9247560296011202,-1.107454575069064,-0.2237585768687471,-0.4059304049581543,False,True
0.7525886519886795,-0.5141880004053625,1.2307599993585785,2.339654114869707,1.6352986271855987,-0.3834646805455325,-0.03600749468593103,True,False
1.4113128091954092,-0.39289890391882876,0.5520840404567048,1.3165689143381292,-0.05494131587198891,-0.17867829442975122,0.27139255893252173,True,False
1.5839231891836343,-0.5141880004053625,-0.315113018140134,0.3112732085993682,1.0891223426187873,-0.5216686361192199,-0.269918019216143,True,False
-0.6203513523416544,-0.39289890391882876,0.5143798205177118,-0.00428214903406737,-0.4318051851596569,0.030815269772029696,-0.016875266781960937,False,True
-1.5955370027860787,-0.5141880004053625,-0.7298594374690568,-0.600381624549118,1.6100664439656274,-0.5878769063519138,-0.43300854020439633,True,False
-1.0084645044256195,-0.39289890391882876,0.06192918124979592,-0.09750667174621225,-0.19697468941036694,-0.257257994247444,-0.1590680925970489,False,True
0.7666122182460536,-0.39289890391882876,0.6274924803346907,1.0342079969883113,-0.5240626810332686,0.16972530205861702,0.6244517240942111,False,True
0.06077764314345799,-0.39289890391882876,1.0422388996636136,2.1692913147367943,-0.3982739210281021,0.19571737387451463,0.9899291261476056,True,False
-0.9586151087451102,-0.39289890391882876,1.9471401781994453,1.9823502194565328,1.5233912895123636,-0.29490334924804057,-0.0681300773472433,True,False
-1.2917843664691293,-0.39289890391882876,0.9668304597856276,0.6468890603608739,-0.23807933006885984,0.03502759067462925,0.14812880687633256,False,True
-0.06850210829170893,-0.5232095034498154,-1.1446058567979798,-0.9368301760668832,-1.0036974558695364,-0.4837094692462233,-0.4644912190429993,False,True
1.1531915427706183,-0.49982042148271527,-0.9937889770420077,-0.8131364122734243,0.4123937000347797,-0.5952152762911131,-0.44875002066487546,True,False
-0.28126590260280565,2.1588499386918003,1.7963232984434734,1.065850587726173,2.0730472335645254,-0.36685679068313404,-0.24439365626716014,True,False
0.24779504627890706,2.1588499386918003,-0.8052678773470429,-0.5202153480146792,1.4429869652546232,-0.5928254781859134,-0.4184298267188023,True,False
1.381677069565568,-0.5335675254638169,-0.126591918445169,-0.033540190469913085,-1.0444299404333395,1.3377330911313103,1.585644019206403,True,False
0.7998086289959312,-0.5141880004053625,1.8717317383214593,0.13534646009508505,2.019791696414409,-0.3553543785909351,-0.3513402291184466,True,False
-0.1837582934695018,-0.39289890391882876,-0.9183805371640218,-0.8567774494992071,0.04392195068236746,-0.5632245698374161,-0.4529429633127518,False,True
-0.24105770872424104,-0.39289890391882876,-0.315113018140134,-0.6785040016818289,-0.2584362684483941,-0.3498868101987356,-0.3725363047384169,False,True
1.674090337854094,-0.5141880004053625,1.6455064186875015,2.688971662620574,-1.0452672916463916,4.466962490360924,7.794358530961971,True,False
-0.9515485460607304,-0.5141880004053625,0.5897882603956978,1.0354191966337798,0.6602868747076832,-0.35003164644753554,-0.07305968590127426,True,False
-0.44127698478167116,-0.39289890391882876,1.0045346797246206,0.12883626200069248,-0.7560275748534467,0.826159390682357,0.42254749377439155,False,True
0.08115563786120464,-0.39289890391882876,-0.7675636574080498,-0.5261199462863375,1.8925887432494213,-0.5965489767488131,-0.4280794801438338,True,False
0.02062422882058623,-0.39289890391882876,1.6078021987485085,1.6493460169305683,0.8629630838757709,-0.23272031976324625,0.0010762113969818268,True,False
0.7940567756481801,2.1588499386918003,-0.7298594374690568,-0.3587472952781749,-0.7642894401555613,-0.29431193456544064,0.021893513098923022,True,False
0.7208165096868165,-0.39289890391882876,-0.202000358323155,-0.538383342696705,0.18506214959349,-0.4188711085334293,-0.368039731777681,False,True
-0.6302664519220634,-0.5141880004053625,-0.8052678773470429,-0.68281890041881,-0.8369901332532218,-0.28654509072354134,-0.21214072021527414,True,False
-1.610217923711767,-0.3922306444340545,-0.7298594374690568,-0.5934929265655166,0.24877527300439076,-0.5360919125622186,-0.38742558306143526,True,False
0.8612165109276355,-0.39289890391882876,0.02422496131080293,-0.23497783150687412,1.2293879747073886,-0.487306236091423,-0.3680830705973049,True,False
1.019638985991408,-0.5232095034498154,-1.0691974169199938,-0.922825680166155,-1.1432001679640234,0.1443125752379193,-0.35832562253449257,False,True
0.2972062055138734,-0.39289890391882876,1.6832106386264944,3.078637298561106,-0.9398354700207595,2.5458243120594,5.164208131925686,True,False
-0.5886887691511771,-0.39289890391882876,-0.239704578262148,-0.26472792279869134,-1.1070079877554364,2.1778014387023337,1.9596462321154728,False,True
0.04828790444548423,2.1588499386918003,0.6274924803346907,1.2650929294057227,-0.9151801287475575,1.2325397305966197,2.365063815878953,True,False
0.016789659922085517,-0.5141880004053625,0.28815450088375383,-0.2268400838888834,-0.7602143309187076,0.37003986899269875,0.12926195578361221,True,False
-0.9517128847278089,-0.5141880004053625,-0.6921552175300638,-0.49512080536013103,0.7989522355891179,-0.5598752315839164,-0.39391661931442,True,False
-0.6708581026904781,-0.5232095034498154,-0.9560847571030148,-0.8993208370462842,-1.171390992136779,1.4423833157330008,-0.06838612193390942,False,True
-0.3458509987646962,2.1588499386918003,-0.126591918445169,-0.5002305538644508,0.3083760715689688,-0.42231700428612895,-0.3674603424557772,True,False
0.7992608334390026,-0.39289890391882876,0.7029009202126767,-0.31552260793052184,0.4894858350497802,-0.30084163544884,-0.33767027528252536,False,True
1.0924410155072284,-0.49982042148271527,-0.35281723807912696,-0.7491320810082042,-0.3964875717735909,-0.31405190830813884,-0.3876506064246533,True,False
1.1133668057819037,-0.39289890391882876,1.7209148585654874,1.9042656923127428,0.26773662602883813,-0.045012541318463425,0.2605400358244448,True,False
0.025280491054479954,-0.49982042148271527,-0.202000358323155,0.008473297232271575,-0.7457002432258036,0.027224537770530032,0.30376923511087683,True,False
-1.661436808284598,-0.5141880004053625,2.0602528380164244,3.111566788922278,2.0028958097154903,-0.3363928996855368,0.005678917843851535,True,False
1.73095151666329,-0.39289890391882876,-0.9183805371640218,-0.794779167646794,0.22151483906835995,-0.5731579225676152,-0.43966421068972933,False,True
-1.6735978696484146,-0.5325651362366555,-0.202000358323155,-0.1102242680236303,0.20054384313258733,-0.42132728991932905,-0.2527063882054714,True,False
-0.09934299814679323,-0.5141880004053625,-0.9937889770420077,-0.6250219673366154,-0.786023356085448,-0.46006495162962546,-0.19204794704259406,True,False
-1.0446737907386048,-0.5232095034498154,-1.1446058567979798,-0.9333101270972407,-1.1589051551599348,-0.03728794138246413,-0.3966175265227151,False,True
-0.702685024548034,-0.5232095034498154,-1.1069016368589868,-0.9153692323487402,-1.0567669149723078,-0.3587097516881348,-0.4068314935348907,False,True
-1.7364300200281335,-0.5232095034498154,-0.9560847571030148,-0.8826668419210938,-1.099695120494781,0.13916485356181973,-0.2696896265359048,False,True
-0.476828916426342,-0.5232095034498154,-1.1069016368589868,-0.9320232274739305,-1.1598913688108627,0.17946553979041605,-0.38602000586371443,False,True
-0.9107377770695442,-0.5232095034498154,-1.0691974169199938,-0.9101459338776579,-1.089032848381917,-0.19588966866214963,-0.3719473167808162,False,True
-1.6383198357822082,-0.39289890391882876,0.02422496131080293,0.3956029839151046,-0.3038207041958203,-0.22427153858324703,0.08718034587423273,True,False
-0.8010691065724238,-0.39289890391882876,-0.7298594374690568,-0.5998517247042255,-0.7132854473783186,-0.3298571639584374,-0.21450794750426277,False,True
-1.1496314194461386,2.1588499386918003,1.0045346797246206,1.7435167893657355,0.1687617126460749,-0.15643386055155323,0.2687651811914749,True,False
1.0316357086881458,-0.39289890391882876,0.09963340118878891,-0.45208536795708243,0.07127542364207086,-0.32912091302703744,-0.3322728174711984,True,False
0.17992317677544445,-0.39289890391882876,-0.5413383377740919,-0.6519333094593662,-0.13489905281610126,-0.4459011734657268,-0.37535915771597733,True,False
0.9314439013258914,-0.5141880004053625,0.47667560057871877,0.6199020182602815,-0.027252902427064612,-0.20843610871444845,0.027817963434680484,True,False
-0.869105314742965,-0.39289890391882876,1.3061684392365644,0.9155104317324095,1.8889788291309295,-0.3974836224606312,-0.2490772419937546,True,False
0.6740895486808006,-0.5335675254638169,-0.27740879820114095,-0.4857718580966719,1.001554013538268,-0.5117835621386209,-0.4001664124687643,True,False
1.3008224453628958,-0.39289890391882876,-0.7675636574080498,-0.7760812731198758,-0.05907224852304611,-0.5171847472501203,-0.4236219129043215,False,True
0.35236921809659083,-0.39289890391882876,0.1750418410667749,-0.2880435159739578,1.121220805785786,-0.46083741162322545,-0.3716492262519875,True,False
1.3852377406856045,-0.5232095034498154,-1.1823100767369727,-0.9296008281829938,-1.1356453992418198,-0.3585830199704348,-0.4030995909896812,False,True
1.543112420192448,-0.39289890391882876,-0.9560847571030148,-0.547770139949085,-0.7683273337829462,-0.44217767490282717,-0.13677795272692012,True,False
0.5007122549128755,-0.5335675254638169,-0.39052145801811994,-0.6206313686217926,0.7508882759599248,-0.5121215133858208,-0.4164102110832172,True,False
-0.5678177584321946,-0.39289890391882876,0.7406051401516697,0.9122553326852133,-0.1025028647733507,-0.10829994720035765,0.16346626704799444,False,True
-0.5729122571116313,-0.39289890391882876,-0.4659298978961059,-0.6488674603567743,2.0726192540556316,-0.5717940478914153,-0.4453108412481255,True,False
1.7172566277400734,-0.5141880004053625,-0.5790425577130849,-0.230662932769893,2.02634164368095,-0.5811661601575144,-0.3951055886058521,True,False
-0.6101623549827812,-0.5232095034498154,-1.0314931969810008,-0.9210467306868733,-1.1550347317751604,0.49022981612188765,-0.3225431075066447,False,True
0.09150897388715656,-0.39289890391882876,0.47667560057871877,0.3569959952157998,0.14857224450915094,-0.26456015512444336,-0.1119948787004682,False,True
0.8013424565553314,2.1588499386918003,0.25045028094476085,0.4036271815663327,0.3286957943390344,-0.35245765361493536,-0.14331568144530693,True,False
0.7780611453858629,2.1588499386918003,0.06192918124979592,0.16876800031222836,1.1970848256883102,-0.48055928083482363,-0.30209035807065937,True,False
0.8043553321184391,-0.5335675254638169,-0.08888769850617603,0.056694183117481714,-0.040352796960147076,-0.3470443988160358,-0.15129431817640004,True,False
0.5324843972147386,-0.39289890391882876,1.1553515594805925,0.013923695636879315,1.571436641336822,-0.3855648061531323,-0.3474145830089593,True,False
0.11791271973111861,-0.5232095034498154,-0.9560847571030148,-0.8811528423642583,-1.1457680450173833,0.6639971056196718,-0.12014275700904403,False,True
-0.6756239240357576,-0.39289890391882876,0.09963340118878891,0.037087888856462206,0.11042624480344218,-0.33840853748133665,-0.19441188337077236,True,False
-0.6658183835667343,-0.5141880004053625,0.32585872082274686,0.9654724171079805,-0.4428396133672107,-0.0323091953299646,0.4738720805444742,True,False
0.25371123829373676,-0.39289890391882876,0.6651967002736837,0.975351264216332,-0.24537358952478075,-0.05256213078716272,0.28342398255907514,False,True
1.5886890105289138,-0.5141880004053625,-0.35281723807912696,-0.6028797238178966,1.3193567105986581,-0.5371721495845185,-0.4279903421195992,True,False
0.6352508436945578,-0.5232095034498154,-1.0691974169199938,-0.914120182714351,-1.0493796164927145,-0.3034366182398398,-0.40719371078579536,False,True
-0.28367620305329183,-0.39289890391882876,0.8160135800296556,1.7276197940189628,-0.7025115284370476,0.5628591600513811,1.5311735403127402,True,False
1.155437504554026,-0.5141880004053625,1.2307599993585785,2.2147491514307798,1.4036686738506414,-0.3604538215174346,-0.015101611288844595,True,False
1.2628602132677387,2.1588499386918003,-0.9560847571030148,-0.5311161448238946,2.0167214086332175,-0.6157337448711113,-0.4306717072891776,True,False
-0.6620933737796194,2.1588499386918003,1.0045346797246206,1.4119508864187647,1.918360552806692,-0.4284665100164284,-0.19020058969856782,True,False
-0.3371958289652232,-0.5335675254638169,0.02422496131080293,-0.538686142608072,-0.17555710616096656,-0.2760323929981423,-0.3292706776500628,True,False
0.3485346491980901,-0.39289890391882876,1.2684642192975715,2.036929903480452,0.7509068837646593,-0.26072199453124373,0.10446997265610954,True,False
-0.18463476636058768,-0.5141880004053625,0.7783093600906626,0.4077149803697885,-0.9489532943406607,1.6402779103433829,1.482971871625533,True,False
-0.9557117922933883,-0.39289890391882876,-0.39052145801811994,-0.7190034898271781,-0.039943425255988214,-0.4236326002127288,-0.4058202753053222,False,True
-1.4444549881851507,-0.39289890391882876,1.3438726591755574,1.4103611868840873,-0.6598066165713883,0.7534033150351637,1.1559792316994684,True,False
0.24801416450167854,-0.5141880004053625,1.1930557794195855,2.442416834789915,0.8038460882342895,-0.28188619138714177,0.16653412422226438,True,False
-1.0052872901954333,-0.5232095034498154,-1.1446058567979798,-0.9346727266983926,-1.0997509439089843,-0.34984456629283556,-0.44421072789857274,False,True
1.6427016524420808,2.1588499386918003,-0.013479258628190058,0.49480780487674964,-0.6821545900575132,0.052619160060127707,0.5621263485959245,True,False
-0.9184069148665456,-0.5141880004053625,1.1553515594805925,-0.19924744196555672,-1.117428358406752,6.762049758532915,2.4814833489022394,True,False
-0.15477990850797496,-0.5141880004053625,0.1750418410667749,-0.07661347786188258,-0.5142377601334568,-0.03413775297106436,-0.0021478410458440084,True,False
1.7209816375271882,-0.5232095034498154,-1.1823100767369727,-0.9383820256126396,-1.1281092383243503,-0.3834465760144325,-0.4489866485827605,False,True
0.5486443661441345,-0.3922306444340545,-0.16429613838416202,0.023878242723072617,0.34642903225100535,-0.4348996534006278,-0.24085849832906267,True,False
1.2754047315214054,2.1588499386918003,0.5897882603956978,0.5921579763812712,-0.14950617953267756,-0.12685105673415592,0.07609076388911709,True,False
-1.647029785137374,-0.39289890391882876,-0.126591918445169,-0.38100308876365646,0.9207031019668998,-0.4857552812605232,-0.37823993943942086,True,False
1.6968786330223267,-0.5141880004053625,1.4192810990535434,2.650326823932348,-0.44120212655057545,0.38754695056639704,1.3111988949231677,True,False
0.6779241175793014,-0.34478422101507983,-0.8429720972860358,-0.5747950320385983,-0.2897159882070755,-0.509961039341221,-0.32569836319729234,True,False
1.0428655176051835,-0.5325651362366555,-0.9937889770420077,-0.8632119476157578,-0.3744745387726868,-0.5499539485411172,-0.4423887501308911,True,False
-0.6865250556186382,-0.39289890391882876,0.8914220199076417,1.5659246413489332,-0.8334360425489339,1.0363167876911377,2.0587607570329047,True,False
-0.5526438215052705,-0.5141880004053625,0.36356294076173984,-0.13157166177501062,1.6650338991513172,-0.475846067905124,-0.37118985513658864,True,False
0.6753494784617367,-0.39289890391882876,0.28815450088375383,0.018352144340623103,0.7357415229060486,-0.4074531842530303,-0.28970085440107696,True,False
0.24209797248684886,2.1588499386918003,0.5520840404567048,0.6098339212073255,1.4402330101539185,-0.44049395351052734,-0.25438842178250354,True,False
0.006107646561976387,-0.5141880004053625,-0.9560847571030148,-0.8517812509616499,-0.6500375190857799,-0.4843733020532233,-0.41619773254918335,True,False
0.9119423794992306,-0.5141880004053625,0.5520840404567048,0.8696362451602944,1.0110067783433896,-0.4013338527412309,-0.16589370203013148,True,False
0.05781954713604315,-0.39289890391882876,0.1750418410667749,1.003549505962393,-0.439750717781285,-0.09271798076695906,0.4890092544083424,True,False
-1.7178597506482516,-0.39289890391882876,1.5323937588705225,2.5921892409498657,0.27078830600529497,-0.08405194521375989,0.43743326957483303,True,False
-0.14941151205007397,-0.39289890391882876,0.8914220199076417,1.2919285715506317,-0.13569918841968456,-0.05019043721306289,0.3188479238997725,False,True
-0.20873777086544928,-0.5141880004053625,1.8340275183824664,-0.17873274797043592,0.8232168129628955,-0.19164113869735,-0.33513027255099337,True,False
-0.729965243283082,-0.39289890391882876,1.2307599993585785,0.815813560914793,1.204099968073214,-0.33709294155473674,-0.19954843851042744,True,False
0.7172010590110872,-0.34478422101507983,0.25045028094476085,0.009987296789107059,0.5352052112824275,-0.3868140187990322,-0.2697247849672287,True,False
-1.4396343872841784,2.1588499386918003,-0.202000358323155,0.22679203332794826,0.63604090513864,-0.47362524542352424,-0.23605581899923847,True,False
-0.4815399582159286,-0.5325651362366555,-0.08888769850617603,-0.1240016639908332,-0.40097205271460346,-0.21561153787374782,-0.09112467088569019,True,False
1.3343475334469306,2.1588499386918003,1.9848443981384383,2.3032424255278134,-0.22166724629303788,0.3292081165185024,0.7804301026614942,True,False
0.38047113016703177,-0.39289890391882876,-0.27740879820114095,-0.5231676471505083,-0.5287146322168916,-0.2177720119183476,-0.24290079025175526,True,False
-1.5935649387811355,-0.5141880004053625,0.47667560057871877,0.5084716508771899,0.2341681462878145,-0.28695546009514133,-0.0934623343767325,True,False
-0.17088509788167797,-0.39289890391882876,1.0799431196026066,1.591435533881611,1.2659337032059312,-0.3628436196226344,-0.08608559087098926,True,False
1.1617371534587058,-0.39289890391882876,-0.9183805371640218,-0.711660591976526,1.2409434214475084,-0.6023786357630124,-0.44339382523361354,True,False
1.219365246047602,-0.39289890391882876,-0.5413383377740919,-0.33982230081773135,0.5666710090884532,-0.5237446223520197,-0.34909534721539315,True,False
1.1704471028138717,-0.5141880004053625,1.3438726591755574,1.253662232751615,-0.10628024913445255,0.055654686441227424,0.2843370909783903,True,False
1.3896201051410337,-0.5141880004053625,-0.8052678773470429,-0.6832731002858606,1.661926395760657,-0.5966877781539129,-0.44495767413944926,True,False
1.5273359081529023,2.1588499386918003,-0.6921552175300638,-0.48887555718818465,0.8497887581237504,-0.5619391481293162,-0.3948724788817858,True,False
0.31122977177124744,-0.5141880004053625,2.0979570579554174,1.2611186805690295,1.5890396246156513,-0.2870459827506413,-0.1768775893238881,True,False
-1.727172275116039,2.1588499386918003,-1.0691974169199938,-0.7869442199401704,0.858739112201041,-0.6164518912714112,-0.4506232590649888,True,False
-1.4545344264326383,-0.5232095034498154,-1.1446058567979798,-0.9213873805871613,-1.1580864117516172,-0.046032429903763314,-0.3163626517623261,False,True
1.3736792544344094,-0.39289890391882876,-0.9183805371640218,-0.8411075540859598,1.9504590159736914,-0.6116059117803117,-0.4673679889285026,True,False
-0.5030683236032255,-0.39289890391882876,-0.39052145801811994,0.028798741282787938,-0.30529072076984526,-0.35945807230693466,-0.06731441271039838,True,False
0.9038350052566863,-0.34478422101507983,-0.9560847571030148,-0.6894804984688861,-0.5871989624974002,-0.5003173591086217,-0.32292400487795864,True,False
-1.151932160785239,-0.5232095034498154,-1.1823100767369727,-0.9385334255683232,-1.086539402547495,-0.4679826665640248,-0.45954087743586314,False,True
0.45124631612221633,-0.20912754560589883,-0.5036341178350989,-0.657686507775341,-0.9420497987841642,0.18088372805991593,-0.07329298368024406,True,False
-0.9611349683069821,-0.5325651362366555,-0.35281723807912696,-0.16593945171517607,-0.35527128428669097,-0.3298631988021374,-0.13061750915857678,True,False
-1.581349097861626,-0.5335675254638169,-0.202000358323155,-0.721728689029482,-0.34914931652904313,-0.28017229577634195,-0.3805079520955985,True,False
-1.3155586936398338,-0.39289890391882876,0.21274606100576787,-0.3386489511611838,1.9431089331035671,-0.5048374570399214,-0.40603996261065495,True,False
0.7284308679281251,-0.5232095034498154,-1.0314931969810008,-0.9028787360048475,-1.0110661465443953,-0.312283699104039,-0.3996268829507706,False,True
0.2769377699075125,-0.39289890391882876,-0.9937889770420077,-0.6732428532218256,-1.102188566329203,0.056602156902127276,0.4535456021405335,True,False
0.24631599827519965,-0.5141880004053625,1.8717317383214593,3.1952152644374383,1.8550940167094192,-0.33989310903153647,0.03956366114230691,True,False
0.4658724574922119,2.1588499386918003,-1.0314931969810008,-0.7650290763549767,0.8914144173148091,-0.6115395284996116,-0.4470712075280649,True,False
0.49616555179036753,-0.5232095034498154,-1.0314931969810008,-0.9151421324152149,-1.1079755936016298,-0.010801012383166527,-0.3707898780281957,False,True
1.3203787467452495,-0.39289890391882876,1.2684642192975715,0.2820530171524434,0.5774821436391934,-0.2236680542132471,-0.21620130355360667,True,False
1.4997270120836972,-0.5141880004053625,-0.4659298978961059,-0.15606060460682455,-0.7160021868695544,-0.17044676762295197,0.12990541697824518,True,False
-1.7268435977818817,-0.5141880004053625,0.36356294076173984,1.1200139218719625,-0.7225521341360955,0.3380914064449015,1.1373362129555777,True,False
1.2575465963655306,-0.39289890391882876,1.2307599993585785,1.0631253885238692,-0.9932956930229553,2.707540018688285,3.0181717177434226,True,False
-0.7731863127247544,-0.5141880004053625,-0.16429613838416202,0.03814768854624705,-0.6443063152275564,-0.07238055749796093,0.18440787304111508,True,False
-0.1302386675575704,-0.34478422101507983,-0.8052678773470429,-0.6955364966962281,0.9263226589967162,-0.5805928500060146,-0.4351045923226123,True,False
1.0003565823875185,-0.5141880004053625,-0.202000358323155,-0.4758551609993995,0.546686226803609,-0.46500145377622504,-0.3773644420007955,True,False
-1.2996726224889024,2.1588499386918003,-0.5413383377740919,-0.7921675184112528,0.839796366981328,-0.5396705748763182,-0.45133114473529473,True,False
0.5449193563570195,-0.39289890391882876,0.9668304597856276,-0.21733973666974074,-0.6246192578184637,0.4797171183964887,-0.004606682415295963,False,True
-0.0257740548512724,-0.20912754560589883,0.25045028094476085,-0.43967057159103146,0.370693609624783,-0.3601701838635346,-0.35716893600148575,True,False
-1.4222144885738466,-0.5141880004053625,1.2307599993585785,2.4470723834271846,1.6944342306318148,-0.38875120362673204,-0.030810197812462112,True,False
-0.6395789763898508,-0.5141880004053625,0.8537177999686487,0.9707714155569047,2.1132586995957627,-0.454561174175226,-0.25824695579832263,True,False
-0.741907186424127,-0.39289890391882876,-0.5036341178350989,-0.1474686571217832,-0.4417975763020791,-0.3528740578302353,-0.08227758877485095,True,False
-1.0885522148485915,-0.5141880004053625,1.9471401781994453,1.8182705174844873,-0.4765383477413758,0.649947989486073,0.9625941392457368,True,False
-0.8513019591427832,-0.39289890391882876,-0.16429613838416202,-0.26041302406171024,-0.7141414063961051,0.007345762622731759,0.04729055504265029,False,True
-0.05771053582021406,-0.39289890391882876,0.7029009202126767,0.973648014714892,1.1805797028888159,-0.399728584317031,-0.17140826319695995,True,False
0.8402907206529602,2.1588499386918003,-0.5036341178350989,-0.7084054929293297,0.9093337332741251,-0.5377877036419184,-0.43707912179509556,True,False
-1.3863338795950184,-0.5232095034498154,-1.1069016368589868,-0.9311148277398292,-1.1203869993595361,-0.16605340140935237,-0.42177856739823544,False,True
0.5265682051999089,-0.5141880004053625,-1.0691974169199938,-0.7574212285818784,-0.8727357261481811,-0.47923161522082375,-0.2682187629442034,True,False
1.5892368060858424,-0.5141880004053625,-0.08888769850617603,-0.5452341906913855,0.8090934891694163,-0.47150701528482447,-0.4038880660217358,True,False
1.0647773398823306,-0.20912754560589883,0.02422496131080293,-0.4975053546621469,0.23115368192082686,-0.37942737011023286,-0.360718801400157,True,False
-0.6689955977969206,-0.34478422101507983,-0.35281723807912696,-0.5020473533326534,0.18433644520884465,-0.4508618149871263,-0.35797520572877917,True,False
0.12421236863579836,-0.5232095034498154,-1.0314931969810008,-0.9264971290914811,-1.025877959113051,-0.28628559244444135,-0.44155557288116254,False,True
-0.8391956773346595,-0.5141880004053625,1.0799431196026066,1.6242893242649412,2.0616778648717506,-0.43101924890152815,-0.1779132546909048,True,False
-1.0866349303993412,-0.5141880004053625,1.7963232984434734,1.6851521064497275,-0.27531354734257846,0.32498976077220276,0.5989050844747906,True,False
0.8721724220662089,-0.39289890391882876,0.8160135800296556,0.6929903468665144,-0.7354473428170986,0.6458322260826735,0.8374677033708903,False,True
-0.9610801887512893,-0.39289890391882876,0.7406051401516697,1.14295101515802,1.6752309761458188,-0.43757308915972754,-0.20167164889094968,True,False
0.2180497475376801,-0.5141880004053625,-0.5413383377740919,-0.5354310435608758,1.438818816994097,-0.5631219774945161,-0.4205422004355133,True,False
0.23946855381359122,-0.39289890391882876,1.0045346797246206,0.12883626200069248,0.2572604319633192,-0.18572699187135056,-0.19889709468109162,True,False
0.6223776481067339,-0.5232095034498154,-0.9560847571030148,-0.9244532296897532,-1.0125361631184202,-0.19863552254564937,-0.44019678217629543,False,True
0.5907150649162566,-0.39289890391882876,-0.126591918445169,0.07206127861936187,0.5663918920174359,-0.45436805917682604,-0.2599816290770784,True,False
-0.8167360595005838,-0.5141880004053625,-0.5413383377740919,-0.7590866280943975,1.7187546314197961,-0.5707982986809155,-0.45559408298535886,True,False
0.794933248539266,2.1588499386918003,-0.05118347856718305,0.2295172325302521,-0.3133665080246148,-0.2447537981010452,0.022191094312388332,True,False
0.8946868194559774,-0.39289890391882876,1.0045346797246206,0.9055180346572953,0.3042451389179116,-0.19989077003524927,-0.010589657004130728,False,True
-1.0063281017535977,-0.39289890391882876,0.8537177999686487,0.47266556135803073,-0.7795106244283759,0.8022433050992592,0.775788414000264,False,True
0.012516854578041865,-0.39289890391882876,1.2307599993585785,1.4253497824967587,0.7199993201006682,-0.26040818265884375,-0.007974636037364808,True,False
-1.4931540131961096,-0.39289890391882876,0.4389713806397258,0.08341627529562799,-0.7324142706453765,0.40476435964249546,0.3420537422728971,False,True
-1.0658734787917445,-0.34478422101507983,-1.0314931969810008,-0.7466339817394256,0.6254344564399794,-0.6069168382254121,-0.43845151513797875,True,False
-1.3736250226742732,-0.39289890391882876,0.36356294076173984,1.1314067685371494,2.026918485627719,-0.49456615306252233,-0.23324872345546283,True,False
-1.194057639113054,-0.5141880004053625,0.1373376211277819,1.0124821033477223,0.8370982352948266,-0.44101295006872726,-0.11244062367098802,True,False
1.5025755489797261,-0.5232095034498154,-0.9560847571030148,-0.9077992345645628,-1.0285202673853489,-0.16043496192465284,-0.4022750877723742,False,True
0.6195838907663976,-0.5141880004053625,0.7029009202126767,1.2787189254172422,0.8678383287162077,-0.36310915274543437,-0.06861623061514152,True,False
0.34157764562509596,-0.39289890391882876,0.6651967002736837,0.31517175745821957,-0.9125378204752597,1.2532452793313178,1.1281355171056666,False,True
0.07189789294911006,-0.39289890391882876,1.6078021987485085,2.961075232972831,0.2971183497046012,-0.07894043259986026,0.5154576407966613,True,False
0.69337195228469,-0.39289890391882876,1.8717317383214593,0.9395830246860937,-0.6260148431735507,0.9403507031737466,0.7538531337329425,True,False
-0.08022493320998253,-0.3922306444340545,0.1373376211277819,-0.39917108344568225,0.23766641357789894,-0.3574122602926349,-0.33516919991600724,True,False
0.16924116341533532,-0.5232095034498154,-0.9560847571030148,-0.8847864413006635,-1.1152698530575509,0.2620584106686085,-0.24489089693874086,False,True
1.7208172988601096,-0.39289890391882876,1.7209148585654874,1.4467728762259808,1.5758280832541625,-0.3256025991499378,-0.14981054931694948,True,False
0.003971243889954561,-0.39289890391882876,1.2684642192975715,1.7630473836489131,1.7583892555042637,-0.3904530295501319,-0.1291083450515397,True,False
-0.8242956381861996,2.1588499386918003,1.9471401781994453,1.4418523776662655,2.0447075469538936,-0.3506653050360355,-0.19790243311864766,True,False
1.3449747672513468,-0.39289890391882876,-0.202000358323155,0.022250693199474474,-1.0576600895995634,1.3615164101530084,1.8968050925376156,False,True
0.5692414790846526,-0.5141880004053625,1.5700979788095155,1.2064254465783477,1.084414568020961,-0.2771790133011422,-0.11949078633003006,True,False
1.1338543596110362,-0.39289890391882876,0.21274606100576787,1.0238371000239883,1.6990303584012343,-0.4932203829174225,-0.21969587297504317,True,False
0.16080511183863375,-0.39289890391882876,0.8160135800296556,1.944121730646437,-0.5227415268971196,0.24933696014900966,1.1290545414188193,True,False
1.5433863179709124,-0.39289890391882876,-0.9937889770420077,-0.6348251144671252,-0.41492790626547255,-0.5452226310803178,-0.3304487475927159,True,False
1.1556566227767975,2.1588499386918003,0.09963340118878891,-0.5910705272745798,-0.1109508081228101,-0.2771971178322422,-0.35638459034168596,True,False
1.4430301719415795,-0.39289890391882876,0.7783093600906626,1.4174012848233724,-0.21934127070122636,-0.03417396203326438,0.4345609503220447,True,False
1.661271921821963,-0.34478422101507983,0.1373376211277819,-0.4117751297563377,0.6479871157781838,-0.42044620273912914,-0.36969635443588467,True,False
0.9657906827453192,-0.5232095034498154,-1.0314931969810008,-0.9153692323487402,-1.0300833229830462,-0.2781144140746421,-0.4174263735896221,False,True
-0.021391690395843016,2.1588499386918003,-0.5790425577130849,-0.3519342972724152,-0.7634706967472437,-0.1953525675728497,0.026795062294235325,True,False
-0.9076701219507436,-0.5141880004053625,0.9291262398466347,-0.1155232664725545,-0.2768021717213378,0.0510742400729278,-0.1391455247832317,True,False
-0.9998641141818393,-0.39289890391882876,-1.0314931969810008,-0.7400480836671913,1.0498784824337435,-0.6137784555123115,-0.4451295563212011,True,False
-0.06647526473107283,-0.5335675254638169,-0.013479258628190058,-0.11972461524277296,-0.9395935685592112,0.7046417779391682,0.6770028362870688,True,False
1.3419618916882392,-0.39289890391882876,-0.4659298978961059,-0.28323656738100517,-0.9273496330439154,0.17780595777291622,0.4082809514285219,False,True
1.7129290428403368,-0.5232095034498154,-1.1446058567979798,-0.9313797776622755,-1.0985414366012425,-0.3529163017361353,-0.4336425751469939,False,True
0.499287986464861,-0.5232095034498154,-0.9560847571030148,-0.8959900380212461,-1.024333511320088,-0.17103818230555187,-0.38005633040934605,False,True
-0.12141915909101876,2.1588499386918003,-0.126591918445169,0.5319386440081398,1.0893456362756013,-0.49730597210232214,-0.23304140859565278,True,False
0.1028483419155801,-0.39289890391882876,1.1176473395415996,0.5712269325080207,0.27756154692865004,-0.16937860028805204,-0.08850523062869321,True,False
-0.034757901984902646,-0.5232095034498154,-1.1446058567979798,-0.9236583799224145,-1.1928085753861795,0.9115826032558492,-0.09439595645176549,False,True
1.6490013013467606,-0.5141880004053625,0.9291262398466347,1.7065752001789496,1.2972134229646122,-0.3842250708517324,-0.0733327964704283,True,False
1.4794585764773363,-0.5232095034498154,-1.1069016368589868,-0.9135524328805377,-1.1590168019883418,0.1666354620842172,-0.25915125697965957,False,True
1.2774863546377344,2.1588499386918003,0.5143798205177118,-0.027408492264729377,0.24633765058417237,-0.28223621232174173,-0.23799584823255993,True,False
0.4241852156099399,-0.20912754560589883,-0.08888769850617603,-0.27653711934200814,-0.6574806409795768,-0.018549751693965878,-0.01750986588926892,True,False
-0.8762266569830378,-0.39289890391882876,-0.9183805371640218,-0.7068914933724942,-0.06565941139905632,-0.5555603183384168,-0.4000973884835777,False,True
-1.0067115586434479,-0.5232095034498154,-1.1446058567979798,-0.9378521257677471,-1.1800250135335832,0.33457912741150186,-0.39623658213767526,False,True
-1.4737072709251418,2.1588499386918003,1.4569853189925366,0.37910038874559787,1.1517376055503534,-0.30183738465933996,-0.2644371512195157,True,False
1.5119428530032066,-0.5232095034498154,-1.1823100767369727,-0.9341428268535003,-1.1415440733426536,-0.33557216094233683,-0.4208762799714896,False,True
1.4219400429998255,-0.5232095034498154,-1.1446058567979798,-0.921500930553924,-1.0315347317523365,-0.45937094460412553,-0.4298397680675634,False,True
-0.40977874025827243,-0.5325651362366555,0.25045028094476085,-0.43058657425001856,-0.05270837930384978,-0.25690193846914405,-0.30937244727500024,True,False
-1.0921676655243209,-0.39289890391882876,0.6274924803346907,1.2423829360531904,1.1051622702999195,-0.40148472383373085,-0.11674436983510046,True,False
-0.2357440918220329,2.1588499386918003,1.8717317383214593,1.7940843745640405,1.6272042321260949,-0.3155425147020387,-0.10870046238126879,True,False
-0.7437149117619917,2.1588499386918003,-0.5790425577130849,-0.355340796275295,1.2739350592417626,-0.5623072735950162,-0.38871980041383064,True,False
1.53856571706994,-0.39289890391882876,-0.9937889770420077,-0.6517819095036826,1.91478785429767,-0.618419250317611,-0.4439171271805638,True,False
-1.4758436735971636,-0.5141880004053625,1.3061684392365644,0.2746344193239495,1.034694513770398,-0.30402803292243974,-0.27110937837197313,True,False
1.5971250621056152,-0.5232095034498154,-1.0691974169199938,-0.9209331807201107,-1.1255413612709904,-0.012170921903066427,-0.37430576817431066,False,True
1.3018632569210604,-0.39289890391882876,1.7209148585654874,1.1716791567489733,0.44023097591757976,-0.10740679033275767,0.012790072976578646,True,False
0.3983292653229065,-0.5335675254638169,-0.315113018140134,-0.22430413463118395,0.36821877159509536,-0.46615410892292497,-0.3045582730892027,True,False
0.26833737966373233,-0.39289890391882876,0.8914220199076417,1.6435928186145936,-0.755506556320881,0.7511161092728639,1.692917721397859,True,False
-0.20808041619713488,-0.5232095034498154,-1.0691974169199938,-0.9213116806093196,-1.0716159431504324,-0.2504748299286446,-0.41524115994030864,False,True
-0.3288145569442145,-0.5232095034498154,-1.1069016368589868,-0.9286924284488925,-1.032837278083751,-0.3962223401273314,-0.44473293285858634,False,True
0.5316079243236527,-0.39289890391882876,1.0045346797246206,-0.2640466229981154,-1.0226402010892492,2.8689057043825708,0.8881068456891452,False,True
-0.5481518979384553,-0.5232095034498154,-0.9560847571030148,-0.899018037134917,-1.0075120558401072,-0.20944392761234837,-0.39382081317673395,False,True
1.334621431225395,-0.5232095034498154,-0.9560847571030148,-0.8950816382871448,-1.116404929146355,0.2726133522999075,-0.2825943849696941,False,True
0.8208439783819923,-0.5141880004053625,0.28815450088375383,0.0028336488830594006,-0.8798066919472881,0.7322451530229656,0.6113819553182668,True,False
0.8231994992767856,2.1588499386918003,1.0799431196026066,2.325952418880346,-0.38184322944754573,0.19264563843121488,1.0334009162594862,True,False
0.31183234688386896,2.1588499386918003,1.3061684392365644,2.446920983471501,0.007059889503338798,-0.018410950288865892,0.5897145279184237,True,False
-0.4288968051950831,-0.5141880004053625,-0.27740879820114095,-0.6609416068225373,-0.6102726403681704,-0.16030823020695284,-0.2987303654395032,True,False
-0.19909656906350465,-0.39289890391882876,-0.39052145801811994,-0.28285806749179626,-0.08300188541160301,-0.41526830684452953,-0.2545084243177666,False,True
1.6628057493813633,-0.39289890391882876,-0.8052678773470429,-0.571539932991402,-0.18046956661087243,-0.5132138200955206,-0.34079447057162005,False,True
-0.8631343431724424,2.1588499386918003,0.1750418410667749,-0.26071582397307735,1.2806524767509144,-0.4725148341827244,-0.3743571698479199,True,False
-0.3020273542104024,-0.5232095034498154,-1.0691974169199938,-0.9199869309970885,-1.1023002131576098,-0.14300633331905444,-0.3929704289033399,False,True
0.7012602083044629,-0.5141880004053625,1.2684642192975715,1.8163023180606013,0.1911282939369343,-0.10826373813815764,0.27679757811809136,True,False
0.27852637702260563,-0.5141880004053625,0.36356294076173984,0.6724378028824727,0.584162345538876,-0.37507021295883325,-0.1335709270884773,True,False
1.1541227952173971,-0.39289890391882876,0.47667560057871877,0.9611575183709994,0.18100564816137057,-0.27337102692644255,0.046226673604495304,True,False
1.0890446830542708,-0.5232095034498154,-0.9560847571030148,-0.8820612420983597,-1.0427366302025007,-0.12038773913145658,-0.3380919570610247,False,True
1.4664758217781266,-0.5141880004053625,2.0602528380164244,3.388023108000437,-0.5437869540518302,0.8298949589326567,2.0088830411830916,True,False
-1.08833309662582,-0.5141880004053625,-0.05118347856718305,0.4560115662328404,-0.45953081421405007,-0.16754400780325218,0.23500552574629668,True,False
-0.6752404671459075,2.1588499386918003,1.3815768791145504,1.3570684024834783,0.48360576875368083,-0.18062151410115102,0.04225681108583474,True,False
1.5238847961442517,-0.5232095034498154,-1.1069016368589868,-0.9188514313294619,-1.0633726856530523,-0.3462477994476359,-0.4125052745199722,False,True
1.295399269349302,2.1588499386918003,-0.5036341178350989,-0.1807766473721638,0.9467726363999229,-0.5396222961267183,-0.34378061789034153,True,False
-1.160587330584712,-0.39289890391882876,0.1373376211277819,-0.5434173912231829,-0.4715328482677975,-0.08428126927435987,-0.27165505885243374,False,True
-1.1176401589215041,-0.5325651362366555,-0.9183805371640218,-0.7825157712364266,-0.7510592909893374,-0.42544305332272864,-0.3446983179835492,True,False
-0.859190215162556,-0.39289890391882876,-0.7298594374690568,-0.21620423700211414,-0.8364877225253906,-0.22760880714934673,0.2630372560654422,True,False
-0.9099160837341512,-0.5232095034498154,-1.1446058567979798,-0.9293358782605475,-1.017039251864167,-0.4729010641795243,-0.4488159887578809,False,True
1.2351965376428407,-0.39289890391882876,-0.5413383377740919,-0.24345622902515282,-0.12680465775659724,-0.4473736753285266,-0.2314696457126303,False,True
0.7285952065952036,-0.5232095034498154,-0.9937889770420077,-0.9262700291579558,-1.0383824038946297,-0.1971388813080495,-0.4383239512284729,False,True
0.9157769483977314,-0.39289890391882876,0.9668304597856276,0.7674791250628201,-0.03320739994210208,-0.08266393116275993,0.07850292062878796,False,True
-0.5001650071515035,-0.39289890391882876,2.0225486180774315,1.705477550500244,0.7606945890550021,-0.14890841045765396,0.0369347554551697,True,False
0.7696798733648541,-0.5141880004053625,0.5520840404567048,1.0149802026165007,-0.8266814094303131,0.7464391054053643,1.467257996057756,True,False
-0.03503179976336698,-0.5232095034498154,-0.9937889770420077,-0.9048090854398128,-1.1787410750069032,1.5563453041637907,-0.043038561936651995,False,True
-0.11889929952914687,-0.39289890391882876,0.5143798205177118,0.14159170826703144,1.5556200073125035,-0.4530041845006262,-0.3289029049438854,True,False
-1.301863804716617,-0.39289890391882876,0.25045028094476085,0.12807926222227475,1.4794582625342276,-0.476799573209724,-0.32656167624529847,True,False
-1.0326770680418669,-0.39289890391882876,-0.6921552175300638,-0.35091234757155126,2.0302120670657247,-0.5916245442896134,-0.4094828717829899,True,False
-1.2173937298382156,-0.39289890391882876,1.0799431196026066,0.19045604396389665,1.788608330393079,-0.41169567937412993,-0.3343616999962204,True,False
-1.727500952450196,-0.39289890391882876,0.9668304597856276,2.0158096096625973,0.4562709035987119,-0.24698065542634495,0.20268213179058533,True,False
0.12081603618284058,-0.5141880004053625,0.7406051401516697,1.3194833634850374,1.7075527329696316,-0.43985426007832734,-0.1814793319893776,True,False
-0.9307323148974408,-0.5232095034498154,-0.9560847571030148,-0.9093132341213983,-1.2015914592208594,6.3328878836511535,0.5978665591061173,False,True
1.1804169819499735,-0.5141880004053625,1.0045346797246206,2.213613651763153,-0.16802094524349714,0.0003332742433324486,0.682814837626185,True,False
0.698302112297048,-0.39289890391882876,0.8537177999686487,1.7719799810342425,1.4279332512244192,-0.4055522084875305,-0.08391887712280255,True,False
1.3186258009630778,2.1588499386918003,-0.8052678773470429,-0.5542803380434775,1.1855107711434565,-0.5873880840122139,-0.4172861003028915,True,False
-0.3501785836644328,-0.39289890391882876,0.06192918124979592,-0.07233642911382233,2.071149237481607,-0.5239135979756196,-0.3777010837848312,True,False
0.759874332895831,-0.5141880004053625,-1.1069016368589868,-0.7359602848637355,1.5442320308149944,-0.6272542614944102,-0.4508174257527993,True,False
0.5667763990784735,-0.5141880004053625,-0.6544509975910708,-0.2507234268979631,-1.1049239136251732,0.9965290631770416,1.9624275171237504,True,False
0.68592193271046,-0.5232095034498154,-0.9560847571030148,-0.9099188339441325,-1.0205747347637206,-0.18021114472955105,-0.40967004126126805,False,True
0.4172829915926386,-0.39289890391882876,0.6651967002736837,-0.41450032895864153,0.021294860125225114,-0.18009044785555106,-0.31457794804363204,True,False
0.7062999274282067,-0.39289890391882876,-0.126591918445169,0.1765272480410102,-0.47959002771783255,-0.1851114378139506,0.1080188194240539,False,True
-0.9944957177239383,-0.39289890391882876,0.25045028094476085,0.9062750344357131,-1.048560873084397,2.063990321364044,3.8193321735294674,True,False
1.3685847557549726,-0.39289890391882876,-0.126591918445169,0.30029671181231093,-0.8576075808990391,0.300488295350205,0.8645601307897944,False,True
-0.38304631708015313,-0.5335675254638169,-1.0314931969810008,-0.7704794747595846,-0.5217553132461915,-0.5462726938841176,-0.3828137951298532,True,False
0.3305669549308296,2.1588499386918003,-0.35281723807912696,0.00029769962535996635,-1.0546642330373102,1.042918906698937,1.79940992225993,True,False
1.350671841043405,-0.5141880004053625,-0.5413383377740919,-0.7626823770418818,2.1017218606603776,-0.5791988011113146,-0.4588367371923841,True,False
-1.5137511261366279,-0.3922306444340545,0.06192918124979592,-0.6406540127609418,-0.9635045976430334,0.9225841233209482,-0.012362301702141126,True,False
1.2748569359644768,2.1588499386918003,2.0979570579554174,3.3395751221817016,0.3724427432698251,-0.013746016108766256,0.5600822153023023,True,False
-0.37044701927079365,2.1588499386918003,-0.5036341178350989,-0.6387615133148975,-0.7955691599142425,-0.10738868580165772,-0.19812198721842378,True,False
-0.14108501958475814,-0.39289890391882876,-0.5036341178350989,-0.2640466229981154,-0.5593989022240691,-0.3006847295126401,-0.07941352826657234,False,True
1.1741721126009865,-0.5141880004053625,-0.126591918445169,0.13792025934170538,0.17410215260487408,-0.4009234833696309,-0.1795382214403613,True,False
-1.3751588502336733,-0.39289890391882876,1.1176473395415996,0.8287582571257364,1.7395767649176925,-0.40404953240623065,-0.2487083017800516,True,False
0.8685569713904797,-0.5232095034498154,-1.1823100767369727,-0.9313419276733546,-1.0496029101495283,-0.5073057081132212,-0.44733240011771286,False,True
0.4499316067855875,2.1588499386918003,2.0979570579554174,2.0258020067377114,1.0037869501064065,-0.1929869088424499,0.03590626751696796,True,False
-1.11813317492274,-0.5232095034498154,-1.1069016368589868,-0.9306606278727786,-1.0397407736402475,-0.3864519281770322,-0.4476771909475647,False,True
1.1522602903238397,-0.39289890391882876,-0.5790425577130849,-0.0037900991780958383,-0.8484153253601999,-0.09134807124705915,0.5107779963874185,True,False
0.23771560803141947,-0.39289890391882876,1.5700979788095155,0.8799692921356965,-1.0103218343550155,3.4821665211765147,2.9643652763850787,True,False
-0.5650787806475513,-0.5141880004053625,0.9291262398466347,0.26426352235962647,-0.9656072795780312,1.9735702582069523,1.3922674440726734,True,False
-1.086306253065184,2.1588499386918003,-0.35281723807912696,-0.014236696120260671,0.7951190278138125,-0.509423938251921,-0.30157178883877916,True,False
-1.1620663785884195,-0.5232095034498154,-0.9560847571030148,-0.91748883172831,-1.1757452184446502,1.6768671676964795,-0.20287698679460284,False,True
0.2827991823666493,-0.3922306444340545,-0.39052145801811994,-0.17752154832496753,0.43747702081687506,-0.487185539217423,-0.30100685623757795,True,False
0.021719819934443576,-0.5232095034498154,-0.9937889770420077,-0.8968605877664265,-1.0380474634094088,-0.19798375942604943,-0.3741887275037769,False,True
-0.9952078519479456,-0.5232095034498154,-1.1069016368589868,-0.9239990298227025,-1.160989229290198,0.19652000808661452,-0.3262634054971872,False,True
-1.2499327859197786,-0.49982042148271527,-0.6544509975910708,-0.8054528645224842,0.22423157855959575,-0.5186512142692201,-0.44259847052634105,True,False
-1.0857584575082553,-0.39289890391882876,0.5143798205177118,-0.03452429018185615,-0.7730351083807726,0.552111103421682,0.31478605551959976,False,True
0.17307573231383602,-0.5335675254638169,-0.27740879820114095,-0.7524628800332422,-0.23253420425798121,-0.34619952069803595,-0.4043872577629398,True,False
0.8183788983758132,-0.5141880004053625,-1.0314931969810008,-0.7604870776844703,-0.6621884155774033,-0.5215358695578199,-0.35111436734378393,True,False
1.6831289645434169,-0.5141880004053625,-0.6167467776520779,-0.12559136352551045,1.4789558518063965,-0.5726570305405152,-0.36281320020234686,True,False
1.3418523325768534,-0.5232095034498154,-0.9937889770420077,-0.8897069398603789,-1.1526529327691453,0.6279811584180752,-0.1333598824730822,False,True
0.03804412753091804,-0.5141880004053625,-0.202000358323155,-0.08372927577900935,0.3600871609261224,-0.443843291764027,-0.26926025801322695,True,False
-0.6713511186917139,-0.39289890391882876,0.4389713806397258,0.38489143705049356,0.2230965024707917,-0.29201869395944086,-0.12359910427135457,True,False
0.48137507175329336,-0.3922306444340545,-0.6544509975910708,-0.7473152815400016,0.3174008568651976,-0.5262490824875194,-0.43025725778884005,True,False
-0.3732407766111299,-0.39289890391882876,-0.8429720972860358,-0.57188058289169,1.5886674685209616,-0.5994698410996128,-0.42873266534409915,True,False
0.13138849043156398,-0.39289890391882876,-0.8052678773470429,-0.8081780637247881,-0.340980490250601,-0.4892675602939228,-0.41956326496437024,False,True
0.8947963785673632,-0.5232095034498154,-1.1823100767369727,-0.9373979259006965,-1.2050711187062095,1.7453988527536732,-0.15436802072391878,False,True
0.09227588766685671,-0.5141880004053625,1.7963232984434734,1.7863251268352587,0.2882610346509828,-0.03824144668706407,0.22019435289317743,True,False
-0.4639557208385182,2.1588499386918003,-1.0691974169199938,-0.8531817005517228,0.5560273447803238,-0.6118231661535117,-0.46000268542938577,True,False
0.8549168620229557,-0.5232095034498154,-1.0691974169199938,-0.9074964346531957,-1.1686928604502778,0.5830517470715791,-0.1615350516698331,False,True
1.3422905690223963,-0.5325651362366555,-0.8052678773470429,-0.5610933360492372,-0.47551491848097877,-0.46117536287042543,-0.27974355882524565,True,False
-0.9782809692388497,-0.5232095034498154,-0.9560847571030148,-0.8875116405029674,-0.9994176607806031,-0.22579231919564688,-0.3764571476122453,False,True
1.4966045774092036,-0.5141880004053625,-0.35281723807912696,-0.7073456932395449,-0.786097787304386,-0.014379674697266222,-0.2660296314844014,True,False
0.1137494734984607,-0.39289890391882876,0.8160135800296556,1.0219067505890231,0.9043282338005465,-0.3520412493996354,-0.1223939074088791,True,False
-0.3708852557163366,-0.39289890391882876,2.0979570579554174,1.982009569556245,1.9693087221697316,-0.3296218050541374,-0.12586488377555374,True,False
0.25436859296205117,-0.5232095034498154,-0.9937889770420077,-0.927859728692633,-1.01419225773979,-0.2510421052364446,-0.44642085882259314,False,True
1.2203512780500738,2.1588499386918003,-0.315113018140134,-0.3000041124729581,-0.190889937262188,-0.3692646933194338,-0.23718757258629636,True,False
1.629061543074557,-0.39289890391882876,1.1930557794195855,-0.04243493786632155,0.9223219809788005,-0.30193997700223996,-0.31728061826664694,True,False
-0.17187112988414957,-0.5141880004053625,1.0422388996636136,1.756007285709628,0.12038142033639554,-0.13036937061125567,0.2995061323127721,True,False
1.5116141756690493,-0.5232095034498154,-1.0691974169199938,-0.9194191811632751,-1.1940739061081247,2.1100784227009397,0.009758886508481205,False,True
-0.7064648138908419,2.1588499386918003,-0.8806763172250288,-0.854127950274745,-0.3504332550557231,-0.5135698758738206,-0.439387103953877,True,False
-1.2358544401067117,-0.39289890391882876,-0.27740879820114095,0.10468796906916653,-0.304825525651483,-0.32256707276883806,-0.03539164621962107,False,True
1.155766181888183,2.1588499386918003,1.4569853189925366,0.7551778786635319,0.803753049210617,-0.24292524045994532,-0.15547860246309678,True,False
0.6055603245090236,-0.5141880004053625,1.5323937588705225,0.5839445287854387,1.4636788441193784,-0.3332547809615371,-0.26008818568674485,True,False
-0.22407604645945214,2.1588499386918003,-1.0314931969810008,-0.6775956019477276,1.7571239247823185,-0.6208633620161108,-0.44534621124121576,True,False
-0.9259117139964684,-0.5232095034498154,-1.1823100767369727,-0.9307363278506204,-1.0737372328901644,-0.48395086299422335,-0.4400652377713333,False,True
-0.6108197096510956,-0.5232095034498154,-1.1446058567979798,-0.9295629781940729,-1.0538454896289926,-0.4337952770035279,-0.44220140043333056,False,True
0.2502053467293932,2.1588499386918003,0.32585872082274686,1.21505524405231,-0.21468931951760342,-0.1717925377680518,0.35234320549318615,True,False
-0.2666945407885029,-0.5232095034498154,-1.1446058567979798,-0.9364895261665952,-1.1543090273905152,-0.08359933193625992,-0.42334780721130333,False,True
0.9009316888049643,-0.5232095034498154,-1.1069016368589868,-0.9255130293795379,-1.0450439979895778,-0.37841351636863296,-0.43496019749924775,False,True
0.9104633314955232,-0.5232095034498154,-1.1069016368589868,-0.9126440331464364,-1.1907617168653852,1.2509520387253181,0.051260683972424115,False,True
-0.28060854793449125,-0.39289890391882876,0.36356294076173984,0.5210756971878453,-0.7887773111861529,0.4907910565859876,0.8469450514906373,True,False
-0.8511376204757045,-0.5232095034498154,-1.1823100767369727,-0.9313419276733546,-1.1543648508047186,-0.26981046914344287,-0.3902845347448369,False,True
1.0696527203389956,-0.49982042148271527,-0.9560847571030148,-0.8293740575204848,0.7757110874757372,-0.5983956389210129,-0.4576079864532517,True,False
1.4286779283500481,2.1588499386918003,1.8717317383214593,3.349151169378686,1.3165841476932185,-0.27529010722304237,0.17354991984770127,True,False
-1.176309063068565,-0.39289890391882876,0.4012671607007328,1.369558898827371,0.24564916180899612,-0.30513844416323965,0.13067619134251274,True,False
0.16568049229529894,-0.20912754560589883,-0.08888769850617603,-0.5405407920651955,0.9642639728503456,-0.48375774799582333,-0.4084827644639669,True,False
1.1672698885836852,2.1588499386918003,-0.6544509975910708,-0.1925858439154806,1.4837566654278955,-0.5769478044112147,-0.3725869306855495,True,False
-1.2920582642475937,-0.39289890391882876,-0.8052678773470429,-0.5992461248814913,-0.8508529477804185,-0.2729425530237426,-0.11340082417237501,False,True
1.7362103540098055,-0.39289890391882876,-0.8052678773470429,-0.45980676569694334,0.9376362042752874,-0.5809187315658145,-0.3931461740462335,True,False
0.422487049383461,2.1588499386918003,1.1930557794195855,-0.39917108344568225,-0.4535204932848091,0.31569006663050364,-0.2035641785899085,True,False
-0.6537668813143035,-0.5232095034498154,-1.1069016368589868,-0.9312662276955128,-1.1828161842437572,0.7752192750106617,-0.3087391253739115,False,True
-1.7121078973005004,2.1588499386918003,0.28815450088375383,-0.2842585170818691,-0.4874053057063192,-0.01028805066866659,-0.1297944947092554,True,False
0.9726929067626205,-0.5232095034498154,-1.1446058567979798,-0.934899826631918,-1.0598558105582334,-0.42563616832112866,-0.45402670021446256,False,True
1.0986311053005224,-0.5141880004053625,1.3815768791145504,2.618230033327436,1.941527269701135,-0.3944662006106315,-0.04509228603035007,True,False
1.5398804264065689,-0.5232095034498154,-1.1069016368589868,-0.9338400269421332,-1.1585702146747139,0.16004541276381784,-0.4007595846479667,False,True
1.730622839329133,2.1588499386918003,-0.05118347856718305,0.4281539743870675,0.9664969094184848,-0.4787729670996238,-0.2374602365250547,True,False
0.35193098165104786,-0.39289890391882876,0.4012671607007328,0.5518477381805265,1.281024632845604,-0.44553908284372684,-0.24894291594334556,True,False
1.471679879568949,2.1588499386918003,-0.9937889770420077,-0.6218425682672609,2.0099667755145965,-0.619155501249011,-0.4414071270417529,True,False
-0.01591373482655628,-0.39289890391882876,1.3438726591755574,1.3476816052310983,0.8898513617171118,-0.2753202814415424,-0.06029467576761015,True,False
-1.6367860082228078,-0.5232095034498154,-1.1069016368589868,-0.9255130293795379,-1.028148111290659,-0.4024623685131308,-0.4390509479783418,False,True
1.6308144888567286,-0.39289890391882876,-0.013479258628190058,0.6247089668532341,-0.11165790470272079,-0.30751013773733943,0.06836607963388922,True,False
-1.047138870744784,-0.5232095034498154,-1.0691974169199938,-0.9069286848193824,-1.0646380163749978,-0.268814719932943,-0.3812877609308526,False,True
0.6637362126548487,-0.5232095034498154,-1.1069016368589868,-0.9259672292465886,-1.1447260079522519,0.0005625983039324292,-0.3730095370673241,False,True
0.1764720647667938,-0.20912754560589883,-0.6544509975910708,-0.43724817230009466,0.42618208334303825,-0.5340219611731187,-0.36075748586092066,True,False
-1.7222968946593737,-0.5232095034498154,-1.1069016368589868,-0.9355054264546522,-1.040596732658034,-0.38519064584373236,-0.458252003976974,False,True
-1.3758709844576806,2.1588499386918003,1.0045346797246206,1.2143739442517338,1.04982265901954,-0.34597019663743594,-0.11263169528851269,True,False
-0.28734643328471393,-0.5232095034498154,-1.0691974169199938,-0.930206428005728,-1.093498721518195,-0.17937833629895114,-0.43184270166608846,False,True
-0.826158143079757,2.1588499386918003,1.5323937588705225,1.9899959172185522,0.3992565898922282,-0.1285890917197558,0.22064200191959457,True,False
-1.1913734408841035,-0.39289890391882876,1.1176473395415996,-0.23951983017738057,1.1293152008452905,-0.3416914924541363,-0.36404861905493074,True,False
-0.40451990291175716,2.1588499386918003,0.9291262398466347,1.8756132506996313,0.7145658411181963,-0.30589883446943955,0.08327147582925723,True,False
1.693098843679519,-0.5141880004053625,1.3438726591755574,0.11759481529118902,1.489115713191429,-0.3569415424840349,-0.3286038741405393,True,False
0.1382359348931724,-0.5141880004053625,-0.6167467776520779,-0.5644241350742752,-0.9461993392399558,0.0680683599321263,0.06691945945349073,True,False
1.5560403953359647,-0.5335675254638169,-0.126591918445169,-0.3094666097031799,-0.863655117437749,0.3167884081839036,0.21819905902510495,True,False
-0.8862513156748325,-0.39289890391882876,0.1750418410667749,-0.07517517828288887,1.2468793111578111,-0.4701672799834246,-0.34386898018809947,True,False
-1.2594644286103376,-0.39289890391882876,-0.6921552175300638,-0.6518197594926035,-0.46701115171731594,-0.41818313635162935,-0.32878077111971654,True,False
-1.6554658367140755,-0.5232095034498154,-1.0691974169199938,-0.9336129270086079,-1.100569687317302,-0.15059213184995374,-0.44037285641527013,False,True
-1.2934825326956083,-0.5141880004053625,-0.7675636574080498,-0.5354688935497967,-0.2728945327270945,-0.4884951003003229,-0.3123670022150301,True,False
0.6493839690633175,-0.5232095034498154,-1.1446058567979798,-0.9294494282273102,-1.0393314019360886,-0.4511816617032263,-0.4450896338323232,False,True
-1.2465364534668208,-0.39289890391882876,-0.7298594374690568,-0.2601859241281849,-0.23873060323456718,-0.48241197785072343,-0.2095602308301539,True,False
0.5466175225834984,2.1588499386918003,0.6651967002736837,-0.3237739055152752,0.6083338838889811,-0.32934420224393746,-0.3486976267658415,True,False
-0.425226574963661,2.1588499386918003,-0.013479258628190058,0.19378684298893473,0.5340515273888886,-0.4315985938967281,-0.22909391677488158,True,False
0.02495181372032275,-0.39289890391882876,-0.202000358323155,-0.6316457153977707,0.42156734776888405,-0.45134460248312636,-0.40619214604127063,False,True
1.1974534237704553,-0.5335675254638169,-0.7298594374690568,-0.656021108262822,-0.6887417529335235,-0.3444976947746361,-0.2680615333736785,True,False
-0.8053966914721603,-0.5232095034498154,-0.9560847571030148,-0.8817584421869925,-1.1526715405738799,0.8103179259698585,-0.08364274983957239,False,True
1.3817866286769538,-0.5232095034498154,-1.0314931969810008,-0.9239990298227025,-1.121670937886216,0.08253388028102493,-0.3914392310301154,False,True
0.028512484840359127,-0.49982042148271527,-0.5036341178350989,-0.3738115908686879,-0.3327744483626901,-0.38881155206373197,-0.230351322379927,True,False
1.2836216648753356,-0.39289890391882876,-0.9937889770420077,-0.6385344133813722,-0.625344962203109,-0.510105875590021,-0.2794386748130298,True,False
-1.5381280284199537,-0.5232095034498154,-1.0314931969810008,-0.8960657379990878,-1.022323868408763,-0.29287564176484077,-0.3812563087482508,False,True
-0.32941713205683604,-0.5232095034498154,-1.1446058567979798,-0.9280868286261583,-1.0621259627358415,-0.4223954572542289,-0.43641204403883793,False,True
-0.42062509228546013,-0.5141880004053625,2.0225486180774315,1.2708082777327767,1.3146117203913623,-0.257245924560044,-0.14250457713987066,True,False
0.30268416108316015,-0.39289890391882876,-0.39052145801811994,-0.338573251183342,0.25962362316459964,-0.46832665265492474,-0.3214909324862294,True,False
0.9318273582157415,-0.5232095034498154,-1.1069016368589868,-0.9121898332793857,-1.129411784655765,-0.11548744604705698,-0.32990591144266984,False,True
1.343660057914718,-0.5232095034498154,-0.9937889770420077,-0.9199112310192467,-1.1111203126017593,0.1171135346820218,-0.38524330776998816,False,True
-1.0059994244194406,-0.5232095034498154,-1.0691974169199938,-0.9277461787258703,-1.1033422502227415,-0.13824484163975492,-0.4190410991824616,False,True
1.5585054753421437,-0.39289890391882876,0.5143798205177118,0.7446555817435253,-0.8148282378144419,0.6771409951982706,1.1489723295038405,True,False
1.6113129670300679,-0.5141880004053625,-0.5036341178350989,0.03042629080638608,1.2129014597126286,-0.5510100461886173,-0.32520337918455294,True,False
1.6421538568851521,2.1588499386918003,-0.4659298978961059,-0.06703743066489815,1.4139215742593465,-0.5538162485091169,-0.35133149240105715,True,False
-0.8038080843570672,-0.5141880004053625,-0.013479258628190058,0.47232491145774275,-0.5062364040976253,-0.1202911816322565,0.291038537161471,True,False
-1.712327015523272,-0.5141880004053625,0.7029009202126767,-0.547770139949085,0.46376984890671225,-0.2955913214298405,-0.3887977570069311,True,False
1.570830875373039,-0.39289890391882876,-0.16429613838416202,-0.4283534249036862,0.42461902774534094,-0.44485714550562694,-0.35855232272059967,False,True
-1.7397167933697055,2.1588499386918003,1.6078021987485085,2.9236794439189944,-0.5029056070501512,0.5558587413593817,1.6144984113719258,True,False
-0.07830764876073218,-0.49982042148271527,-0.5036341178350989,-0.7280874871681909,0.9817925249102369,-0.5412758433005181,-0.44194914045159633,True,False
-1.5696262729433526,-0.5141880004053625,1.0799431196026066,1.3168717142494963,0.8463649220526039,-0.3056936497836396,-0.057195624986230716,True,False
-1.134676600741986,-0.5141880004053625,1.5700979788095155,2.398700097586291,-0.8603801438044784,1.735018921589674,3.157973872091559,True,False
0.5539032034906497,-0.5232095034498154,-0.9937889770420077,-0.9077235345867211,-1.083134174281083,-0.04498840194366338,-0.3696991204100895,False,True
1.641332163549759,-0.5232095034498154,-1.1069016368589868,-0.931871827518247,-1.1066730472702155,-0.2268242774683468,-0.43190106920674626,False,True
-1.551603799120399,-0.39289890391882876,-1.1069016368589868,-0.8274058580965987,1.9350331458487973,-0.62927593413391,-0.4656299933464526,True,False
-1.5861149192069055,-0.39289890391882876,0.09963340118878891,0.11066826731866669,-0.01610682739110389,-0.3061885069670396,-0.1405979825012581,False,True
-1.7375803906976837,2.1588499386918003,0.5143798205177118,1.5042670093968082,1.326204382740951,-0.43579884511192774,-0.10864696076123766,True,False
0.4779787393003356,-0.39289890391882876,2.1356612778944104,2.4781850743201534,-0.7210449019526017,1.4047379607324044,2.192715704596875,True,False
1.092605354174307,-0.5141880004053625,2.0225486180774315,3.4441546415701128,-0.2545100216494164,0.3741918414582983,1.2813869585317688,True,False
-0.36913230993416485,-0.39289890391882876,2.0602528380164244,1.0398097953486027,1.9026369578060467,-0.32651386054863774,-0.23472755587369787,True,False
1.72235112641951,-0.5141880004053625,1.0045346797246206,2.093250686994732,1.789129348925645,-0.4192150946243292,-0.09035087980734643,True,False
1.6831837440991098,-0.5232095034498154,-0.9560847571030148,-0.9205168308419809,-1.193478456356621,3.6368154258327006,-0.024332748526251436,False,True
0.48794861843643744,-0.5141880004053625,2.0225486180774315,3.615387991448206,0.333757117226816,-0.012508873150266359,0.6547042261106639,True,False
-0.9913185034937521,-0.5141880004053625,0.9668304597856276,0.7161166900971764,0.027081887397652216,-0.10989314593715745,0.03544667700418175,True,False
-1.745304308050378,-0.39289890391882876,-0.9183805371640218,-0.5406543420319582,0.9175211673573014,-0.596132572533513,-0.4069341323340686,True,False
1.4756787871345283,-0.39289890391882876,0.7029009202126767,0.7335276850007845,-0.8747267612547718,1.0751932508065345,1.4234927149265602,False,True
1.0318548269109171,-0.39289890391882876,0.21274606100576787,-0.39917108344568225,-0.8722147076156154,0.6360437096012743,0.13466466346099373,False,True
0.2286222017864035,-0.39289890391882876,1.0799431196026066,1.955173927411336,1.684702348755675,-0.40338569959923065,-0.09466126274242644,True,False
-0.3885790522051328,-0.5232095034498154,-1.1823100767369727,-0.9407287249257346,-1.080975668931882,-0.47529086228472406,-0.4667298481205131,False,True
-1.0172292333364783,-0.5232095034498154,-1.1823100767369727,-0.9369437260336458,-1.01216400702373,-0.5325132502481188,-0.46405474361209537,False,True
0.09583655878689308,-0.39289890391882876,0.9668304597856276,1.9510482786189594,-0.26573052790431506,0.054797738635827466,0.6959572191017234,True,False
-0.22511685801761663,-0.5325651362366555,-0.9937889770420077,-0.7625309770861982,-0.4979931466002452,-0.5338228113310188,-0.3817636808777549,True,False
-1.5724748098393815,-0.39289890391882876,1.7209148585654874,0.13708755958544588,1.2492983257732952,-0.28346128559284167,-0.31081418586353005,True,False
0.8591348878113065,2.1588499386918003,0.7029009202126767,0.40877478005957335,0.5096753031867043,-0.30485480650933966,-0.17751297199329374,True,False
1.233388812304976,-0.5325651362366555,-0.27740879820114095,-0.5113584506071915,0.9605982353176507,-0.509303241377921,-0.40319420611297874,True,False
-0.6508087853068887,-0.5232095034498154,-1.1823100767369727,-0.9355054264546522,-1.1687114682550122,-0.15268018777015363,-0.39720304330022294,False,True
-1.1336357891838214,-0.39289890391882876,-0.126591918445169,-0.11870266554190902,1.106762541507086,-0.498404313655722,-0.3428711295279179,True,False
0.3458504509691396,-0.5232095034498154,-0.9560847571030148,-0.8866032407688661,-1.0132060440888617,-0.19717509037024952,-0.3676222969057512,False,True
1.7266239317635537,-0.5141880004053625,2.0602528380164244,-0.2358862312409754,-0.19204362115572646,0.3229801578201029,-0.21275696046263287,True,False
1.224788422061196,2.1588499386918003,0.1750418410667749,-0.33263080292276276,1.2640915305372165,-0.4713682138797245,-0.38482744785787476,True,False
-0.9270073051103258,-0.5232095034498154,-1.0314931969810008,-0.9269513289585317,-1.0143039045681967,-0.30693682758583946,-0.4446551878272523,False,True
-0.3209263009244416,-0.5232095034498154,-1.1069016368589868,-0.9179430315953606,-1.05118457355196,-0.36844998941993384,-0.4154068128033839,False,True
-1.7249263133326314,2.1588499386918003,2.0979570579554174,2.086437688988972,1.643262767611961,-0.2938110425383407,-0.07137818514646857,True,False
-0.722953460154395,2.1588499386918003,1.8717317383214593,3.138667380989633,0.5610142364491679,-0.11857728602145667,0.4060287745623388,True,False
-0.7647502611480528,-0.5141880004053625,-0.315113018140134,-0.7466339817394256,0.27188616648462993,-0.454657731674426,-0.4285554627757039,True,False
0.6840594278169025,-0.5141880004053625,1.9848443981384383,3.211415059695578,0.27408188744330003,0.0052456370151320215,0.5956550882909099,True,False
-0.20501276107833433,-0.34478422101507983,-0.9560847571030148,-0.8148396617748642,-0.727520418000205,-0.45905109788802556,-0.3768156899569118,True,False
1.1914276726442397,-0.39289890391882876,-0.39052145801811994,-0.5126832002194226,0.32953314555208624,-0.476256437276724,-0.37210931824451615,False,True
0.15395766737702532,-0.39289890391882876,0.5143798205177118,1.3156983645929488,0.491402438937433,-0.334141902985437,0.030527912949583035,True,False
-1.4865256869572727,-0.39289890391882876,-0.202000358323155,0.16002465287150344,0.8531567707806933,-0.49146424340072264,-0.2741157494284363,True,False
1.4029863167300933,-0.39289890391882876,0.32585872082274686,-0.223622834830608,0.027900630805969776,-0.2639083920048434,-0.25627381323075227,False,True
1.5256925214821162,-0.39289890391882876,0.5143798205177118,0.28568661608884854,0.599253275178549,-0.3525361065830353,-0.21859673907811258,False,True
0.5903316080264065,2.1588499386918003,-0.4282256779571129,-0.22173033538456363,1.9533432257075376,-0.5655479846619159,-0.39206152821248946,True,False
1.5989327874434798,-0.20912754560589883,-0.315113018140134,-0.16090540318869812,-0.08499292051819365,-0.39497916232513147,-0.21251678300844523,True,False
1.247960174119279,-0.5325651362366555,0.1373376211277819,0.1526060550430096,-0.11199284518794153,-0.26666631557574316,-0.09642300025603678,True,False
1.5855665758544202,-0.39289890391882876,-0.7675636574080498,-0.788382519519164,1.0858845845949856,-0.5800738534478145,-0.45377024817550565,True,False
-0.1245415937655122,-0.39289890391882876,-0.5790425577130849,-0.7048475939707664,0.49624046816840095,-0.5253800649947196,-0.42590023723770487,False,True
-0.3812385917422885,-0.5232095034498154,-1.1446058567979798,-0.9296765281608356,-1.0306601649298153,-0.4602641014717255,-0.4472163624066642,False,True
-0.29030452929212874,-0.5141880004053625,1.9094359582604523,1.2230037417256963,0.8302691709572682,-0.18221471283795085,-0.07155317806974835,True,False
-0.5954266545013998,-0.5141880004053625,2.1356612778944104,3.489915278175465,-0.8408977722474652,2.0617996731009445,4.0933449674252955,True,False
-1.5198316568185362,-0.3922306444340545,-0.39052145801811994,-0.6467478609772046,-0.9378816505236379,0.29025320043500596,-0.06419139276445021,True,False
0.9731859227638563,2.1588499386918003,1.7586190785044804,0.9744050144933099,1.2752562133779117,-0.2827069301303417,-0.1830283559003248,True,False
-0.6699268502436994,-0.5141880004053625,-0.6921552175300638,-0.8039767149545696,1.8313504578682076,-0.5882329621302138,-0.46217575386618487,True,False
-0.8880590410126971,-0.5232095034498154,-1.1446058567979798,-0.9243396797229905,-1.1035841516842897,-0.3397301682516365,-0.4070798592129992,False,True
-0.1842513094707376,-0.5141880004053625,1.0045346797246206,1.1689539575466694,0.41823655072141014,-0.23086762274734646,0.018782630529868304,True,False
-0.3563138939020339,-0.39289890391882876,0.9291262398466347,-0.032101890890919374,-0.02790417559277197,-0.09463102621985893,-0.1835733390105185,True,False
1.2327314576366617,-0.5232095034498154,-1.1446058567979798,-0.9366030761333579,-1.1311795261055415,-0.23906294049194568,-0.43961745553935944,False,True
-0.0586417882669928,2.1588499386918003,1.4946895389315296,1.4750846679388043,0.5113500056128083,-0.16854579185745214,0.06019959172549302,True,False
0.4120789338018162,-0.5232095034498154,-0.9560847571030148,-0.923847629867019,-1.1578631180948031,0.9435129612725464,-0.33375126594400556,False,True
0.6428652019358663,-0.5141880004053625,0.25045028094476085,-0.08236667617785741,-0.8640272735324388,0.6382524623954741,0.46858026257515945,True,False
0.8355796788633736,-0.3922306444340545,-0.27740879820114095,-0.16593945171517607,-0.8804579651129953,0.23057463108571147,0.4188182866827981,True,False
-0.7136409356866075,-0.39289890391882876,-0.126591918445169,-0.3458025990672315,1.3120996667522058,-0.5101963982455209,-0.3886453306720651,True,False
-0.09156430123840607,-0.5232095034498154,-0.9937889770420077,-0.9193813311743543,-1.1698279365390818,1.1171957629585305,-0.2560147832724939,False,True
1.2862510835485932,2.1588499386918003,1.3061684392365644,1.919292137914335,1.8786328896985516,-0.3966628837174313,-0.12329411839606604,True,False
-1.7039457435022631,-0.5141880004053625,1.7209148585654874,-0.08418347564605999,1.805839157577219,-0.34981439207433557,-0.370221356712587,True,False
1.4210087905530469,-0.39289890391882876,-0.16429613838416202,-0.35261559707299117,-0.40994101459662874,-0.23876119830694573,-0.19625241588892767,False,True
-0.8887711752367043,-0.5232095034498154,-1.1069016368589868,-0.9256644293352215,-1.0332466497879098,-0.3956852390380314,-0.43821979231882535,False,True
0.14168704690182304,-0.5335675254638169,-0.8806763172250288,-0.7477694814070522,-0.4472868786987544,-0.4971611358535221,-0.3808482452790095,True,False
0.9599840498418752,-0.5141880004053625,1.3438726591755574,1.5357203501900654,-0.7855953765765546,1.163175237108826,1.7484797336361046,True,False
-0.28898981995549994,-0.39289890391882876,-0.202000358323155,0.17592164821827602,-0.39339867618766533,-0.26058922796984374,0.04600240246089106,False,True
-0.3364836947412159,-0.5232095034498154,-0.9937889770420077,-0.9111678835785217,-1.0947826600448751,0.013229735230231231,-0.3700517703677813,False,True
0.8740349269597665,-0.39289890391882876,0.5143798205177118,0.6966239458029195,0.431801640372855,-0.322941233078238,-0.0958486414028002,True,False
-0.33171787339593645,-0.39289890391882876,-0.9183805371640218,-0.6867931492555032,-0.9105095697592,-0.3110405213018391,-0.15238906412558345,True,False
-1.4769940442667138,-0.5141880004053625,1.2307599993585785,0.3461708983844261,-0.5540212466558008,0.47865498590528865,0.2732385842209818,True,False
0.6544236881870613,-0.5141880004053625,1.7963232984434734,0.6243683169529461,-0.5957585526752666,0.8265878645850571,0.4972521631281276,True,False
-1.6632993131781557,-0.5232095034498154,-1.0691974169199938,-0.9131739329913288,-1.0603210056765957,-0.279291208596142,-0.3996561646663617,False,True
0.6009040622751299,-0.5232095034498154,-1.1069016368589868,-0.9170346318612593,-1.1189541983949802,-0.17326503963085169,-0.36587293183766356,False,True
-0.3473848263240965,-0.39289890391882876,1.7963232984434734,1.6054400297823395,1.1126053921937165,-0.2526594433480444,-0.05780673290184947,True,False
-1.1851285715351167,2.1588499386918003,0.5897882603956978,-0.5132131000643151,0.5936523259534671,-0.33921720653713655,-0.38799099363551603,True,False
-0.40167136601572806,-0.49982042148271527,-0.6921552175300638,-0.7210852392178269,0.6166515726052991,-0.5515471472779171,-0.43287708982688583,True,False
1.4111484705283306,-0.5232095034498154,-1.0691974169199938,-0.9078749345424046,-1.0296925590836217,-0.3396818895020365,-0.4019392138791942,False,True
0.6858671531547671,-0.34478422101507983,-0.4282256779571129,-0.2517075266099062,-0.5416656643120982,-0.2763462048705423,-0.08291529078806577,True,False
0.9145717981724882,-0.5232095034498154,-1.0691974169199938,-0.9298279281165192,-1.0881396737546614,-0.19906399644834935,-0.43273269500352135,False,True
-0.8555199849311339,2.1588499386918003,0.09963340118878891,-0.6210477184999224,1.3289955534511246,-0.48459659127012333,-0.4309395053073092,True,False
-0.6792393747114869,-0.39289890391882876,-0.8806763172250288,-0.43475007303131613,2.0531182746938845,-0.6091678349255119,-0.41986125363012633,True,False
-1.0708036388041025,-0.5232095034498154,-1.1069016368589868,-0.9180944315510441,-1.1151023828149405,-0.19144802369895006,-0.37439702181620904,False,True
0.43448377208019895,-0.5232095034498154,-1.0314931969810008,-0.9317204275625635,-1.1856817861728688,1.6967942215938774,-0.2977347244244371,False,True
-0.43738763632747757,-0.5141880004053625,-0.9937889770420077,-0.8891770400154864,0.9139670766530135,-0.6066030263530121,-0.4698894995945288,True,False
1.2101075011355076,-0.39289890391882876,1.9471401781994453,1.1265619699552758,1.083316707541626,-0.2281278037075467,-0.13270656406726022,True,False
-0.8777057049867452,-0.5141880004053625,1.5323937588705225,2.0600183967221932,0.4447526724680614,-0.1427045911340545,0.21769178875867354,True,False
1.0209536953280367,-0.39289890391882876,1.2307599993585785,1.190528451231575,0.16619383559271503,-0.10673088783835781,0.11586825460085692,True,False
-0.40451990291175716,-0.39289890391882876,-0.16429613838416202,-0.4327440236185091,0.3295889689662899,-0.43262451732572804,-0.3521697314619368,False,True
0.07688283251716098,-0.49982042148271527,-0.7675636574080498,-0.6693064543740533,0.8374517835847822,-0.5723914974177152,-0.4282334030823064,True,False
0.49348135356141704,-0.5141880004053625,1.5323937588705225,2.2084660532699125,-1.104682012163625,6.925732824208,10.586178570821021,True,False
0.6027665671686874,-0.5232095034498154,-0.9937889770420077,-0.8942110885419644,-1.2030986914043535,6.268007279032459,1.2519116247463011,False,True
-0.3893459659848329,2.1588499386918003,-1.0691974169199938,-0.8978446874783695,0.08696180303324764,-0.6003931721857126,-0.46599504709215106,True,False
-0.1364835369065573,-0.39289890391882876,-0.35281723807912696,-0.0923590732529716,-0.6567921522044006,-0.16025995145735283,0.10915053383300691,True,False
0.8496032451207476,-0.5232095034498154,-1.1069016368589868,-0.9299036280943609,-1.0919356659204977,-0.27695572408424224,-0.43150671807421476,False,True
0.059736831585293505,-0.5141880004053625,-0.5790425577130849,-0.2054548401485822,2.093069231458838,-0.5824214076471143,-0.3938833100896467,True,False
0.06570780315581605,-0.39289890391882876,0.09963340118878891,-0.2013670413451264,0.27577519767413866,-0.37226401063833353,-0.2877422704172819,True,False
1.5874290807479776,-0.5232095034498154,-1.1069016368589868,-0.9282382285818419,-1.0680618524461443,-0.3367429206201367,-0.4350426752456519,False,True
0.11851529484374015,-0.39289890391882876,-0.7675636574080498,-0.7859222702393064,1.0369832737527407,-0.5786979090842146,-0.4527783996009925,True,False
-0.709696807676721,-0.39289890391882876,1.2307599993585785,1.8375361618452188,-0.9360580856596576,2.0185177740845486,3.370377474082021,True,False
0.8515205295699979,-0.5232095034498154,-1.1446058567979798,-0.9378521257677471,-1.0659777783158813,-0.41665632089552945,-0.4606128765773503,False,True
-0.5787736695707681,2.1588499386918003,-1.1069016368589868,-0.8890256400598029,0.48943001163557687,-0.6171760725154112,-0.4673223621075534,True,False
0.27217194856223303,-0.5141880004053625,-0.5413383377740919,0.003931298561765126,1.8328949056611703,-0.5735200131896152,-0.36005815668872154,True,False
-0.22155618689758025,-0.5141880004053625,0.7406051401516697,1.648475467185388,-1.038401011699364,2.7367909061021827,5.194931781995866,True,False
-1.5176952541465143,2.1588499386918003,1.1553515594805925,0.893254638246928,1.6628940016068507,-0.3937601238977316,-0.23390684509694373,True,False
-0.49271498757727356,-0.39289890391882876,1.6078021987485085,2.1958998569481776,1.8479114040819054,-0.36485322257473424,-0.08492055156602099,True,False
-0.14738466848943788,-0.3922306444340545,-0.9937889770420077,-0.8141962119632091,0.2572046085491157,-0.5901218682083137,-0.4457261761736334,True,False
0.9483707840349874,-0.39289890391882876,0.47667560057871877,0.8532093499686294,0.49694756474831164,-0.3417035621415363,-0.07522741044456699,True,False
0.89359122834212,-0.5232095034498154,-1.1823100767369727,-0.9389876254353738,-1.1016117243824337,-0.44454333363322696,-0.4583517671032534,False,True
1.4740901800194353,-0.39289890391882876,1.1176473395415996,-0.27290352040560295,-0.7177699283193312,0.7808015054331612,0.04146242799556341,True,False
0.057107412912035874,-0.5141880004053625,1.0045346797246206,1.6481348172851,1.0120115997990522,-0.3409190324605364,-0.03134330212125463,True,False
0.12651310997489879,2.1588499386918003,1.5700979788095155,2.3788288534028252,1.4270214687924292,-0.32469737259493786,0.004717440136245197,True,False
1.4462621657274586,-0.5232095034498154,-0.9937889770420077,-0.8870574406359167,-1.20175892946347,5.543264794568426,1.2871868460008546,False,True
0.4219392538265323,2.1588499386918003,0.36356294076173984,0.6594174066936875,-0.20279893229226295,-0.16623444672035237,0.13099286796429904,True,False
0.8398524842074172,-0.39289890391882876,2.1356612778944104,2.154567669046569,-0.7114432747096038,1.3656019993379076,1.8938260599627414,True,False
-1.1967966168976973,-0.49982042148271527,-0.4659298978961059,-0.5312296947906573,0.9628497796905242,-0.5352289299131185,-0.40678887559239657,True,False
-1.3804724671358817,-0.39289890391882876,0.9291262398466347,0.36744259215796465,-0.3349143459071567,0.09696319156772365,0.0948967713849508,True,False
-0.838154865776495,-0.5232095034498154,-0.9937889770420077,-0.90639878497449,-1.1672786672904563,1.022165079214639,-0.16213265881050848,False,True
-0.10597132438563017,-0.5141880004053625,0.25045028094476085,0.2128632374050618,-0.2677587786203748,-0.1690647884156521,-0.008778030091759691,True,False
-1.453384055763088,-0.39289890391882876,-0.8052678773470429,-0.7831970710370025,-0.29555883889370593,-0.49688956788702215,-0.4120807719179211,False,True
1.1633805401294917,-0.5141880004053625,1.9094359582604523,3.2991513340141942,0.600537213705229,-0.12382760004045618,0.4207899248111409,True,False
-0.4372780772160918,-0.5141880004053625,-0.35281723807912696,-0.557459737112832,-0.7371592608526718,-0.07889215385026027,-0.16700784114123304,True,False
0.35089017009288337,2.1588499386918003,1.3061684392365644,1.8987017439413725,-0.5717358767630373,0.5445192700470827,1.2244855879286793,True,False
1.3110114427217692,-0.5141880004053625,-0.8429720972860358,-0.4661277138467315,-0.10486605597463115,-0.5322115080631189,-0.31368706144540776,True,False
0.2870172081550001,-0.5141880004053625,0.02422496131080293,-0.5605634362043448,-0.02784835217856846,-0.32178254308783816,-0.3551431615678127,True,False
-0.8540409369274264,-0.39289890391882876,0.32585872082274686,0.14836685628387022,1.2925614717809895,-0.45541208713692594,-0.3120025909902518,True,False
0.5270064416454519,-0.39289890391882876,-0.8052678773470429,-0.7068914933724942,-0.0043839104083739314,-0.5321752990009189,-0.404146147869856,False,True
1.3499597068193978,2.1588499386918003,1.9094359582604523,2.3803050029707395,-0.34635814581886926,0.4430554429189919,0.9956732866803029,True,False
0.7580666075579663,-0.5232095034498154,-0.9937889770420077,-0.9270648789252943,-1.1226199359276752,0.21225888045621305,-0.403385050497495,False,True
-1.3875938093759543,-0.5232095034498154,-1.1823100767369727,-0.9376250258342218,-1.137022376792172,-0.3535258209498352,-0.44164762575640054,False,True
-1.0829099206122261,-0.5232095034498154,-1.0691974169199938,-0.9260429292244304,-1.0857764825533809,-0.2072472445055486,-0.42227466406915354,False,True
-0.3510550565555186,-0.5141880004053625,0.1373376211277819,0.9060479345021878,-0.1727473276460582,-0.24468137997664516,0.20456855754080308,True,False
-0.8171742959461268,-0.5141880004053625,-0.9560847571030148,-0.8466336524684093,0.9799503522415223,-0.6025958901362125,-0.4627270054731602,True,False
-0.9551639967364596,-0.5232095034498154,-0.9560847571030148,-0.88932843997117,-1.1688789384976226,1.3268884770024112,-0.006752443712990143,False,True
1.271460603511519,-0.5232095034498154,-1.1069016368589868,-0.913098233013487,-1.0535105491437715,-0.36446699257793425,-0.4028758761751663,False,True
0.43048486451461965,-0.5232095034498154,-1.0314931969810008,-0.9219551304209747,-1.0782589294406462,-0.14886616655175397,-0.41390104935585076,False,True
-1.004903833305583,-0.49982042148271527,0.02422496131080293,-0.14232105862854255,-1.032539553207999,1.4550383829718996,1.2202087022732762,True,False
-1.739168997812777,-0.39289890391882876,-0.013479258628190058,0.760855377001665,-0.957698962565872,0.7997086707452593,2.0796960083374127,True,False
0.5161600896182641,-0.5232095034498154,-1.0691974169199938,-0.9040899356503159,-1.0697737704817178,-0.25550788957444415,-0.3702243185773163,False,True
1.5017538556443333,-0.5232095034498154,-1.0691974169199938,-0.933234427119399,-1.0111219699585987,-0.367411996303534,-0.45710989169898447,False,True
-0.35708080768173406,-0.5141880004053625,2.0602528380164244,0.6534371084441875,0.1034297102232731,0.10628702508422272,-0.012741616278017724,True,False
-0.701863331212641,-0.5141880004053625,1.3061684392365644,1.407106087836891,2.0781643798665104,-0.4116232612497299,-0.20483578234016428,True,False
0.5457410496924125,-0.34478422101507983,0.09963340118878891,-0.06783228043223678,0.5261804259861986,-0.41128531000253,-0.28585662039354093,True,False
-0.9527536962859734,-0.39289890391882876,0.09963340118878891,0.8900752391775735,1.5206187266069242,-0.4957308778966223,-0.22155031372043266,True,False
0.917529894179903,-0.39289890391882876,0.36356294076173984,0.8433305028602779,-0.6080024881905624,0.15267083376241855,0.656083718526152,False,True
1.3032875253690748,-0.49982042148271527,-0.6167467776520779,-0.42029137726353727,-0.49509032906166445,-0.37816608777693295,-0.19889800361312496,True,False
0.3443166234097393,-0.5232095034498154,-1.0314931969810008,-0.8960657379990878,-1.1938878280607799,2.6289904930890926,0.4419852952252234,False,True
0.25623109785560866,-0.39289890391882876,-0.6921552175300638,-0.4338038233082939,0.7278518136986238,-0.5568155658280167,-0.37860214885470467,True,False
0.7389485426211556,2.1588499386918003,0.5143798205177118,-0.3387246511390256,1.1759091439004585,-0.4227394433451289,-0.3822969810770719,True,False
-0.6339914617091784,-0.5141880004053625,0.9668304597856276,0.2672536714843765,-1.0687503412213206,3.9033624023742757,2.72564259142366,True,False
-1.481485967833529,-0.5325651362366555,0.21274606100576787,0.22524018378219188,-0.027364549255471635,-0.27461420472864245,-0.10020136019801901,True,False
1.4511375461841238,-0.39289890391882876,-0.5036341178350989,-0.2458786283160896,-0.7351496179413467,-0.17496686555425153,0.08209490249021077,False,True
-0.8748023885350232,-0.5141880004053625,2.1356612778944104,1.3472274053640476,-0.9397610388018215,3.035413076909255,2.734689513211898,True,False
-1.1063007908930806,2.1588499386918003,-1.0314931969810008,-0.8074967639242121,-0.8545931165320513,-0.45631731369192585,-0.33250294965929356,True,False
-0.012079165928055568,-0.39289890391882876,0.7783093600906626,1.0781139841365404,0.5257524464773053,-0.2950783597153406,-0.0321435305847748,False,True
1.670255768955593,-0.39289890391882876,0.7029009202126767,0.7020364942186064,0.029389255184729145,-0.17407974353035163,0.030127379512100646,True,False
-0.5674890810980374,2.1588499386918003,0.09963340118878891,-0.11007286806794675,0.03314803174109654,-0.31950740701293834,-0.22215637549614226,True,False
-0.4215563447322389,-0.5232095034498154,-1.1446058567979798,-0.9317204275625635,-1.0291343249415872,-0.4617607427093253,-0.45173300239272224,False,True
0.6814847886993377,2.1588499386918003,-0.8052678773470429,-0.565181134852693,2.0491548122854377,-0.6022458692016125,-0.4351832149434957,True,False
-1.6928254936966112,-0.39289890391882876,-0.4659298978961059,-0.09883142135844329,-1.0935173293229294,1.3061165449870136,2.2159137343627475,True,False
0.06516000759888738,-0.39289890391882876,0.9668304597856276,0.2181243858650651,-0.7884237628961975,0.9115765684121492,0.5719249336688661,True,False
-1.1295273225068563,2.1588499386918003,0.25045028094476085,-0.47752056051191855,0.29041954000018416,-0.345052900395036,-0.36030276126876115,True,False
0.9033967688111433,-0.39289890391882876,1.3061684392365644,0.6555567078237571,0.3466337181030846,-0.15439408338095345,-0.08502080050080095,True,False
-1.451302432646759,-0.5232095034498154,-1.0314931969810008,-0.8976554375337651,-1.001073755401973,-0.32778721256933757,-0.39396267709452293,False,True
0.7592717577832093,-0.5232095034498154,-1.0314931969810008,-0.9158234322157909,-1.1380644138573037,0.23831733555281073,-0.33120608386700784,False,True
-1.7339649400219546,-0.5325651362366555,-0.4282256779571129,-0.7338406854841658,0.952894604157571,-0.5295501419914191,-0.44246343927004406,True,False
0.017282675923321323,-0.5141880004053625,-0.8052678773470429,-0.3875889868358908,0.7853871459376734,-0.5761572398865149,-0.37261969925247534,True,False
0.9323751537726701,-0.39289890391882876,0.5143798205177118,0.7357608343471168,0.21042458744660256,-0.2731356680221426,-0.025575736588699133,False,True
0.7495757764255718,-0.39289890391882876,-0.9183805371640218,-0.8404262542853839,0.2882610346509828,-0.5762839716042149,-0.4531598376301538,False,True
-0.2352510758207971,-0.5232095034498154,-1.1823100767369727,-0.9360353262995446,-1.1825184593680051,0.05932387141082701,-0.36780676309479227,False,True
0.922131376858104,-0.5325651362366555,-0.126591918445169,-0.4298295744716008,-0.3360680298006951,-0.2600098829746438,-0.25397809381879993,True,False
0.6380993805905868,-0.5232095034498154,-0.9560847571030148,-0.9117356334123351,-1.0191605416038994,-0.1835544481393508,-0.4137621002890653,False,True
-0.2368944624915831,-0.5232095034498154,-1.0691974169199938,-0.9088211842654268,-1.0049627865914819,-0.37552886108003325,-0.41289486159494965,False,True
-0.2620930581103021,2.1588499386918003,0.8914220199076417,-0.15787740407502715,1.6751379371221464,-0.42202733178852897,-0.3750776787036199,True,False
-0.29282438885400064,2.1588499386918003,-1.0691974169199938,-0.7752107233746954,0.7223625113019485,-0.6145448806622115,-0.4462170386497389,True,False
0.35225965898520506,-0.39289890391882876,0.8914220199076417,0.31460400762440627,-0.5264258722345491,0.2867529910890063,0.2253475900698925,True,False
-1.2932634144728368,-0.5141880004053625,-0.4282256779571129,-0.046863386570065335,1.8190320911339735,-0.5620960540655161,-0.3659598758880246,True,False
0.2950150232861587,2.1588499386918003,1.9094359582604523,2.3485110122771946,1.2818991996681253,-0.26567660120894326,0.02822188969604587,True,False
-0.8222140150698706,-0.5232095034498154,-0.9937889770420077,-0.9156720322601073,-1.1219872705667024,0.20647146534791366,-0.356446985391526,False,True
1.6241313830621988,-0.5141880004053625,-0.4659298978961059,-0.0010648999757919685,-0.2179084697366705,-0.4069040134763304,-0.11504759745501059,True,False
-1.430321862816391,-0.5232095034498154,-1.0314931969810008,-0.9026516360713221,-1.0206491659826586,-0.2959051333022405,-0.3951992791258743,False,True
-0.36107971524731336,-0.5141880004053625,0.8914220199076417,0.14848040625063288,-0.5709171333547197,0.35108442493100045,0.17468956390508295,True,False
-0.4135037500453874,-0.39289890391882876,1.8717317383214593,1.5427604481293504,-0.5957399448705321,0.8628391706909537,1.0689980875087437,True,False
0.7935637596469444,-0.5325651362366555,-0.5413383377740919,-0.6986780457766617,-0.08864005024615403,-0.4540180382422261,-0.3956544660196714,True,False
0.7391128812882342,-0.39289890391882876,-0.126591918445169,0.036860788922936885,-0.723054544863927,0.042003869991828646,0.28988363715004706,True,False
-1.2121348924917004,-0.5232095034498154,-1.1823100767369727,-0.9361110262773864,-1.0265292322787583,-0.5240403296933196,-0.46112614892945003,False,True
0.26313332187290994,-0.5232095034498154,-1.1069016368589868,-0.928541028493209,-1.0086099163194422,-0.42532839129242866,-0.4486065739516491,False,True
-1.6473584624715312,-0.34478422101507983,-0.08888769850617603,-0.22490973445391815,-0.26336733670303464,-0.27752299939204217,-0.1882643215633153,True,False
-0.8710225991922154,-0.5141880004053625,0.8914220199076417,0.9273196282757263,0.7643975421971664,-0.3200746823207383,-0.11551458479399902,True,False
0.6424269654903233,-0.5232095034498154,-0.9937889770420077,-0.8889120900930402,-1.1456563981889765,0.49883550323808695,-0.16412268714128433,False,True
-1.3686400831062222,-0.5232095034498154,-0.9937889770420077,-0.9159369821825536,-1.1719306184740792,1.2044414983294227,-0.21372116496633917,False,True
0.3344563033850232,-0.3922306444340545,-0.239704578262148,-0.7123418917771019,0.6293607032389571,-0.47909884865942376,-0.43137557328592235,True,False
1.325528024980379,-0.39289890391882876,0.47667560057871877,-0.05738568349007194,-0.20981407467716648,-0.12936758655705574,-0.13958321473538707,True,False
0.04987651156057739,-0.5141880004053625,-1.1069016368589868,-0.8922050391291574,-0.0658268816416667,-0.6044304826210123,-0.46223352589964845,True,False
0.8508083953459907,-0.5141880004053625,0.8537177999686487,1.0046850056300194,0.302477397468135,-0.22898475151294662,0.015140265625563249,True,False
0.7881405836333505,-0.5232095034498154,-1.0314931969810008,-0.9303578279614115,-1.014843530905497,-0.3060074616560396,-0.4511312110304451,False,True
-0.606875581641209,-0.5232095034498154,-1.0691974169199938,-0.9109029336560756,-1.0267711337403065,-0.34439510243173604,-0.40936642661965045,False,True
0.8899757776663908,-0.5141880004053625,1.6832106386264944,0.19128874372015617,1.1440525821950078,-0.27215802334274264,-0.2944104152112103,True,False
0.5826076906737122,-0.5232095034498154,-0.9937889770420077,-0.9048090854398128,-0.9998828558989654,-0.27720315267594225,-0.40728209659041614,False,True
-1.644948162021045,-0.5232095034498154,-1.0691974169199938,-0.915444932326582,-1.1824626359538017,1.110907455823131,-0.12013645716977846,False,True
0.6463710935002098,-0.5141880004053625,-0.9937889770420077,-0.7712743245269231,1.8939471129950385,-0.6182502746940111,-0.45848320180952196,True,False
-0.04363219000714715,-0.39289890391882876,-0.05118347856718305,0.3954515839594211,-0.6032947135927359,-0.055579552637162494,0.3650335656658022,True,False
1.460888307097454,-0.39289890391882876,0.6274924803346907,1.0625954886789768,0.4418126393200115,-0.3045409946369397,-0.013053552349112893,True,False
-0.7248159650479524,-0.5141880004053625,1.7209148585654874,2.1494579205422495,0.4618160294095905,-0.11431065152555704,0.23114025309643735,True,False
-0.8531096844806477,2.1588499386918003,1.7586190785044804,-0.30643861058950894,0.7933140707545667,-0.1961008881916496,-0.3574744703702427,True,False
0.10262922369280864,-0.5232095034498154,-1.0314931969810008,-0.9069665348083034,-1.0909308444648351,-0.09811313103475854,-0.360373399391869,False,True
1.4119701638637236,-0.39289890391882876,-0.5036341178350989,-0.3041676112542557,-0.24885324901013076,-0.41095339359903,-0.2242708648305171,True,False
1.0435776518291908,-0.5335675254638169,-0.126591918445169,-0.599019024947966,0.6683068385482491,-0.4646031540920251,-0.40919695780915943,True,False
0.6556288384123043,-0.39289890391882876,-0.8429720972860358,-0.8266867083071018,-0.3246242298889826,-0.5047167601659214,-0.42868706203001294,False,True
-0.7389490904167122,-0.5232095034498154,-1.1446058567979798,-0.9269513289585317,-1.0439833531197118,-0.4459373825279268,-0.4384921428327446,False,True
-0.6136682465471246,-0.5232095034498154,-1.0314931969810008,-0.9099188339441325,-1.098634475624915,-0.061849755241461885,-0.36223444556574214,False,True
0.6153658649780469,2.1588499386918003,1.9471401781994453,1.3646384002676557,1.0042335374200346,-0.21332433211144805,-0.07899291996814692,True,False
-0.48652489778397956,2.1588499386918003,0.32585872082274686,-0.5813052301329908,0.7523210769244807,-0.40373572053383067,-0.40875426089519973,True,False
-0.9356624749097988,-0.5232095034498154,-0.9560847571030148,-0.9165804319942087,-1.152336600088659,0.8022010611933591,-0.3017265815311802,False,True
0.5164887669524213,-0.39289890391882876,-0.315113018140134,0.2582832241101263,0.7504044730368282,-0.5006553103558218,-0.24408283285424368,True,False
1.181896029953681,-0.5232095034498154,-1.0691974169199938,-0.9074964346531957,-1.1585516068699793,0.36043843266599945,-0.21934381068892464,False,True
-0.29233137285276484,-0.5141880004053625,-0.35281723807912696,0.2937108137400766,1.0362203537586263,-0.5237929011016197,-0.2679848696580393,True,False
-1.15615018657359,-0.5141880004053625,1.1553515594805925,0.14473325734746506,0.00047272662732858505,-0.05199485547936281,-0.13443053388776136,True,False
-0.06817343095755171,2.1588499386918003,0.8914220199076417,-0.26574987249955534,-0.022880068314459084,-0.10636879721635784,-0.26035694748625665,True,False
1.0531092945197498,-0.39289890391882876,1.0045346797246206,1.1666829582114162,-0.13381980014150077,-0.020046392931565682,0.27281369767350294,False,True
-0.1614630143025048,-0.39289890391882876,1.0045346797246206,0.7624450765363422,-1.030343832249329,3.015654998635457,3.0927569252197435,True,False
-0.0003015614540890912,2.1588499386918003,1.1930557794195855,0.1027197696452804,0.8073629633291085,-0.2825198499756417,-0.28037063573641563,True,False
1.4056705149590438,-0.39289890391882876,-0.8052678773470429,-0.6787311016153542,1.8841594077046961,-0.6000491860948127,-0.4469103422294067,True,False
-0.1302386675575704,-0.39289890391882876,-0.27740879820114095,-0.033085990602862436,0.3120976325158675,-0.4522800032566262,-0.24985437104663452,True,False
1.6487274035682962,-0.5232095034498154,-1.0314931969810008,-0.8985638372678664,-0.9982081534728613,-0.3319814289408372,-0.3967243338722528,False,True
-0.8588615378283988,-0.5141880004053625,1.4946895389315296,1.555213094484322,-0.8958280118236859,1.9291417388875565,2.542970289449122,True,False
-0.2699265345743821,2.1588499386918003,-1.0691974169199938,-0.6964827464192502,-0.4775989926112419,-0.5673403332408157,-0.34995679538560676,True,False
-1.1179688362556612,-0.5232095034498154,-0.9560847571030148,-0.889631239882537,-1.1366874363069512,0.5113336645407859,-0.20415051810761894,False,True
1.311121001833155,-0.5232095034498154,-1.1446058567979798,-0.9228635301550759,-1.0814594718549786,-0.3902538797080319,-0.41494082058825943,False,True
-0.5381272392466606,-0.5141880004053625,0.4012671607007328,0.5368591425678552,1.2260199620504455,-0.4410793333494272,-0.24609954931006728,True,False
0.6761711717971296,-0.39289890391882876,0.8160135800296556,-0.11681016609586466,-0.30121561153299153,0.032758489443429496,-0.1305728696258707,False,True
-0.3987132700083132,-0.39289890391882876,0.4389713806397258,0.2861029659669783,0.5730907017218533,-0.3608460863579345,-0.21468204716675118,False,True
0.7023557994183202,2.1588499386918003,0.5520840404567048,0.4554059664101062,0.3978423967324068,-0.3092240333481393,-0.1453853196852093,True,False
-1.1986043422355621,-0.34478422101507983,-0.39052145801811994,-0.7085568928850132,0.5430763126851175,-0.49658179085832216,-0.42815631624313444,True,False
0.3262393700310931,-0.39289890391882876,-0.6544509975910708,-0.20227544107922768,0.04068419265856595,-0.5003897772330218,-0.25200322741461456,True,False
1.5345668095043608,-0.34478422101507983,-0.8429720972860358,-0.759238028050081,0.5304230054656629,-0.5727415183523152,-0.43896872880742993,True,False
-0.20747784108451334,-0.39289890391882876,-0.202000358323155,-0.02544029284084325,1.046789586847818,-0.5044874361053214,-0.3233452948754091,True,False
1.0924957950629213,2.1588499386918003,1.6832106386264944,2.2844688310230534,1.0025960506033993,-0.24846522697654483,0.08112465672273123,True,False
0.18310039100563075,-0.39289890391882876,1.4569853189925366,1.3492713047657756,0.12389829543121444,-0.039418241208563895,0.18039654441624414,True,False
1.6308144888567286,-0.20912754560589883,-0.6167467776520779,-0.6911837479703261,-1.0233286898644256,0.3552303625529001,0.032179591330950164,True,False
0.6299920063480424,-0.39289890391882876,-0.4659298978961059,-0.42710437526929695,-0.7513756236698237,-0.13431012354735522,-0.048966036822106575,False,True
0.9166534212888172,-0.39289890391882876,-0.39052145801811994,0.1445818573917815,1.380018154033102,-0.5439854881218179,-0.31822872056924545,True,False
0.6411670357093874,-0.49982042148271527,-0.35281723807912696,-0.25132902672069735,-0.8973538518119141,0.2063205942554136,0.36298071916165364,True,False
-1.4139975552199164,-0.5141880004053625,-0.6544509975910708,-0.3427745999535605,0.20941976599094003,-0.5173537228737203,-0.3170362487552366,True,False
-0.7136409356866075,-0.5141880004053625,1.4569853189925366,1.447378476048715,0.34587079810897053,-0.1253604503402561,0.11065923563840634,True,False
0.08099129919412604,-0.5232095034498154,-1.1069016368589868,-0.9159748321714745,-1.113799836483526,-0.1973682053686495,-0.36767053298848573,False,True
-0.35691646901465546,-0.5141880004053625,0.28815450088375383,0.6949585462904005,0.7959191634173959,-0.41451998622572966,-0.16575364030516726,True,False
0.826321933951279,-0.39289890391882876,-0.05118347856718305,0.3748611899864585,-0.8843842119119731,0.4450952200895919,1.060630545401698,False,True
-0.7215839712620733,-0.39289890391882876,1.1553515594805925,0.6340579141166932,1.6383503071620555,-0.39161171954053176,-0.26678927143126063,True,False
-0.9959747657276458,2.1588499386918003,1.6455064186875015,0.8004086154239919,-0.005109614793019084,0.07144787240412595,0.07601723442186874,True,False
0.4582580992509034,-0.5232095034498154,-1.0314931969810008,-0.9101459338776579,-1.200028403623162,4.024089450592765,0.45931073079496515,False,True
0.18666106212566713,-0.39289890391882876,-0.013479258628190058,-0.1272189130491086,1.0118069139469728,-0.47708321086362393,-0.33849412030767023,True,False
0.8854838540995758,-0.5141880004053625,-0.315113018140134,0.33398320195190045,1.870017476106482,-0.5525187571136171,-0.3202829931564119,True,False
0.6554644997452258,2.1588499386918003,-0.7675636574080498,-0.48774005752055805,1.434539021905164,-0.5884260771286138,-0.4135110234860986,True,False
0.21054494840775728,-0.5325651362366555,-0.7675636574080498,-0.7775574226877904,-0.1964350630730666,-0.5001363137976219,-0.4165656698034013,True,False
-1.2673526846301106,-0.39289890391882876,-0.315113018140134,0.016989544739471167,0.501432045689324,-0.4799256222463237,-0.26401287585047295,False,True
0.714790758560601,-0.34478422101507983,-0.16429613838416202,-0.6972775961865889,0.48049826536302065,-0.4514049509201263,-0.42367695030606406,True,False
0.06077764314345799,-0.5232095034498154,-1.1069016368589868,-0.9249074295568038,-1.1950415119543183,1.66946844932028,-0.07462412247868323,False,True
0.8704194762840372,2.1588499386918003,0.5897882603956978,1.417476984801214,-1.0772913235944526,3.367818302748925,6.155358419404288,True,False
-0.8727207654186943,-0.5141880004053625,1.7209148585654874,-0.06325243177280944,0.5476910482592716,-0.1401035734993547,-0.28722671789947785,True,False
-1.6555753958254613,-0.39289890391882876,-0.5413383377740919,0.018314294351702214,-0.729827785787282,-0.20329442188204896,0.28589859703355397,True,False
-0.7178589614749583,-0.39289890391882876,1.1553515594805925,2.37818540359117,1.1225605677266697,-0.33601270453243687,0.06776757139680148,True,False
-1.7196674759861161,-0.5325651362366555,-0.5790425577130849,-0.6442119117195052,-0.32254015575871936,-0.41691581917462944,-0.34999837902613185,True,False
-0.036017831765838594,-0.5232095034498154,-1.1069016368589868,-0.9255130293795379,-1.077012206523435,-0.31675551828573856,-0.42447349602772505,False,True
-1.546728418663734,-0.39289890391882876,1.1553515594805925,0.8448066524281925,-0.8009654232872452,1.0944745764280326,1.1875949985603662,True,False
-1.2028223680239127,-0.39289890391882876,-0.5036341178350989,0.03269729014163931,1.0816420051155216,-0.5457235231074177,-0.31597050243928915,True,False
-1.6897578385778105,-0.5141880004053625,0.7783093600906626,0.8369338547326479,0.44227783443837376,-0.2775169645483422,-0.06565046374658122,True,False
1.6027125767862878,-0.39289890391882876,-0.8429720972860358,-0.7488292810968371,0.05666829692549458,-0.5463571816959176,-0.420501047754142,False,True
1.2397432407653488,2.1588499386918003,1.5323937588705225,-0.0014433998650008393,-0.3262245010961488,0.2920033051080058,-0.0707009445898037,True,False
1.6780892454196732,2.1588499386918003,0.5897882603956978,0.3380710007553563,0.8230307349155507,-0.37347701422203344,-0.2374094773723656,True,False
1.4028767576187078,-0.34478422101507983,-0.35281723807912696,-0.754582479412812,-0.8718053359114565,0.1429728399365194,-0.2656036166075018,True,False
0.001999179885011337,-0.5141880004053625,2.1356612778944104,2.8699324596513347,1.6640476855003894,-0.29242906333104085,0.030522020562608297,True,False
-0.6420988359517228,-0.39289890391882876,0.7406051401516697,0.8360254549985466,0.7429613511430312,-0.3394827396599365,-0.12948704844898007,True,False
-0.854698291595741,-0.5232095034498154,-1.1823100767369727,-0.934218526831342,-1.1045517575304833,-0.4391964621150274,-0.44105384239876194,False,True
0.028786382618823464,-0.5232095034498154,-1.1069016368589868,-0.9197598310635632,-1.071448472907822,-0.32948300364903743,-0.41114243279905993,False,True
0.06231147070285827,-0.5232095034498154,-1.0691974169199938,-0.9120384333237022,-1.033562982468396,-0.3331521886186371,-0.4091270483988025,False,True
0.9847444090150513,-0.5141880004053625,-0.5413383377740919,-0.7547717293574163,-0.2764672312361171,-0.41607697590032955,-0.4017915594375032,True,False
-0.37285731972127983,-0.39289890391882876,-0.202000358323155,0.19711764201397278,-0.2781047180527524,-0.3077394617979394,-0.010050041294306254,False,True
0.48427838820501534,-0.5232095034498154,-0.9937889770420077,-0.8934162387746257,-1.0962712844236344,0.021485401411830533,-0.3108164503579924,False,True
0.8262671543955861,2.1588499386918003,0.5520840404567048,1.5018824600947922,1.4091579762473168,-0.4380920857179275,-0.12074040332782433,True,False
1.4730493684612707,-0.39289890391882876,-0.126591918445169,-0.4309650741392274,0.5944338537523155,-0.45730099321502576,-0.3705149652662169,True,False
0.47880043263572863,-0.39289890391882876,0.09963340118878891,0.8546476495476231,1.185157222853501,-0.47506757306782416,-0.19109924139718035,True,False
-0.15916227296340435,-0.39289890391882876,0.8537177999686487,-0.3264234047397373,-0.6520657698018395,0.4746357800010892,-0.05612008414406193,True,False
-0.27918427948647667,2.1588499386918003,-0.35281723807912696,-0.4357341727432592,1.260444400809256,-0.5346375152305187,-0.4007351845242442,True,False
-0.8266511590809928,-0.5232095034498154,-1.0314931969810008,-0.9035600358054234,-1.08196188258281,-0.13504033963505518,-0.3585730871161888,False,True
-0.2909071044047503,-0.3922306444340545,-0.27740879820114095,-0.4906923566563872,-0.1374483220647267,-0.3724450559493335,-0.31743990076986783,True,False
1.258696967035081,-0.39289890391882876,0.7029009202126767,0.1962092422798715,-0.7899496028844257,0.7319977244312655,0.5558168166672514,False,True
0.24900019650415015,-0.39289890391882876,-0.202000358323155,0.136709059696237,-1.1334124626736806,3.235649190875237,4.6624369904878575,True,False
-1.18863446309946,-0.39289890391882876,-0.126591918445169,-0.22316863496355735,0.5651637769049596,-0.45423529261542606,-0.3237339338402484,False,True
-0.08630546389189081,-0.5335675254638169,-0.6921552175300638,-0.5643862850853544,0.5524918618807703,-0.5482098787118175,-0.3970022633483078,True,False
0.9061357465957867,-0.39289890391882876,-1.0691974169199938,-0.74852648118547,1.7201502167748823,-0.6244058152680105,-0.4542195740248119,True,False
0.21131186218745743,2.1588499386918003,-0.6544509975910708,-0.22044343576125347,1.835109234424575,-0.5846180907539141,-0.3884872705257166,True,False
-0.6350322732673429,-0.5232095034498154,-1.1446058567979798,-0.9364895261665952,-1.1203683915548017,-0.28553123698194144,-0.44379840185152003,False,True
-0.25256141541974314,-0.5141880004053625,0.25045028094476085,0.5474571394657036,1.5025319404049977,-0.47821172663552386,-0.268406778669547,True,False
1.5047667312074409,-0.5141880004053625,0.4012671607007328,0.583490328918388,-1.032576768817468,2.0728192976971433,2.7576420921506655,True,False
1.350726620599098,-0.5141880004053625,-0.39052145801811994,-0.6728643533326167,1.5308344114061603,-0.5494530565140174,-0.44182110640483185,True,False
0.8866890043248188,2.1588499386918003,-0.27740879820114095,-0.18955784480180962,-0.6266102929250544,-0.14686863328705407,0.0152033580456702,True,False
1.6376071537626442,-0.5232095034498154,-1.0314931969810008,-0.9065123349412527,-1.0096891689940428,-0.3145165912730388,-0.40700423763495003,False,True
-0.5599295024124218,-0.39289890391882876,-0.05118347856718305,-0.24042822991148186,-0.7609772509128218,0.1488568125440189,0.11873164124573142,True,False
-1.2762817522080478,-0.49982042148271527,-0.7675636574080498,-0.6983373958763738,-0.8173030758441292,-0.2759720445611423,-0.24047814945121712,True,False
-1.1935098435561253,-0.39289890391882876,0.5143798205177118,0.178949647331947,-1.0575856583806253,2.720605455298784,2.2805158043852547,False,True
0.663243196653613,2.1588499386918003,1.6832106386264944,2.9457838374487926,0.7899832737070928,-0.20655927232374865,0.26773723391112064,True,False
-0.20824475486421348,-0.5141880004053625,-0.9560847571030148,-0.6473913107888597,0.9826670917327583,-0.6026502037295125,-0.4278158976897878,True,False
-0.45113730480638725,-0.5232095034498154,-1.1823100767369727,-0.929525128205152,-1.1621987365979398,-0.21381315445114799,-0.36344281585471333,False,True
-1.0447285702942977,-0.39289890391882876,0.09963340118878891,0.2591916238442276,0.5955689298411195,-0.42019273930372913,-0.22370385578975696,True,False
-0.2585323869902657,-0.39289890391882876,0.8537177999686487,-0.22256303514082315,-0.4201380915911304,0.14815073583111898,-0.12953386628431776,False,True
-1.2973718811498018,-0.3922306444340545,-0.4282256779571129,-0.41241857956799277,-0.9840662218746472,0.42870458460039323,0.41095122135879686,True,False
0.8316355508534871,-0.39289890391882876,-0.7675636574080498,-0.2845234670043153,0.6128741882441971,-0.5636470088964161,-0.34074980753205103,True,False
0.09490530634011433,-0.5325651362366555,0.1373376211277819,0.1680110005338106,-0.5451267159927136,-0.02278621197136548,0.16070042604866283,True,False
-1.321694003877435,-0.39289890391882876,-1.0314931969810008,-0.8104490630600413,-0.43057707004718043,-0.5575819909779166,-0.41376481924954434,True,False
0.7944950120937231,-0.39289890391882876,-0.4282256779571129,-0.4465592695746329,0.5706530793016349,-0.5051391992249213,-0.37242066664403806,False,True
-1.5092592025698126,-0.5232095034498154,-1.1823100767369727,-0.9328559272301901,-1.0550177813272654,-0.5026830178390216,-0.44987972915485835,False,True
1.7013157770334488,-0.39289890391882876,0.09963340118878891,0.5521505380918936,-0.3754049290094114,-0.16173848816385275,0.20744063388934114,False,True
-0.33155353472885785,-0.34478422101507983,-0.9183805371640218,-0.7246052881874694,0.6396880348666002,-0.5890295614986137,-0.4341945006173733,True,False
1.3393872525706745,2.1588499386918003,-0.39052145801811994,-0.7712364745380023,-0.33867312246352405,-0.34862552786543566,-0.40347327958969625,True,False
1.4813210813708937,-0.5141880004053625,0.8914220199076417,1.2121029449164806,0.020680802568986984,-0.1253182064343561,0.19279952535390693,True,False
1.5732411758235252,2.1588499386918003,1.6078021987485085,1.962895325151197,-0.18798711972360724,0.18789621643931534,0.6113506363412217,True,False
1.431690803913156,-0.5141880004053625,-0.5036341178350989,-0.4434555704831202,-1.0648240944223428,0.8572629751121542,0.8118871041701555,True,False
-0.27167948035655387,-0.39289890391882876,-0.7298594374690568,-0.695233696784861,0.062083168103231716,-0.52038321441112,-0.4045803588062975,False,True
-1.329472700785822,2.1588499386918003,-1.0691974169199938,-0.782402221269664,1.660847143086056,-0.6240075155838105,-0.45822521398885363,True,False
0.6693237273355211,-0.3922306444340545,0.09963340118878891,0.01801149444033512,0.039791018031310264,-0.32122130262373816,-0.18418318539116005,True,False
0.44637093566555114,-0.5141880004053625,-0.27740879820114095,-0.0025788995326274516,1.0355504727881846,-0.5137750605596206,-0.31864802815458876,True,False
-0.2677353523466674,2.1588499386918003,0.02422496131080293,-0.47048046257263354,1.5002431804226553,-0.5028942373685217,-0.41267244749351695,True,False
0.5237196683038798,-0.39289890391882876,0.1750418410667749,0.2398124295167334,0.3302216343272625,-0.36728526458583394,-0.18450093549302016,False,True
0.6786910313590016,-0.5141880004053625,0.8914220199076417,0.06002498214251978,0.7071413270291341,-0.3104370369318392,-0.27851391482532184,True,False
-0.44565934923710054,2.1588499386918003,-0.08888769850617603,-0.04421388734560324,-0.8273326825960204,0.2556735460340091,0.41661047510258686,True,False
-0.8995079681525063,2.1588499386918003,-0.5413383377740919,-0.023396393439115346,0.2720722445319749,-0.5000095820799219,-0.24114671597546042,True,False
-0.8324577919844368,-0.39289890391882876,0.1750418410667749,0.12331016361824297,0.02034586208376608,-0.2979630150039403,-0.14667770350229614,False,True
0.07326738184143174,-0.5232095034498154,-1.1069016368589868,-0.9267242290250064,-1.046458191149399,-0.3761926938870332,-0.437359621354831,False,True
0.9479325475894445,-0.5335675254638169,-0.5036341178350989,-0.6637425060026829,0.7402073960423264,-0.5286388805927192,-0.42455861437839837,True,False
-1.2950711398107013,-0.39289890391882876,1.2684642192975715,2.036929903480452,0.3370134830553521,-0.15859433459615302,0.2604078332273205,True,False
-1.3722555337819515,2.1588499386918003,1.3815768791145504,2.4354145868395514,1.732970994236948,-0.3768444570066331,-0.03820908478308638,True,False
-1.0744738690355247,-0.5232095034498154,-1.0314931969810008,-0.9185486314180947,-1.080529081618254,-0.1404958383398547,-0.40298374133353587,False,True
1.1018630990864016,-0.5232095034498154,-0.9937889770420077,-0.910108083888737,-1.106282283370791,0.08300459808962486,-0.35459147116606266,False,True
-0.37899262995888094,2.1588499386918003,0.06192918124979592,-0.19951239188800293,0.5833436021305582,-0.42491802192082867,-0.3202456485868354,True,False
-1.4635730531219613,-0.39289890391882876,2.0979570579554174,2.999341571771848,0.798915019979649,-0.14714623609725405,0.2746683656519008,True,False
-0.9823894359158146,-0.3922306444340545,-0.05118347856718305,-0.6304345157523024,0.7540143871553195,-0.4609882827157254,-0.41842990507501204,True,False
-1.5230636506044153,-0.5232095034498154,-1.1823100767369727,-0.9299793280722026,-1.1334124626736806,-0.36646452584263406,-0.40702580909949976,False,True
0.019528637706728885,-0.39289890391882876,1.6455064186875015,2.1585419178832623,-0.6892627714660893,1.002841509687241,1.7965464886013296,True,False
0.7866067560739501,-0.5232095034498154,-1.0691974169199938,-0.9073071847085913,-1.0709832777894597,-0.25222493460164447,-0.3779311689592004,False,True
-0.8378261884423378,-0.5141880004053625,1.3061684392365644,1.71853579667795,1.0470128805046317,-0.30587469509463955,-0.026295391361712613,True,False
-0.5337996543469241,-0.5141880004053625,0.09963340118878891,0.9527548208305624,1.3725936399440397,-0.48727002702922306,-0.1974262467606322,True,False
-0.48773004800922265,-0.5232095034498154,-1.0314931969810008,-0.9037871357389488,-1.0125361631184202,-0.30988786615513925,-0.40077797485039973,False,True
0.7714328191470259,2.1588499386918003,-0.5036341178350989,-0.33293360283412987,1.5327137996843443,-0.5617822421931162,-0.394181557330895,True,False
-0.5636545121995368,-0.5141880004053625,-0.239704578262148,-0.2872108162176983,1.6916616677263754,-0.5392058919114183,-0.39281754026683624,True,False
0.6699810820038357,-0.39289890391882876,1.1930557794195855,2.053697448572405,0.3149632344449792,-0.16628876031365233,0.2753091784066434,True,False
-1.5052602950042333,-0.5141880004053625,0.32585872082274686,0.7969642664321912,0.8225469319924541,-0.4120034564028299,-0.15057059671609946,True,False
1.0755689123538255,-0.39289890391882876,-0.7298594374690568,-0.21408463762254445,0.8129266969447216,-0.5659945630957158,-0.34111215798851235,True,False
1.0940844021780145,2.1588499386918003,-0.6921552175300638,-0.29811161302691375,-0.7480076110128807,-0.28243536216384174,0.054438200662267434,True,False
-0.8756240818704162,-0.5232095034498154,-0.9560847571030148,-0.9235448299556519,-1.1585143912605105,0.9618649209642446,-0.3299752645239375,False,True
-0.15582072006613945,2.1588499386918003,0.7029009202126767,1.4204292839370434,-0.46250806297156877,0.1330153478315204,0.7318881799689808,True,False
0.71687238167693,-0.5141880004053625,2.0225486180774315,1.7186493466447126,1.5182369276009093,-0.2860260941653414,-0.10452578456588979,True,False
0.43262126718664146,2.1588499386918003,1.9471401781994453,1.0461307434983909,1.009201821284144,-0.21428387225974796,-0.13506396548754368,True,False
0.7508357062065077,-0.39289890391882876,0.09963340118878891,-0.05148108521841356,0.7597641988182777,-0.43876798821232743,-0.30564251930627695,True,False
-1.6958931488154116,-0.5141880004053625,2.0225486180774315,2.3673603067597964,-0.4822509437948649,0.6907314632106695,1.2627442610483381,True,False
0.07726628940701105,-0.39289890391882876,1.9848443981384383,0.07349957819835558,1.7127815261000234,-0.3136234344054389,-0.3459788856842027,True,False
0.6531637584061253,-0.5232095034498154,-0.9937889770420077,-0.912757583113199,-1.075839914825162,-0.07650839058876058,-0.38949924097489885,False,True
-0.10082204615050065,-0.39289890391882876,-0.8429720972860358,-0.5768767814292471,0.04072140826803485,-0.5451260735811178,-0.36697350748885393,True,False
0.7715423782584117,2.1588499386918003,-0.239704578262148,0.2595322737445156,-1.109036238471496,2.2322598682511288,3.9222425396592806,True,False
0.2980826784049593,-0.5141880004053625,1.1553515594805925,0.8375394545553821,0.23772223699210246,-0.14863684249115397,-0.007118045952156941,True,False
0.733415807496176,-0.5141880004053625,1.7963232984434734,0.09091057310196364,0.5835855035921068,-0.13765946180085495,-0.2580476332719092,True,False
0.6373872463665795,-0.39289890391882876,0.5143798205177118,1.442003777621949,0.8250589856316103,-0.38475613709733236,-0.029145888410079993,True,False
0.004847716781040438,2.1588499386918003,-0.9937889770420077,-0.6552262584954833,-0.5015472373045332,-0.5332736405543188,-0.3232931331465651,True,False
-1.2391959930039766,2.1588499386918003,1.0045346797246206,1.9592617262147918,0.8657728623906789,-0.3196462084180383,0.05781362946674837,True,False
-0.28126590260280565,-0.39289890391882876,0.28815450088375383,0.4978736539793415,-0.5737827352838315,0.07508084831152562,0.38767987368744156,False,True
1.464668096440262,-0.5232095034498154,-1.0314931969810008,-0.9176402316839934,-1.1831883403384469,1.5102934118890947,-0.13887892561510953,False,True
-0.307943546225232,2.1588499386918003,0.36356294076173984,0.5487440390890137,1.316751617935829,-0.4527688255963262,-0.25267575092745126,True,False
0.5487539252555202,-0.5232095034498154,-1.0314931969810008,-0.907420734675354,-1.101053490240399,-0.049411942375762956,-0.3512303031917599,False,True
1.157519127670355,2.1588499386918003,1.5323937588705225,2.062819295902339,0.09438631712231003,-0.008646573182266706,0.40528744646170295,True,False
1.1787735952791873,-0.39289890391882876,1.0045346797246206,0.7942390672298874,1.2957434063905875,-0.37512452655213324,-0.2130992909074979,True,False
-1.1438795660983876,-0.39289890391882876,0.25045028094476085,-0.3897085862154605,-0.032258401900643045,-0.26358251044504344,-0.29900325661126986,False,True
0.5382362505624897,-0.39289890391882876,0.06192918124979592,0.10120577008844492,2.092176056831583,-0.5246739882818197,-0.35813491919115376,True,False
-1.74114106181772,-0.39289890391882876,-0.35281723807912696,-0.27858101874373603,-0.890617826498028,0.18868074612031527,0.31306936499098637,False,True
1.6534932249135756,2.1588499386918003,1.2307599993585785,1.860019055264226,-0.36634292810371377,0.2303332373377114,0.794136382436265,True,False
0.942345032908772,-0.39289890391882876,1.2307599993585785,0.7383724835826581,0.13349992267421246,-0.09370769513375891,0.0011111190884344384,True,False
0.3831005488402894,2.1588499386918003,0.5520840404567048,0.7642618760045448,0.34248417764729294,-0.2973353912591404,-0.05707243335322996,True,False
-0.1929612588259035,-0.5141880004053625,1.6078021987485085,1.5141458565051598,-0.5469688886614283,0.6350358907033744,0.9393245467534803,True,False
-1.470256158916491,-0.5232095034498154,-1.1446058567979798,-0.9321746274296141,-1.0965504014946519,-0.3578528038827348,-0.43702739886102626,False,True
0.9587788996166322,-0.39289890391882876,0.4012671607007328,0.3553305957032808,-0.29222804184623186,-0.10778095064215763,0.0632291405488063,False,True
-1.6097796872662242,-0.3922306444340545,-0.9937889770420077,-0.8814934922645463,-0.39101687718165024,-0.5480771121504175,-0.45018455831772736,True,False
-0.4471931767965008,-0.39289890391882876,-0.9560847571030148,-0.6849384997983797,1.2485912291933847,-0.6070616744742121,-0.4393282662759605,True,False
0.8992883021341783,-0.49982042148271527,-0.8052678773470429,-0.8013650657190283,-0.6728692954950017,-0.3947256988897315,-0.37764685345204924,True,False
1.0861413666025488,-0.5141880004053625,0.6651967002736837,1.3073713670303535,-0.11245804030630391,-0.12384570457155625,0.30739324899085374,True,False
1.534128573058818,-0.5232095034498154,-1.1823100767369727,-0.9306606278727786,-1.1002905702462846,-0.4468305393955267,-0.4305079976601047,False,True
1.617503056823362,-0.39289890391882876,0.06192918124979592,-0.5518957887414616,0.7856104395944871,-0.4470296892376267,-0.40427692438396245,True,False
0.2883866970473218,-0.39289890391882876,2.0602528380164244,3.6045250446279113,2.121073977584249,-0.34727372287663577,0.04539902830317659,True,False
-0.44911046124575116,2.1588499386918003,-0.9183805371640218,-0.5679063340549969,1.1663819478763986,-0.6010871792112126,-0.4189866416166713,True,False
0.796193178320202,-0.5232095034498154,-1.1446058567979798,-0.9343320767981047,-1.1185448266908213,-0.2923144013007408,-0.435821089340372,False,True
0.4748015250701493,-0.39289890391882876,2.0979570579554174,0.26736722145113917,1.2763540738572465,-0.24229158187144542,-0.29250494890201845,True,False
1.261107267485567,-0.5232095034498154,-0.9560847571030148,-0.8929620389075751,-1.1699395833674886,1.3741413031734069,-0.026839630087913544,False,True
-0.6631889648934767,-0.5232095034498154,-1.1823100767369727,-0.9312662276955128,-1.1346964012003606,-0.3620168460357344,-0.41206732599232454,False,True
0.4945769446752744,-0.39289890391882876,-0.4282256779571129,-0.033540190469913085,0.5681038100530095,-0.5049460842265214,-0.28301346532202903,True,False
1.3037805413703107,-0.5325651362366555,-0.05118347856718305,0.023613292800626406,-0.1998588991442131,-0.2893633627314411,-0.11217010669237736,True,False
-0.1399894284709008,-0.5141880004053625,-0.239704578262148,0.27077372045401904,1.6929828218625245,-0.5392541706610183,-0.3189290840434135,True,False
-0.9556570127376954,-0.39289890391882876,-0.6167467776520779,-0.18543219600943292,-0.3496703350616089,-0.4227877220947289,-0.14155805763270948,True,False
0.6985212305198195,-0.5232095034498154,-1.0314931969810008,-0.9199112310192467,-0.9959380012952531,-0.3352281748514369,-0.43522099830784694,False,True
0.6383732783690511,-0.39289890391882876,-0.9183805371640218,-0.5989054749812034,0.4149243614786707,-0.5815101462484144,-0.39815142768517664,True,False
1.1559853001109546,-0.5141880004053625,0.4012671607007328,0.894920037759447,0.4365094149706814,-0.34425630102663607,-0.05067370855097551,True,False
1.1279381675962066,-0.5232095034498154,-0.9937889770420077,-0.8934162387746257,-1.0658661314874744,-0.11458221949205702,-0.3454446060322636,False,True
-0.525144484547451,-0.39289890391882876,1.3061684392365644,1.1059715759823132,1.336085127054966,-0.3441476738400361,-0.17024022284915746,True,False
-0.72744538372121,-0.5141880004053625,0.6651967002736837,-0.32570425495024047,1.4446058442665242,-0.4281587329877284,-0.39028890702134195,True,False
0.688003555826789,-0.5141880004053625,-0.6921552175300638,-0.4326683236406673,0.9402599047428509,-0.5653609045072159,-0.38840075743450936,True,False
-0.7661197500403745,-0.39289890391882876,2.0602528380164244,2.1489658706862778,-0.992532773028841,3.809164527060984,4.890841886459155,True,False
-1.2880045771263215,-0.5232095034498154,-0.9937889770420077,-0.8971255376888727,-1.2002144816705071,4.873541980117287,0.8236758037657037,False,True
-0.563106716642608,-0.5232095034498154,-1.0691974169199938,-0.9171481818280219,-1.0469978174866994,-0.30825242351243937,-0.4151914037471046,False,True
-0.7036710565505057,-0.39289890391882876,-0.4659298978961059,-0.5185120985132392,-0.1431237025087468,-0.4234213806832288,-0.3265809518729019,True,False
1.0192007495458648,-0.5335675254638169,-0.6167467776520779,-0.658367807575917,-0.49843973391387303,-0.3769289448184331,-0.325666072603246,True,False
-0.8222687946255635,-0.5232095034498154,-1.1069016368589868,-0.9280868286261583,-1.0785380465116634,-0.31306219394133894,-0.43113980728634477,False,True
-1.3800342306903386,-0.5335675254638169,-1.0314931969810008,-0.7448171822712231,0.13348131486947784,-0.5935496594299133,-0.42274806878172216,True,False
1.6640656791622992,-0.20912754560589883,0.1750418410667749,-0.5167331490339575,0.7840845996062586,-0.4300234996910282,-0.3974418103426347,True,False
0.21766629064783002,-0.5232095034498154,-1.1823100767369727,-0.9337643269642913,-1.193478456356621,0.42603114884129345,-0.26758077884863335,False,True
-1.3541235008476125,-0.5141880004053625,0.5520840404567048,0.2319396318211889,0.2410344262348421,-0.2732080861465426,-0.16847308659269392,True,False
1.6342108213096864,-0.20912754560589883,-0.202000358323155,-0.21408463762254445,0.5845158938288312,-0.4687551265576247,-0.3234715502362119,True,False
0.5696249359745027,-0.5232095034498154,-1.0314931969810008,-0.8960657379990878,-1.0374706214626395,-0.2628643640447435,-0.37280049053527814,False,True
-1.41750344678426,-0.5232095034498154,-1.0691974169199938,-0.9322881773963768,-1.0138945328640379,-0.3635979750851343,-0.4549755390654329,False,True
-0.5597651637453431,-0.5325651362366555,-0.4282256779571129,-0.5722969327698197,0.530925416193494,-0.5019950456572216,-0.39772180058700657,True,False
-1.2401820250064484,-0.5232095034498154,-1.0314931969810008,-0.9076478346088793,-1.0471280721198408,-0.2409096026641455,-0.3932756655184997,False,True
-0.8422085528977672,-0.5232095034498154,-1.0314931969810008,-0.9024245361377968,-1.1013512151161509,-0.04786702238856316,-0.3338799190048273,False,True
1.586826505635356,-0.5232095034498154,-1.1069016368589868,-0.9299036280943609,-1.138306315318852,-0.05380530858936261,-0.40195313777767033,False,True
-0.8162430434993481,-0.39289890391882876,-1.1069016368589868,-0.8623792478594984,0.285655941988154,-0.6135913753576114,-0.4587503181286286,True,False
-1.4452766815205436,2.1588499386918003,-0.16429613838416202,-0.40420513197216024,1.536453968435977,-0.5251567757778195,-0.4042786325493354,True,False
-0.4624218932791179,-0.5335675254638169,-0.8806763172250288,-0.8738099445136063,0.1340767646209817,-0.5602614615807164,-0.4596206440574092,True,False
-0.4347582176542199,-0.39289890391882876,1.4946895389315296,2.4532040816323684,0.9514059797788115,-0.2650489774641433,0.12439968655625779,True,False
-1.2119705538246217,-0.39289890391882876,-0.202000358323155,-0.28827061590748315,-0.1351037386681807,-0.35222832955433536,-0.24555185507501548,True,False
-0.134949709347157,-0.5141880004053625,0.06192918124979592,-0.26177562366286217,1.7367111629885807,-0.510359339025421,-0.39082929845764314,True,False
-0.5497952846092413,-0.20912754560589883,0.1750418410667749,-0.5052267524020079,0.14447852746756265,-0.32952524755493745,-0.3552965281771959,True,False
-0.7157225588029364,-0.39289890391882876,-0.315113018140134,-0.12116291482176667,-0.04208332280045477,-0.4040736717810306,-0.20924869437572854,False,True
-0.8194750372852272,2.1588499386918003,1.7963232984434734,-0.30458396113238545,1.839612323170322,-0.34571069835833595,-0.39923527428558103,True,False
-1.0847724255057838,-0.5141880004053625,-0.202000358323155,-0.5701773333902501,0.1595880649119702,-0.41470103153672966,-0.37487649129941386,True,False
-1.0106556866533343,2.1588499386918003,1.4569853189925366,0.8342086555303441,-0.5197270625301319,0.5202290241545848,0.506647096186438,True,False
0.18545591190042404,-0.5141880004053625,-0.35281723807912696,-0.29947421262806573,0.24650512082678275,-0.4590631675754256,-0.30975810870386816,True,False
-0.48564842489289367,-0.39289890391882876,2.0979570579554174,1.3891273430994697,0.7049828216799331,-0.12284995536105629,-0.011548470600604833,True,False
0.3263489291424788,-0.5325651362366555,-0.9937889770420077,-0.7151049409683267,-0.27870016780425605,-0.5595312454930165,-0.3852748853225256,True,False
-0.715065204134622,-0.39289890391882876,-0.9560847571030148,-0.7972772669155725,0.20400489481320289,-0.5802005851655145,-0.43984417923232955,True,False
1.5607514371255513,-0.39289890391882876,-0.6167467776520779,-0.09213197331944628,2.112439956187445,-0.586156975897414,-0.3812635802045175,True,False
-1.3050410189468034,-0.39289890391882876,-0.8052678773470429,-0.8040902649213323,-0.18564253632706124,-0.5125560221322207,-0.42716571353235655,False,True
1.4194201834379536,-0.5232095034498154,-1.0314931969810008,-0.9280868286261583,-1.197218625108254,3.2605851650436346,-0.09480406693473266,False,True
-0.41186036337460136,-0.5141880004053625,1.4569853189925366,0.7960558666980899,0.2313583677729061,-0.08431747833655978,-0.01608733240775377,True,False
-0.9436602900409574,-0.39289890391882876,-0.16429613838416202,-0.6050750231753079,0.5808129406866673,-0.4621409378624253,-0.4070430082875443,True,False
1.669927091621436,-0.5232095034498154,-1.1446058567979798,-0.9378521257677471,-1.0097077767987774,-0.4790143608476237,-0.4659565898643958,False,True
1.6042464043456879,-0.39289890391882876,-0.27740879820114095,-0.20333524076901252,-0.616878411048915,-0.15495532384505337,-0.0017379283700521828,False,True
0.1581756931653761,-0.5141880004053625,0.47667560057871877,0.022704893066525116,-0.6400265201386233,0.25569768540880916,0.1691100924540808,True,False
-1.3525896732882121,-0.39289890391882876,1.7209148585654874,1.1746693058737234,0.6633757702936086,-0.1711166352736519,-0.04516437374333867,True,False
-0.31259980845912577,-0.39289890391882876,0.6274924803346907,0.4721356615131383,0.3485131063812682,-0.28430012886714157,-0.13069984586380332,True,False
-0.27929383859786244,2.1588499386918003,1.3815768791145504,0.8960555374270736,0.4255308101773309,-0.1642308786119525,-0.04753460207516149,True,False
0.18227869767023774,-0.39289890391882876,0.6274924803346907,-0.41733907812770804,-1.0954525410153169,4.074480395487759,1.229058942139369,True,False
-1.4141071143313022,-0.3922306444340545,-0.8806763172250288,-0.789404469220028,0.5305532600988043,-0.5791867314239146,-0.4456310203924885,True,False
0.3295261433726651,-0.5232095034498154,-1.0691974169199938,-0.9213116806093196,-1.2012379109309042,3.5977217083441038,0.21931305709502893,False,True
1.5426741837469051,-0.39289890391882876,-0.4659298978961059,-0.4811541594483237,-0.7933548311508378,-0.08355105318665992,-0.055439591804691636,False,True
-0.36316133836364234,2.1588499386918003,0.21274606100576787,-0.2559845753579664,1.3506922537715425,-0.4728045066803243,-0.3765324479298345,True,False
1.6677359093937212,-0.39289890391882876,-0.6167467776520779,-0.6596547071992271,-0.9351090876181987,0.039801152041328836,-0.08611769341013213,False,True
1.5521510468817712,2.1588499386918003,0.09963340118878891,-0.544742140835414,-0.04472563107275277,-0.2979388756291403,-0.34813006139599195,True,False
-0.17203546855122817,-0.5141880004053625,1.9471401781994453,2.056346947796867,-0.6248983748894812,0.9754372844455436,1.4811746544201387,True,False
-1.1013158513250296,-0.39289890391882876,-0.5790425577130849,-0.4745682613760893,0.9957669862658407,-0.5520842483672171,-0.39800503477846294,True,False
-0.5828821362477332,2.1588499386918003,0.9291262398466347,-0.40969338036568886,-0.5880921371246558,0.3962854042439963,-0.15062986535316966,True,False
0.6297181085695781,-0.39289890391882876,1.6832106386264944,-0.09213197331944628,0.06256697102632854,0.04235389092642866,-0.2226839243496621,True,False
0.4852096406517941,-0.20912754560589883,0.1373376211277819,0.3010537115907287,0.5857812245507767,-0.4127397073342298,-0.21335121395753012,True,False
1.5122167507816708,-0.5232095034498154,-0.9560847571030148,-0.8866032407688661,-1.0778867733459563,0.014219449597031192,-0.31437394765149534,False,True
1.6808830027600095,-0.5141880004053625,-0.6921552175300638,-0.754582479412812,-0.29490756572799876,-0.4603606589709255,-0.40014245113981656,True,False
-0.17696562856358625,-0.39289890391882876,-0.4659298978961059,-0.6862253994216899,0.4965940164583561,-0.5057185442201213,-0.4217189775007052,False,True
-0.3109016422326469,-0.5232095034498154,-1.0314931969810008,-0.913098233013487,-1.1387715104372145,0.24654886235961,-0.31594850785120665,False,True
-1.316270827863841,2.1588499386918003,-0.6921552175300638,-0.25893687449379565,0.18081957011402575,-0.5228152564222197,-0.29054901335811356,True,False
0.6577104615286333,-0.5141880004053625,1.0422388996636136,0.5230817466006523,0.6030864829538544,-0.2666602807320432,-0.1688360795700754,True,False
-0.388469493093747,-0.39289890391882876,0.9291262398466347,0.6594174066936875,-1.1000300609800018,5.047948963047271,4.9218914591838745,True,False
0.8397429250960314,-0.5325651362366555,0.02422496131080293,0.014680695415297056,0.6431304787424815,-0.4380015630624275,-0.28097285022222557,True,False
-1.1357721918558432,-0.5232095034498154,-1.1069016368589868,-0.9336886269864496,-1.0262315074030062,-0.4049245847427305,-0.4561994630620435,False,True
0.14102969223350864,-0.39289890391882876,-0.6167467776520779,-0.7014789449568074,-0.716932577106279,-0.2598469421947438,-0.29124429934988855,False,True
0.08011482630304015,-0.39289890391882876,0.8160135800296556,-0.29584061369166054,-0.40540071024141267,0.1198473188781215,-0.17080846991803197,True,False
-0.2380996127168262,-0.39289890391882876,-0.013479258628190058,-0.22589383416586123,-0.8618129447690343,0.40728088946539537,0.3058253098908679,False,True
-0.20008260106597625,-0.39289890391882876,1.6832106386264944,1.5463940470657556,-1.1087571214004786,7.642780882954534,8.600476490112726,True,False
1.5780069971688044,2.1588499386918003,-0.6167467776520779,-0.52195644750504,0.9620310362822065,-0.5558258514612168,-0.40512057002331625,True,False
1.2886066044433864,2.1588499386918003,-0.9183805371640218,-0.5399730422313822,0.6138045784809218,-0.5882571015050138,-0.3946436944204987,True,False
0.13642820955530777,-0.34478422101507983,-1.0314931969810008,-0.8408804541524345,-0.843688942957639,-0.4618150563026253,-0.371519468368608,True,False
-0.7949337963348226,2.1588499386918003,-0.05118347856718305,0.21740523607556825,2.0881939866184016,-0.5347340727297187,-0.3444350019406165,True,False
-0.4618193181664964,-0.5141880004053625,0.6274924803346907,0.3680481919806988,-0.889482750409224,1.0842032724506334,1.0767891943229937,True,False
0.9288692622083267,-0.5141880004053625,1.3815768791145504,1.3597179017079404,0.894968508019097,-0.2708907061657428,-0.05911473311154352,True,False
1.073268171014725,2.1588499386918003,0.5897882603956978,-0.45200966797924064,0.8215421105367915,-0.37327786437993343,-0.38671602840386116,True,False
0.05902469736128623,-0.5141880004053625,0.7783093600906626,0.3218712054972166,1.2867558367038279,-0.4010984938369309,-0.2848902846009289,True,False
-1.6286238544245706,-0.3922306444340545,-0.126591918445169,-0.5354310435608758,0.4759207453983357,-0.44424159144822695,-0.38664207581308,True,False
-1.3145178820816692,-0.5141880004053625,2.0979570579554174,0.5402277915818141,0.3676047140388572,-0.01181486612476643,-0.11833506357840344,True,False
-1.0896478059624488,-0.39289890391882876,-0.16429613838416202,-0.2329717820940671,-0.2622322606142306,-0.30154771216174,-0.1918752969699864,False,True
-1.1273909198348344,2.1588499386918003,1.0799431196026066,0.0801611762484317,1.997294860490408,-0.42675864924932855,-0.3570574821287086,True,False
-1.0315814769280096,-0.39289890391882876,2.0225486180774315,3.0292430630193485,-0.3785310402048061,0.5251715611448845,1.3515032057756764,True,False
-0.1780612196774436,2.1588499386918003,0.02422496131080293,0.5796296300484576,-0.2855850555560181,-0.23250306539004628,0.15236224401341816,True,False
0.6233089005535126,-0.39289890391882876,-0.16429613838416202,-0.034297190248330826,-0.881127846083437,0.33338422835890197,0.572745009760321,False,True
0.4268694138388904,2.1588499386918003,1.7963232984434734,1.0719822859313568,0.15482446689994026,0.020743115636730616,0.08746672998532189,True,False
0.4952342993435888,-0.5141880004053625,0.9291262398466347,-0.1857728459097209,-0.7219566843845918,0.6788910998712705,0.11403809644487516,True,False
-1.010272229763484,-0.5141880004053625,-0.6167467776520779,-0.7780494725437619,0.4169712199994647,-0.5265206504540194,-0.44055305219087865,True,False
0.3155025771152911,-0.39289890391882876,1.4192810990535434,1.1776594549984734,1.1899952520844688,-0.31194574785683904,-0.1399324483623329,True,False
0.2470829120548998,-0.39289890391882876,0.1750418410667749,0.5706213326852865,-0.6807776125071608,0.1560382765470182,0.6141706449883674,False,True
-1.712272235967579,2.1588499386918003,0.5897882603956978,1.5584303435425977,1.7353155776334939,-0.45699925103002575,-0.15308471055592338,True,False
1.642208636440845,2.1588499386918003,1.5323937588705225,0.6791751009103906,-0.6797169676372948,0.9104118435780494,0.690174664026239,True,False
-0.9226797202105893,-0.5141880004053625,1.0422388996636136,2.083863889742352,-0.1523159580475859,0.001383337047132371,0.6185613273672198,True,False
-0.18386785258088753,-0.39289890391882876,0.8160135800296556,1.2883706725920683,-0.7125411351889388,0.586950256101779,1.2342312512175422,False,True
-0.33462118984765843,-0.5232095034498154,-1.1446058567979798,-0.9296765281608356,-1.0249103532668573,-0.46581012283202494,-0.4482100915302119,False,True
1.5413046948545834,-0.39289890391882876,-0.126591918445169,-0.28789211601827425,0.027621513734952384,-0.37231228938793354,-0.27615648989817543,False,True
-1.6566709869393186,-0.5232095034498154,-0.9937889770420077,-0.8918265392399485,-1.0315905551665399,-0.21370452726454803,-0.3673199437991109,False,True
-0.02747222107775129,2.1588499386918003,1.5323937588705225,0.5643382345244192,2.0089433462542,-0.38573981662043233,-0.2996400810349353,True,False
-0.6968236120888972,-0.5141880004053625,0.4389713806397258,0.2128632374050618,-0.4314516368697015,0.0018238806372322689,0.08973744593073658,True,False
1.4405650919354005,2.1588499386918003,0.8160135800296556,0.37864618887854723,1.367122945352099,-0.4042969609979306,-0.2824942927473336,True,False
1.7022470294802277,-0.39289890391882876,0.4389713806397258,0.05957078227546913,-0.5257745990688419,0.09021020146742424,0.08203417642763888,False,True
-0.8373879519967948,-0.3922306444340545,-0.9183805371640218,-0.8039767149545696,-0.04926593542796883,-0.5567974612969167,-0.4333183058084809,True,False
-1.4050137080862861,2.1588499386918003,1.6832106386264944,0.47175716162392944,1.7390557463851266,-0.3469719806916358,-0.295228861493502,True,False
-0.35089071788844,-0.34478422101507983,-0.39052145801811994,-0.3890651364038054,0.9638173855367179,-0.5249636607794196,-0.38168056844605164,True,False
1.078636567472626,-0.39289890391882876,-0.8429720972860358,-0.5002684038533717,1.9548876735005003,-0.6045632491824123,-0.4259590670800003,True,False
-1.3255833523316285,-0.5232095034498154,-1.1446058567979798,-0.9378521257677471,-1.0308834585866293,-0.4600347774111255,-0.46433022837440546,False,True
1.7462350127016002,2.1588499386918003,0.4389713806397258,-0.567225034254421,1.8742228399764773,-0.47993165709002367,-0.43289689044109475,True,False
1.6606693467093414,2.1588499386918003,1.0422388996636136,2.063084245824785,1.413754104016736,-0.3829034400814325,-0.0391146396637797,True,False
0.5275542372023806,-0.39289890391882876,-0.08888769850617603,-0.551100938974123,0.5999045483442563,-0.4516704840429263,-0.39635170308106965,False,True
0.8632433544882716,-0.39289890391882876,1.9848443981384383,3.0258744140053895,1.4763135435340984,-0.28463204527064156,0.08846794212690261,True,False
-1.473542932258063,-0.5335675254638169,-0.9560847571030148,-0.7827428711699519,0.4718642439662163,-0.5902606696134136,-0.4429113703788164,True,False
1.0573820998637935,-0.5335675254638169,-0.013479258628190058,-0.26211627356315015,-0.4209382271947135,-0.1765419597599514,-0.14838401966873602,True,False
-0.7036710565505057,2.1588499386918003,0.8537177999686487,0.5828847290956539,1.6412531247006361,-0.4233308580277289,-0.27390854426732,True,False
-0.49501572891637396,-0.34478422101507983,-0.16429613838416202,-0.29114721506547053,-1.0261570761840684,1.0858507847807335,0.8582225316667818,True,False
-1.5378541306414895,-0.5141880004053625,-0.202000358323155,0.41755597748921913,-1.0106009514260328,0.8987766649244503,2.095201244825435,True,False
-0.37636321128562333,-0.5335675254638169,-0.6167467776520779,-0.38104093875257733,0.30545464622565377,-0.5179391027126201,-0.33703573102456424,True,False
1.6198037981624622,-0.5141880004053625,1.0045346797246206,-0.1641226522469735,1.4009519343594057,-0.38592086193143227,-0.36499227072481427,True,False
1.7294724686595828,-0.3922306444340545,-0.126591918445169,-0.5218050475493564,0.6403393080323075,-0.4619055789581253,-0.3920919382575012,True,False
-1.5472214346649698,-0.5141880004053625,0.6274924803346907,0.6235356171966866,2.015102529621317,-0.4696844924874246,-0.292923143829183,True,False
0.9771848303294356,2.1588499386918003,1.3061684392365644,0.5165715485062597,-0.31705085336204425,0.20735858737181356,0.14747079493354529,True,False
1.318571021407385,-0.34478422101507983,0.02422496131080293,0.11891956490342007,-0.8009468154825108,0.2797405027096069,0.5113382981366222,True,False
-1.4236935365775538,-0.39289890391882876,0.7406051401516697,0.10181136991117912,0.49685452572463906,-0.2957542622097405,-0.2443415572232839,False,True
-0.3005483062066949,-0.5141880004053625,1.6832106386264944,0.5780399305137803,0.9702184703653831,-0.24261142858754534,-0.2114454655659831,True,False
0.6630240784308414,-0.5232095034498154,-0.9560847571030148,-0.8902368397052712,-1.1156978325664442,0.2660595120417082,-0.2651103094176515,False,True
-1.223748158298588,-0.39289890391882876,-0.5790425577130849,-0.024229093195374862,-0.8138048085540447,-0.1390535106955548,0.4055302645201598,True,False
-0.11188751640045985,-0.39289890391882876,0.9291262398466347,1.2916636216281854,1.3278232617528516,-0.38734508504463216,-0.14109695484507473,True,False
-1.3021377024950813,-0.5335675254638169,-0.5413383377740919,-0.7331972356725107,-0.13127053089287535,-0.44656500627272677,-0.40460967969999356,True,False
-1.3358819088018876,-0.5141880004053625,1.9094359582604523,2.129132476491733,1.6296604623510473,-0.311879364576139,-0.06364112844571802,True,False
1.063407850990009,-0.49982042148271527,0.09963340118878891,-0.0296794915999826,0.8448762976738444,-0.44722883907972666,-0.3087728655578386,True,False
-0.44407074212200737,2.1588499386918003,-1.0314931969810008,-0.8601839485020869,0.03887923559932013,-0.5897778821174137,-0.4538805815544831,True,False
-0.3570260281260412,2.1588499386918003,-0.08888769850617603,0.4673665629091065,-0.2939957832960086,-0.26534468480544326,0.11115765165313368,True,False
1.2176670798211233,-0.39289890391882876,0.1750418410667749,-0.11688586607370643,-1.1294862158747028,4.377308852353732,3.2749178040487323,True,False
1.5783356745029617,2.1588499386918003,1.1553515594805925,0.1859140452933902,0.5890561981840473,-0.24504347059864512,-0.23842970656605758,True,False
-0.7761444087321692,-0.5232095034498154,-0.9560847571030148,-0.9150664324373732,-1.0477979530902826,-0.10452213504415801,-0.41007004187652396,False,True
0.18457943900933815,-0.5325651362366555,-0.6167467776520779,-0.5238867969400052,-0.15866121946204764,-0.4627263177013253,-0.32628442846826855,True,False
1.693098843679519,-0.39289890391882876,1.7963232984434734,2.1664904155566487,1.4863803658954586,-0.3067557822748395,-0.036223561934372345,True,False
-0.7564237686827369,-0.39289890391882876,-0.6167467776520779,-0.2632896232196977,2.1144682069035046,-0.5861871501159139,-0.40112972371167915,True,False
-1.677213320324144,-0.5232095034498154,-0.9560847571030148,-0.8908424395280055,-1.0333769044210512,-0.147472117657054,-0.3641198918633377,False,True
0.44571358099723674,-0.39289890391882876,1.4192810990535434,-0.06927058001123049,0.4331227945090038,-0.1596202580251529,-0.27522467785158816,True,False
-0.9805817105779501,2.1588499386918003,0.36356294076173984,1.3104372161329454,-1.0798405928430779,2.942995480487464,5.97418336355728,True,False
-0.7545612637891794,-0.5232095034498154,-1.0314931969810008,-0.9153692323487402,-1.1842675930130475,1.5871954251581875,-0.09773432276902512,False,True
-0.6762264991483792,-0.5232095034498154,-1.0691974169199938,-0.9213116806093196,-1.1967348221851573,2.521359055699602,0.04182414376672559,False,True
0.36343468834655,-0.39289890391882876,-0.126591918445169,-0.5501925392400218,0.6061567707350456,-0.4584958922676256,-0.39644718795829564,False,True
0.6859767122661529,-0.39289890391882876,0.06192918124979592,0.2615004731684017,-0.09673444530565806,-0.2919040319291409,-0.06412951486559473,False,True
1.3386751183466672,2.1588499386918003,0.25045028094476085,-0.15049665623545416,0.5953828517937747,-0.39534728779083145,-0.3108761499542163,True,False
-0.5901678171548845,-0.5232095034498154,-1.1823100767369727,-0.9361110262773864,-1.203080083599619,1.3290248116722112,-0.16759324822004726,False,True
-0.31544834535515487,-0.34478422101507983,-0.202000358323155,-0.7047718939929245,0.9117341400848743,-0.49565242492852224,-0.4364693772775268,True,False
1.267297357278861,2.1588499386918003,1.9471401781994453,1.7088840495031237,1.0724497495766827,-0.22616044466134685,-0.03296930317268007,True,False
0.9815124152291721,-0.5232095034498154,-0.9937889770420077,-0.8965956378439802,-1.0790776728489637,-0.06291188773266178,-0.34134148310764684,False,True
-0.16677663120471292,-0.39289890391882876,-0.5790425577130849,-0.42210817673173984,-0.2594969133182602,-0.43187619670692806,-0.2689936823519678,False,True
-0.3930709757719479,2.1588499386918003,-0.315113018140134,-0.025591692796526795,1.6967415984188916,-0.5471055023147174,-0.35835244386509685,True,False
-1.4883881918508302,2.1588499386918003,1.3438726591755574,-0.15662835444063786,-0.6791587334952601,0.803933061335259,0.08752121889359606,True,False
-1.27173504908554,-0.5232095034498154,-1.0314931969810008,-0.9155963322822656,-1.1517969737513587,0.43169786707559304,-0.29716867132943614,False,True
-0.7100802645665711,-0.39289890391882876,0.5143798205177118,0.2198654853554259,-0.7289532189647608,0.443544265258692,0.44445297517513743,False,True
-1.6461533122462881,-0.5232095034498154,-1.1823100767369727,-0.9345970267205509,-1.0957874815005375,-0.454307710739826,-0.44516647776724483,False,True
0.843687053105918,-0.5232095034498154,-0.9937889770420077,-0.9252102294681709,-0.993928358383928,-0.2871002963439413,-0.4448825853836264,False,True
1.1237201418078557,-0.39289890391882876,0.21274606100576787,-0.22498543443175992,-1.1093897867614513,3.524235416609211,2.1607181549394925,False,True
0.6105452640770745,-0.5325651362366555,-0.8429720972860358,-0.8683216961200776,-0.8619804150116447,-0.2930989309817408,-0.39587977930086565,True,False
0.6762807309085154,-0.39289890391882876,-0.35281723807912696,-0.704620494037241,0.6159444760253885,-0.4962981532044222,-0.4293941719738422,False,True
-1.564860451598073,-0.39289890391882876,-0.5790425577130849,-0.3219571060470726,-0.5679584924019354,-0.3308830873874373,-0.10861410600248105,False,True
1.224788422061196,2.1588499386918003,-0.9937889770420077,-0.874869744203391,1.993629122957713,-0.6190348043750109,-0.47159276770440867,True,False
-0.5776780784569108,-0.5232095034498154,-1.0314931969810008,-0.8953844381985119,-1.118191278400866,0.05627627534232731,-0.2801558692010565,False,True
0.4238565382757827,-0.39289890391882876,0.06192918124979592,-0.04849093609366348,-1.033600198077865,1.529478180011393,1.4300565989477685,False,True
-1.7255836680009458,-0.39289890391882876,-0.315113018140134,-0.40882283062050845,-0.12606034556721765,-0.3856010152153323,-0.2901671443697985,True,False
0.9735693796537064,-0.49982042148271527,-0.239704578262148,-0.4916007563904885,0.7679888485109232,-0.4905952259079227,-0.3918869505771214,True,False
0.2483976213915286,-0.5141880004053625,0.7029009202126767,-0.32930000389772474,0.06874476219817989,-0.18847888059855034,-0.2951197348001551,True,False
-1.1433865500971518,-0.39289890391882876,1.2307599993585785,2.3596389090199352,0.10908648286255873,-0.08356915771775988,0.4818420589143876,True,False
-0.7535204522310149,-0.39289890391882876,0.8160135800296556,-0.13346416122105498,-0.01813507810716359,-0.12727349579315586,-0.21863418551076177,False,True
-0.5110113591786912,-0.5141880004053625,-0.8052678773470429,-0.5492841395059205,1.5426317596078285,-0.5946600706707131,-0.4247183513476359,True,False
0.4614353134810897,-0.39289890391882876,-0.9183805371640218,-0.6728265033436959,-0.6717900428204012,-0.45730099321502576,-0.2866123660367746,True,False
-0.38321065574723173,2.1588499386918003,1.4569853189925366,0.03572528925531027,0.29812317116026377,-0.10900602391325756,-0.23020492947321333,True,False
-0.05918958382392148,-0.5141880004053625,2.0979570579554174,1.2846992236667423,0.8117357974417139,-0.15028435482125374,-0.05608867113956508,True,False
-0.10734081327795186,-0.5141880004053625,0.4389713806397258,-0.4735463116752254,-1.0440949999481186,2.3224385376602203,0.5866746360754208,True,False
0.17230881853413588,-0.5232095034498154,-1.1823100767369727,-0.9407287249257346,-1.0127594567752338,-0.5321934035320188,-0.4712365290323094,False,True
0.14568595446740235,2.1588499386918003,0.9291262398466347,1.664864512388132,0.43920754665718276,-0.24967823056024474,0.1279757150933714,True,False
-1.120160018483376,-0.20912754560589883,-0.5036341178350989,-0.5774445312630604,0.1560711898171513,-0.47966612396722375,-0.37664958262781995,True,False
-1.1207625935959975,2.1588499386918003,0.6274924803346907,1.3124054155568317,0.6112180936228275,-0.33599460000133685,-0.003673906587328498,True,False
-1.3880320458214972,-0.5232095034498154,-1.1446058567979798,-0.9372843759339339,-1.1312725651292141,-0.23859222268334573,-0.44272498446263603,False,True
0.1816761225576162,-0.39289890391882876,-0.9183805371640218,-0.8288441576755924,-0.809655268098253,-0.3938747859280316,-0.3691921322260133,False,True
0.9122162772776949,-0.5141880004053625,1.5700979788095155,2.75922124205774,-1.0146016294439486,3.570305413415006,6.659906450067024,True,False
-1.1505626718929174,-0.3922306444340545,-0.9183805371640218,-0.6561346582295846,-0.23569753106284494,-0.5402800940900182,-0.3662309256888617,True,False
0.48055337841790036,-0.5325651362366555,-0.27740879820114095,-0.6442119117195052,-0.24983946266105886,-0.34085868402353636,-0.3597993617990925,True,False
1.7209816375271882,-0.5335675254638169,0.25045028094476085,-0.05814268326848968,0.8594462087809518,-0.4269517642477285,-0.31526284400199145,True,False
-1.0801709428275827,-0.5141880004053625,-0.8429720972860358,-0.7359224348748146,-0.5577800232121682,-0.45543019166802595,-0.3572061943792314,True,False
-0.17844467656729365,2.1588499386918003,1.1176473395415996,0.5283050450717347,1.553163777087551,-0.38791839519613214,-0.2749438805382557,True,False
-1.5724200302836888,-0.5232095034498154,-0.9937889770420077,-0.9291844783048641,-1.111641331134325,0.12096376496262148,-0.4195053440541081,False,True
-0.7619565038077165,-0.5232095034498154,-1.0691974169199938,-0.9311526777287502,-1.156988551272282,0.3332393921101021,-0.38493721707214185,False,True
1.2932080871215872,-0.5232095034498154,-0.9937889770420077,-0.9130225330356453,-1.1045145419210143,0.071423733029326,-0.3668025420747563,False,True
1.193837973094726,-0.5232095034498154,-1.1446058567979798,-0.9369437260336458,-1.148931371822247,-0.12953052733695566,-0.4306690745205293,False,True
-0.4328409332049696,-0.5141880004053625,-0.202000358323155,-0.7249080880988364,1.1053855639567336,-0.5079997151387211,-0.4434511349654394,True,False
-0.5784449922366109,-0.39289890391882876,0.21274606100576787,-0.0803227767761295,-0.5932651068408447,0.06146020608062688,0.05635014703000729,False,True
0.07764974629686112,-0.5141880004053625,1.3061684392365644,1.2835637239991156,1.42772856537234,-0.35453363984773517,-0.15509516635058626,True,False
1.6986863583601912,-0.5232095034498154,-1.0314931969810008,-0.9108272336782338,-1.1895522095576432,2.0604297635810447,0.053589070088229676,False,True
1.1203785889105908,-0.39289890391882876,1.5323937588705225,2.538972156527098,0.4122448375969038,-0.13269882027945537,0.34505002888516284,True,False
0.5249248185291229,-0.5335675254638169,-0.8429720972860358,-0.6518197594926035,-1.0145271982250108,-0.02575535507176515,0.08544257752519112,True,False
-1.605397322810795,-0.5232095034498154,-1.1069016368589868,-0.9218794304431328,-1.1906686778417126,1.243716261129019,-0.10024236400259175,False,True
-0.3813481508536743,-0.20912754560589883,-0.4282256779571129,-0.41408397908051175,-0.5943443595154452,-0.24515209778524513,-0.15004177849198136,True,False
-0.40714932158501477,-0.5232095034498154,-1.1823100767369727,-0.9337643269642913,-1.1168329086552482,-0.4135000976404298,-0.4343580535340267,False,True
-1.018543942673107,2.1588499386918003,0.32585872082274686,-0.3460296990007568,-0.6916817860815733,0.2586306194470088,-0.03844956782649216,True,False
-0.20901166864391363,-0.5335675254638169,-0.5413383377740919,-0.5016310034545236,-0.336291323457509,-0.40057346243503095,-0.28541736331719014,True,False
-1.3338550652412515,-0.5232095034498154,-1.1069016368589868,-0.9350512265876015,-1.0437786672676324,-0.38036880572743276,-0.4568201539421172,False,True
0.4612161952583182,2.1588499386918003,1.6832106386264944,2.5383665567043643,1.7334547971600442,-0.3464107402275359,-0.024826423990287644,True,False
1.1543966929958613,-0.5141880004053625,0.02422496131080293,-0.10371406992923772,1.1246074262474637,-0.48030581739942363,-0.34144998295131557,True,False
0.43689407253068513,2.1588499386918003,2.0602528380164244,0.7666842752954816,0.4832336126589909,-0.06145749040096187,-0.09158942507270022,True,False
1.5795408247282048,-0.39289890391882876,-0.05118347856718305,-0.1108298678463645,-0.21087471954703252,-0.28547692338864145,-0.15973971501347323,False,True
-0.044015646896997225,2.1588499386918003,1.3061684392365644,1.775159380103597,1.9789289572174642,-0.40441765787193057,-0.15188480273760732,True,False
-1.5473309937763555,2.1588499386918003,1.4192810990535434,0.40101553233079146,-0.4809483974634504,0.4434235683846919,0.2270074253326967,True,False
0.7127091354442722,-0.39289890391882876,0.6274924803346907,-0.18266914681820817,0.5748584431716298,-0.3297425019281374,-0.31586304473321025,True,False
0.7061903683168209,-0.5141880004053625,1.3061684392365644,-0.07282847896979387,1.7398372741839754,-0.38506391412603236,-0.3662870444062991,True,False
0.12454104596995556,-0.5232095034498154,-1.1823100767369727,-0.9377764257899054,-1.1010907058498678,-0.4454425253445268,-0.45433501622866634,False,True
0.052725048456606485,-0.5141880004053625,0.9291262398466347,1.9480581294942092,1.4021428338624131,-0.39462310654683147,-0.054090266529964785,True,False
-0.16524280364531263,-0.39289890391882876,-0.9560847571030148,-0.8024248654088132,-0.903438603960093,-0.35469658062763515,-0.3030402155523567,False,True
-0.5139146756304133,-0.39289890391882876,0.7783093600906626,0.10521786891405895,-0.6663937794473985,0.4628678347860902,0.2583323339429273,False,True
-0.8397434728915881,-0.39289890391882876,0.4012671607007328,1.2263345407507342,0.09511202150695519,-0.2662378416730432,0.1587491213567554,True,False
0.055518805796942725,-0.5232095034498154,-0.9937889770420077,-0.9275947787701868,-1.114786050134454,0.14502468679451927,-0.4114565706796497,False,True
-1.6679007958563565,2.1588499386918003,1.2684642192975715,2.44775368322776,-1.1118274091816698,6.686541794158521,12.25415482442297,True,False
0.8833474514275539,2.1588499386918003,1.4192810990535434,2.3224702198996243,-1.064303075889777,4.665991635586906,7.902893172623534,True,False
-1.4757341144857778,-0.39289890391882876,-0.315113018140134,-0.5252115465522362,1.6133414175988983,-0.5442570560883179,-0.4228228676195688,True,False
-0.8503159271403116,-0.39289890391882876,-0.39052145801811994,-0.5527284884977212,0.35474672096732307,-0.4789479775669238,-0.3836749063683648,False,True
-1.2709681353058397,-0.5141880004053625,1.4192810990535434,1.2905281219605589,1.561537289218072,-0.356325988426635,-0.16979172757567476,True,False
-0.14311186314539423,-0.39289890391882876,0.8537177999686487,1.153056962199897,-0.685094623205563,0.5443865034856827,1.0469144005801174,True,False
-0.5215838134274147,2.1588499386918003,0.32585872082274686,-0.14095845902739063,-0.2785140897569112,-0.1396207860033548,-0.1489889766218879,True,False
-1.1735153057282288,-0.39289890391882876,-0.6544509975910708,-0.34883059818090245,-0.37894041190896494,-0.42849668423492837,-0.20503693840188633,False,True
0.10005458457524387,-0.5141880004053625,1.0045346797246206,0.5921201263923503,0.6844398052530538,-0.28871763445554116,-0.16816394783828753,True,False
0.4198028511545105,-0.5232095034498154,-1.0314931969810008,-0.9092375341435566,-1.1756707872257122,1.0931046669081326,-0.12153453567822431,False,True
-1.4432498379599075,-0.5325651362366555,-0.5036341178350989,-0.5297535452227427,-0.22896150574895882,-0.41564246715392955,-0.31760761440126,True,False
-1.4708039544734197,-0.5232095034498154,-0.9937889770420077,-0.9087833342765059,-1.0270316430065893,-0.22415687655294705,-0.4049115861762381,False,True
-0.32344616048631347,-0.5141880004053625,-0.8806763172250288,-0.809843463237307,-0.6532194536953781,-0.443451026923527,-0.3870514791735084,True,False
0.4163517391458599,-0.5141880004053625,1.6078021987485085,0.12187186403924927,-1.1192333154659977,8.317138457367273,3.8363476789470843,True,False
1.6033151518989093,-0.39289890391882876,0.7783093600906626,0.08477887489677993,-1.0529337071970024,3.1105710203490484,1.9766004943195334,False,True
1.3401541663503747,-0.5232095034498154,-0.9560847571030148,-0.9150664324373732,-1.0330233561310957,-0.1483954487431539,-0.41576655399805984,False,True
1.5977276372182367,-0.5232095034498154,-1.0691974169199938,-0.9245289296675949,-1.193069084652462,1.9809086281461517,-0.10522233209264205,False,True
-1.3746110546767447,-0.5232095034498154,-1.1823100767369727,-0.9321746274296141,-1.1925108505104274,0.3794421554772978,-0.24894273572406306,False,True
-0.8474673902442824,-0.5232095034498154,-1.1823100767369727,-0.9380035257234307,-1.1286488646616506,-0.3818594121213326,-0.44709822474919364,False,True
1.2319645438569615,2.1588499386918003,1.9848443981384383,1.7466204884572483,1.3580609444464014,-0.268132782594843,-0.07695684169288908,True,False
-0.7339641508486613,-0.39289890391882876,0.21274606100576787,0.16471805149769345,0.06634435538743055,-0.30160202575503997,-0.14619234163211656,False,True
1.394112028707849,-0.5232095034498154,-1.1069016368589868,-0.928843828404576,-1.0517241998892604,-0.36753269317753395,-0.4409939234051507,False,True
0.8427558006591391,-0.5141880004053625,2.1356612778944104,2.1375351740321697,1.7471873570540999,-0.3022899979368399,-0.0790737365629039,True,False
-1.681650464335266,-0.5232095034498154,-0.9937889770420077,-0.912757583113199,-1.0709460621799907,-0.09580782074135875,-0.3925813746505889,False,True
1.0296636446832026,2.1588499386918003,-0.4282256779571129,-0.2517075266099062,-0.010003467438190498,-0.4384240021214275,-0.2582139835052513,True,False
-1.2903053184654218,-0.39289890391882876,-0.35281723807912696,-0.1268782631488206,0.003654661236926586,-0.42228683006762896,-0.2212278073966395,False,True
1.0219397273305082,-0.39289890391882876,-0.6167467776520779,-0.0754022782164142,1.4638463143619886,-0.5722587308563152,-0.35493395048772625,True,False
-0.7083820983400922,-0.5232095034498154,-1.1446058567979798,-0.9207060807865853,-1.0964945780804483,-0.3579916052878348,-0.39960328989600874,False,True
-0.23415548470693975,-0.39289890391882876,1.3061684392365644,1.407106087836891,2.005277608721505,-0.4063729472307304,-0.19860401894968813,True,False
0.554177101269114,-0.39289890391882876,1.1553515594805925,2.334582216354308,0.7364486194859593,-0.2751513058179424,0.16757806400503286,True,False
-0.49764514758963163,-0.5325651362366555,-0.6921552175300638,-0.7137044913782539,-0.46784850293036795,-0.41792967291622934,-0.3605407917628011,True,False
0.5866613777949844,-0.5141880004053625,-0.7675636574080498,-0.6058320229537257,0.7952120668374851,-0.5708948561801154,-0.4149773894313592,True,False
0.9101894337170588,-0.5232095034498154,-1.0691974169199938,-0.9239611798337816,-0.9918628920583994,-0.3913160121992318,-0.4430496299109559,False,True
-0.647357673298238,2.1588499386918003,-0.39052145801811994,-0.6032203737181845,2.0436469020840273,-0.564262562953816,-0.4396048793676913,True,False
-0.9746107390074275,-0.39289890391882876,1.9471401781994453,2.6997967594519476,-0.9702406229569196,3.2645983361041346,5.269137815937486,True,False
0.8351962219735235,-0.39289890391882876,-0.9183805371640218,-0.6377395636140335,-0.4104806409339289,-0.5178304755260202,-0.3326720972093245,False,True
0.8074229872372397,-0.39289890391882876,0.6274924803346907,1.005820505297646,0.42960591941418474,-0.30201842997033995,-0.022886198866441745,False,True
-1.5663942791574732,-0.5232095034498154,-1.1069016368589868,-0.9173374317726264,-1.1965859597472812,1.8681837826738619,0.12326818370907117,False,True
1.7290890117697326,2.1588499386918003,-0.202000358323155,0.20983523829139084,1.597189843089359,-0.531704581192319,-0.3217885058640737,True,False
0.6819778047005736,2.1588499386918003,1.4946895389315296,0.875502993443032,2.075335993546868,-0.39435757342403155,-0.26684550768301274,True,False
-1.6910177683587464,-0.5232095034498154,-1.1823100767369727,-0.9327045272745065,-1.0332652575926442,-0.5195866150427201,-0.45317916810710407,False,True
1.120323809354898,2.1588499386918003,1.2684642192975715,0.07410517802108978,0.04261940435095308,-0.0450246110058634,-0.16765873834017317,True,False
0.6327309841326858,-0.5141880004053625,1.9848443981384383,1.6945389037021075,1.5365470074596492,-0.2924894117680408,-0.11040102720191151,True,False
0.5082170540427984,-0.5141880004053625,-0.4282256779571129,-0.587285528382491,1.4885574790493945,-0.5521385619605171,-0.429027010446101,True,False
1.194714445985812,-0.20912754560589883,0.06192918124979592,-0.6313807654753245,0.5358937000576034,-0.4189918054074292,-0.41095890688453623,True,False
1.0651060172164877,-0.49982042148271527,-0.5790425577130849,-0.7566263788145399,0.21414614839350107,-0.5020493592505216,-0.42916870198022844,True,False
0.24193363381977026,-0.39289890391882876,1.9471401781994453,3.488022778729421,1.8299176569036517,-0.3300080350509374,0.08091137895535774,True,False
0.6728843984555576,-0.39289890391882876,0.5143798205177118,0.3657393426565247,-0.5605898017270766,0.16363614476531751,0.2923433717802903,False,True
-1.2740905699803333,2.1588499386918003,-0.9937889770420077,-0.6512520096587903,-0.07511217620417825,-0.5745459366186151,-0.380622704764807,True,False
1.1143528377843754,-0.5325651362366555,-0.126591918445169,0.02550579224667076,-0.5025520587601958,-0.17032003590525197,0.04527433223094827,True,False
0.30805255754106114,2.1588499386918003,-0.4282256779571129,0.06138758174367171,0.32307623730921764,-0.48285855628452345,-0.22782924754919048,True,False
0.6642292286560846,-0.5141880004053625,1.4946895389315296,0.48867610667156597,0.004808345130465215,0.028793597132529877,-0.026995394397315742,True,False
-1.2863611904555354,-0.5141880004053625,1.1930557794195855,1.3353046588539683,0.7563403627471312,-0.27317187708434254,-0.03427941116441693,True,False
1.13851062184493,-0.5232095034498154,-1.0691974169199938,-0.9118491833790977,-1.0583113627652705,-0.2839923518384416,-0.3974268129640847,False,True
1.0045198286201764,-0.39289890391882876,-0.7675636574080498,-0.8218419097252283,0.6237597540138751,-0.5641237615487159,-0.4541739707107256,False,True
0.5511094461503135,-0.39289890391882876,0.6274924803346907,1.2064254465783477,1.749811057521663,-0.45412063058512603,-0.2004282612118322,True,False
-0.5904417149333488,2.1588499386918003,-1.0314931969810008,-0.829298357542643,-0.3497819818900159,-0.5656143679426159,-0.428356626057791,True,False
1.3459607992538185,-0.5232095034498154,-1.0691974169199938,-0.9292601782827058,-1.02591517472252,-0.34577104679533593,-0.4471926048038618,False,True
1.3816222900098751,-0.5232095034498154,-1.1069016368589868,-0.9299036280943609,-1.0889398093582445,-0.2857303868240414,-0.4326686152951713,False,True
0.3109558739927831,2.1588499386918003,0.7029009202126767,-0.10295707015081998,0.011507154834882287,-0.16723019593085225,-0.21536573643948012,True,False
-0.9644217416485542,-0.5232095034498154,-1.0691974169199938,-0.9118491833790977,-1.1928271831909139,1.9502817963686543,0.11604551201859901,False,True
-0.20873777086544928,2.1588499386918003,-0.16429613838416202,-0.493114755947324,0.8066744745539323,-0.48241197785072343,-0.3938635721604056,True,False
-0.2466452234049135,-0.5141880004053625,-0.39052145801811994,-0.504848252512799,0.8416013240405739,-0.5179209981815203,-0.397525941405065,True,False
0.26669399299294627,2.1588499386918003,1.3438726591755574,2.2748170838482276,-0.6385378957598639,0.7018295407749683,1.6737725803905188,True,False
-0.15039754405254557,-0.39289890391882876,-0.35281723807912696,-0.25132902672069735,-0.7901542887365054,-0.008362935528366752,0.1500210388216942,False,True
1.1684750388089284,-0.39289890391882876,1.7209148585654874,1.8235316659444907,-1.087786125464706,6.359151523433551,7.939380274525257,True,False
0.9902223645843381,2.1588499386918003,1.3815768791145504,-0.05776418337928081,-0.23279471352426417,0.1572030013811181,-0.13176332768528845,True,False
0.43163523518416985,2.1588499386918003,-0.5413383377740919,-0.44841391903175637,0.33167304309655316,-0.5055374989091214,-0.3562465267000709,True,False
-0.41355852960108025,-0.5232095034498154,-1.0314931969810008,-0.90810203447593,-1.0684898319550378,-0.1819733190899509,-0.38177151649873187,False,True
-1.4874569394040515,2.1588499386918003,0.02422496131080293,0.31581520726987466,1.5033506838133155,-0.5030571781484215,-0.30130268227194434,True,False
-0.8155309092753408,-0.5141880004053625,0.5520840404567048,1.4491952755169175,-0.9274612798723224,1.2345070896428196,2.7338111322647523,True,False
0.7697894324762399,-0.39289890391882876,0.5520840404567048,-0.35670339587644695,-0.021447267349903064,-0.19172562650915,-0.2899875049232793,False,True
-0.22593855135300964,-0.3922306444340545,-0.9183805371640218,-0.6609037568336165,-0.18456328365246072,-0.5454036763913177,-0.3736645401316562,True,False
-0.35954588768791307,-0.5325651362366555,-0.8052678773470429,-0.641940912384252,0.5167090533763421,-0.5656988557544159,-0.4125426269251696,True,False
-0.5262948552170013,-0.39289890391882876,0.8160135800296556,0.6804998505226216,0.19384503342817008,-0.2049781432743488,-0.035336279721797474,False,True
0.7010410900816914,2.1588499386918003,0.4389713806397258,1.0832237326408602,-0.5615387997685356,0.13041433019682055,0.7167739723101962,True,False
0.1113939526036674,-0.5232095034498154,-0.9560847571030148,-0.8953844381985119,-1.1854026691018515,2.446925293503809,0.1820310471164296,False,True
-0.07414440252807426,-0.5232095034498154,-1.0691974169199938,-0.9213116806093196,-1.0670756387952163,-0.2625746915471435,-0.41723643030151814,False,True
-1.6190922117340116,-0.5232095034498154,-1.1823100767369727,-0.9406530249478928,-1.176005727710933,-0.059695316040562066,-0.4330556009439844,False,True
-0.05535501492542076,-0.5232095034498154,-1.1823100767369727,-0.9305092279170951,-1.1351057729045193,-0.36052623964183456,-0.4080340027793711,False,True
-0.8076426532555678,-0.5232095034498154,-1.1446058567979798,-0.9304713779281742,-1.1503641727868028,-0.11797380165145674,-0.3906621411553404,False,True
-0.5385654756922035,-0.5232095034498154,-1.0691974169199938,-0.9144986826035598,-1.0763423255529934,-0.2370533375398459,-0.3940276814061483,False,True
-0.8632986818395211,-0.34478422101507983,-0.5413383377740919,-0.469988412716662,-0.31197092266952786,-0.4071273026932303,-0.2771571927243927,True,False
1.173624317044058,-0.5335675254638169,-0.6921552175300638,-0.4474298193198133,0.9781453951822768,-0.5667127094960158,-0.39257726094957596,True,False
1.1085462048809316,-0.5232095034498154,-0.9937889770420077,-0.8968605877664265,-1.0357773112318007,-0.2036504776603489,-0.37553590581835605,False,True
-0.41322985226692305,-0.5325651362366555,-1.0314931969810008,-0.8068154641236361,0.4129519341768145,-0.6021372420150125,-0.4472647395305763,True,False
1.4482890092880947,-0.39289890391882876,-0.9183805371640218,-0.5454234406359899,1.6696300269207365,-0.6084919324311119,-0.42663948889878184,True,False
0.93199169688282,-0.5141880004053625,1.6455064186875015,0.7654352256610922,1.7003142969279144,-0.34688749287983583,-0.2539604088222548,True,False
0.8438513917729965,-0.39289890391882876,-0.4659298978961059,-0.4374374222446991,-1.0870045976658576,1.2066683556547222,1.0550161270811382,False,True
1.6090122256909674,-0.5232095034498154,-0.9937889770420077,-0.9238854798559398,-0.9971661164077297,-0.28178359904424183,-0.44200963144553895,False,True
0.5278281349808449,-0.49982042148271527,-0.9937889770420077,-0.839366454595599,0.6757313526373113,-0.6019501618603126,-0.45845702299983776,True,False
0.2007941874944269,-0.20912754560589883,-0.05118347856718305,-0.46571136396860174,0.46849623130927315,-0.4300174648473282,-0.3702717946048161,True,False
0.7230624714702241,-0.5335675254638169,-0.4659298978961059,-0.39054128597172,-0.6814847090870716,-0.20107963424414918,-0.07906668450402457,True,False
-0.5700637202156023,-0.49982042148271527,-0.16429613838416202,-0.5293371953446129,0.5171742484947043,-0.4554724355739259,-0.38751171220721464,True,False
-1.1998094924608051,-0.39289890391882876,-0.5790425577130849,-0.6687387045402401,-1.1001789234178776,1.1249565719567296,0.452205381857382,False,True
0.7119970012202649,-0.5232095034498154,-0.9937889770420077,-0.9034843358275817,-1.1790574076873896,1.5760007900946886,-0.024724498232618564,False,True
1.1077245115455385,-0.5232095034498154,-0.9937889770420077,-0.9159369821825536,-1.0756538367778172,-0.07726274605126046,-0.3984424034701583,False,True
-1.5016448443285042,-0.5232095034498154,-1.0691974169199938,-0.9269891789474526,-0.9966637056798984,-0.38575188630783225,-0.44758848388248385,False,True
1.0989050030789869,-0.5232095034498154,-0.9560847571030148,-0.9190028312851454,-1.044634626285419,-0.114588254335757,-0.420304969174813,False,True
0.580197390223226,-0.5232095034498154,-0.9560847571030148,-0.8950816382871448,-1.0098008158224498,-0.20457984359014886,-0.3854453257500178,False,True
-1.1516034834510818,2.1588499386918003,1.4192810990535434,2.596579839664688,0.8722855940477512,-0.2614582454626436,0.17378667313552185,True,False
-0.741523729534277,2.1588499386918003,-0.27740879820114095,-0.33717280159326923,1.1655073810538774,-0.52085996706342,-0.3816186435334702,True,False
-0.7276645019439816,-0.5232095034498154,-1.1069016368589868,-0.9258158292909051,-1.160356563929225,0.18647199332611547,-0.34103470287515447,False,True
1.3095871742737546,-0.39289890391882876,0.02422496131080293,-0.34436429948823777,0.40588096837770743,-0.40790579753053025,-0.3371806508345343,False,True
1.44686474084008,-0.39289890391882876,0.02422496131080293,-0.5657110346975854,1.3854144174061047,-0.4966843832012221,-0.4238063555864996,True,False
0.24144061781853446,-0.5232095034498154,-0.9560847571030148,-0.9247560296011202,-1.1910966573506059,3.20145576647104,-0.14057729646187875,False,True
-1.1825539324175518,-0.39289890391882876,0.5897882603956978,1.0984772781759777,-0.12751175433650794,-0.13730944086625493,0.24427298892255314,True,False
-1.3483168679441684,-0.39289890391882876,-1.0314931969810008,-0.7566263788145399,-0.5579661012595132,-0.5409077178348182,-0.3693207696155931,True,False
-1.156478863907747,-0.5232095034498154,-1.1823100767369727,-0.9327802272523483,-1.158384136627369,-0.2431364599894453,-0.3937558637144555,False,True
1.4334985292510205,2.1588499386918003,-0.6167467776520779,-0.8044309148216202,0.7424031170009967,-0.5459830213865177,-0.4523157218535413,True,False
-1.5238305643841155,-0.5232095034498154,-1.1446058567979798,-0.9270648789252943,-1.019532697698589,-0.47071041591642454,-0.4439273918440437,False,True
-1.121036491374462,-0.39289890391882876,-0.9183805371640218,-0.6629476562353444,0.03232928833277898,-0.5624762492186162,-0.39280443910856266,False,True
-0.36392825214334246,-0.5141880004053625,0.02422496131080293,0.3737256903188319,-1.0226215932845149,1.3465318932459098,2.168440519850911,True,False
0.7439334821892065,2.1588499386918003,1.6455064186875015,2.9279564926670547,-1.1164607525605583,8.178475853672385,14.742937488533048,True,False
0.7947141303164945,-0.39289890391882876,-0.5413383377740919,-0.4556054169267249,-0.8880127338351992,0.010013163538131517,0.09782044529762259,False,True
-1.6276926019777918,-0.39289890391882876,2.0979570579554174,0.2404180293394676,1.5131383891036585,-0.2771246997078422,-0.3125919628932804,True,False
-1.5573008729124573,2.1588499386918003,-0.39052145801811994,-0.24890662742976055,2.054588291267909,-0.5645280960766159,-0.39798900309794394,True,False
-0.8976454632589489,-0.5141880004053625,1.6078021987485085,-0.07661347786188258,-0.41202508872689175,0.4200144096723941,-0.0630196148254417,True,False
-1.391921394275691,2.1588499386918003,0.4012671607007328,1.1064257758493639,-1.076398148967197,2.9349872428975643,5.244236377020557,True,False
-0.002711861904575254,-0.5232095034498154,-1.1069016368589868,-0.9345970267205509,-1.1853654534923825,0.8998870761652502,-0.33777276520490473,False,True
1.2258840131750532,-0.5141880004053625,-0.05118347856718305,0.7285314864632274,-0.30270423591175094,-0.24941269743744474,0.2271524313344974,True,False
-1.5445920159917121,-0.5232095034498154,-1.1823100767369727,-0.9311148277398292,-1.1825742827822086,0.06071188546182697,-0.3081487896895028,False,True
-1.3776239302398525,-0.39289890391882876,0.47667560057871877,0.4196755768687888,-0.15350685755059346,-0.1566571497684532,0.015558076607299923,False,True
-1.6390319700062155,-0.5232095034498154,-1.0691974169199938,-0.9175266817172308,-1.179485387196283,0.9616295620599445,-0.17368646999602866,False,True
-1.4171747694501027,-0.39289890391882876,1.9848443981384383,0.7668356752511651,1.027586332361822,-0.21279930070954808,-0.1858804044016456,True,False
1.3696255673131372,-0.3922306444340545,0.1373376211277819,-0.4579899662287408,-1.0444299404333395,1.800068501831968,0.6240682331323537,True,False
-0.37849961395764514,-0.3922306444340545,-0.239704578262148,-0.524303146818135,-0.4730959038654948,-0.2345730167791461,-0.26128361152986207,True,False
1.500603484974783,2.1588499386918003,1.0045346797246206,0.8828080413047631,-0.035998570652276,-0.07180724734646092,0.11752294969630017,True,False
-1.5765832765163466,-0.39289890391882876,-0.6167467776520779,-0.3707457417660961,-0.03036040581772482,-0.48231542035152347,-0.2931262587961493,False,True
-0.23037569536413188,-0.39289890391882876,-0.35281723807912696,-0.5928873267427823,0.31300941494785745,-0.46709554454012486,-0.3911683849554238,False,True
1.6209541688320126,-0.5232095034498154,-1.1446058567979798,-0.9310391277619875,-1.135961731922306,-0.21442870850854792,-0.4098542567104378,False,True
-1.0439068769589046,-0.39289890391882876,-1.1069016368589868,-0.7788064723221797,-0.17194719204247508,-0.6004474857790126,-0.41851814983845526,True,False
-0.5955362136127855,-0.5141880004053625,2.0602528380164244,0.2670644215397721,-0.5236533093291098,0.7869630808508606,0.19602226141240867,True,False
-1.5064654452294763,-0.39289890391882876,0.6651967002736837,0.4908335560400565,1.0835586090031744,-0.3943213643618315,-0.23931115907662553,True,False
-1.1637645448148983,2.1588499386918003,-0.5790425577130849,-0.18774104533360705,-0.5245836995658344,-0.3505446081620355,-0.05703104560322936,True,False
0.3451930963008252,-0.39289890391882876,2.0225486180774315,2.097338485798188,0.28152500933709684,0.00952434119843163,0.303430892997089,True,False
1.248727087898979,-0.5232095034498154,-1.0691974169199938,-0.9158234322157909,-1.1495826449879543,0.22187238647031218,-0.30476704537451443,False,True
-1.5470023164421982,-0.39289890391882876,0.8160135800296556,1.023988499979672,-0.9839731828509748,2.0360067511271467,2.8111847081507135,False,True
0.3233360535793711,-0.34478422101507983,0.1750418410667749,-0.05072408543999582,-0.8159260982937768,0.42715966461319355,0.3846396605839786,True,False
-1.2053970071414777,-0.5232095034498154,-1.1069016368589868,-0.9233934299999683,-1.1750009062552704,0.4945869732732874,-0.2657841258079494,False,True
1.7075058668267429,-0.5141880004053625,1.6078021987485085,2.7453302961237744,-1.0243521191248226,3.845566704259381,6.998089939543712,True,False
0.0003557932142253168,-0.39289890391882876,-0.4282256779571129,-0.7246809881653111,0.1760001486877923,-0.46586443642532493,-0.41892262459328905,False,True
0.5329774132159744,-0.5232095034498154,-1.0691974169199938,-0.9116599334344934,-1.0357400956223317,-0.3293864461498375,-0.4074511187705115,False,True
1.2769933386364984,-0.39289890391882876,-0.6544509975910708,-0.10659066908722514,0.3605523560444846,-0.5294596193359191,-0.2749142618909625,True,False
-0.18808587836923832,2.1588499386918003,-0.5790425577130849,-0.37782368969430197,-0.33035543374720616,-0.4149122510662296,-0.23278194767824073,True,False
-0.41728353938819523,-0.5232095034498154,-1.0691974169199938,-0.9101459338776579,-1.114302247211357,-0.08298981272255988,-0.34468287397460357,False,True
0.8153112432570127,-0.39289890391882876,-0.08888769850617603,-0.3093909097253381,2.0147117657218923,-0.5357358567839186,-0.4041910224711914,True,False
-0.2993979355371447,-0.39289890391882876,-0.6167467776520779,-0.4672632135143581,-0.934067050553067,0.037284622218429035,0.17674063955889083,True,False
0.31736508200884855,2.1588499386918003,1.0045346797246206,1.29612992032085,1.5148503071392319,-0.3966749534048313,-0.1636946350029307,True,False
0.4967681269029891,-0.5325651362366555,-0.8052678773470429,-0.6446661115865558,0.5858928713791837,-0.5686861033859156,-0.4157203316699164,True,False
-0.9832111292512077,-0.5232095034498154,-1.0691974169199938,-0.9220686803877373,-1.0908750210506317,-0.18926341027955024,-0.4075064931039561,False,True
1.330458184992737,2.1588499386918003,1.1930557794195855,0.1470042566827183,1.4956470526532357,-0.37420119546603337,-0.3247885222319246,True,False
1.5663937313619167,-0.5141880004053625,-0.9937889770420077,-0.650987059736344,-0.4687602853623581,-0.5381256548891183,-0.32799709148769984,True,False
1.706245937045807,-0.39289890391882876,0.5520840404567048,0.9713770153796388,1.711888351472768,-0.45934077038562554,-0.22774427807531566,True,False
-1.1228442167123265,-0.39289890391882876,0.8160135800296556,0.4556709163325524,0.41040266492818905,-0.2634316393525435,-0.1479092907362223,True,False
-0.684552991613695,2.1588499386918003,2.0979570579554174,2.251501490672961,0.41204015174482417,-0.02907451910676483,0.27706822046663765,True,False
0.06954237205431676,-0.3922306444340545,-0.9560847571030148,-0.68281890041881,-0.7949737101627389,-0.42938380625882827,-0.23898323833873725,True,False
-0.8134492861590118,2.1588499386918003,0.7029009202126767,-0.4159007785487144,1.8975198115040612,-0.4558948746329259,-0.4145183003983156,True,False
0.7203782732412736,-0.5232095034498154,-1.1823100767369727,-0.9308120278284622,-1.1868912934806108,0.1709262359549169,-0.2770160418481126,False,True
-0.932266142456841,-0.5141880004053625,1.9848443981384383,3.2016497625539895,1.4377395643194963,-0.27941190547014205,0.12226629770408641,True,False
0.3293618047055865,-0.5141880004053625,1.1930557794195855,0.5406441414599439,0.696776779792022,-0.2616272210862436,-0.18055186871243256,True,False
1.1522055107681468,-0.5232095034498154,-0.9937889770420077,-0.8918265392399485,-1.1830580857053055,1.8597350014938627,0.17649286155235544,False,True
-1.6324584233230712,-0.5141880004053625,-0.6921552175300638,-0.5995867747817794,0.16183960928484378,-0.5211496395610199,-0.3832812290992374,True,False
0.8511370726801479,-0.39289890391882876,1.3815768791145504,2.0512371992925473,0.18195464620282978,-0.08062415399216015,0.34657750483842326,True,False
0.706573825206671,-0.39289890391882876,-0.35281723807912696,-0.22498543443175992,-0.2219835789735242,-0.3719864078281336,-0.20046115514869373,False,True
-1.131773284290264,2.1588499386918003,1.3438726591755574,0.8775847428336807,0.3147957642023688,-0.13686286243245505,-0.02086939621878739,True,False
1.449877616403188,-0.5232095034498154,-1.1446058567979798,-0.9331965771304781,-1.0367263092732597,-0.45400596855482606,-0.45372380644997484,False,True
1.0235283344456014,-0.39289890391882876,1.7209148585654874,2.813271026236767,1.2478097013945357,-0.28325006606334163,0.10796570958507162,True,False
1.3316085556622872,2.1588499386918003,-0.7298594374690568,-0.4700262627055829,0.27413771085750355,-0.5379265050470184,-0.3570547866750925,True,False
0.31270881977495485,-0.39289890391882876,0.7406051401516697,1.4739491682711776,-1.017523054787264,2.3785505143828156,4.25213169523571,True,False
1.4291161647955912,-0.5141880004053625,-0.9560847571030148,-0.5365665432285024,-0.4799807916172569,-0.52122809252912,-0.26566415461517023,True,False
-0.9866074617041655,-0.39289890391882876,1.4946895389315296,2.754376443475867,0.2542087519868625,-0.08537961082775967,0.4903308024067058,True,False
-0.2616548216647591,-0.5141880004053625,1.8340275183824664,1.7828050778656162,0.9579745348500871,-0.21967298768384746,0.003694938612469891,True,False
0.7508357062065077,-0.39289890391882876,1.7209148585654874,3.010620868470272,-0.3179998514035033,0.3460392955978009,1.2198206118019053,True,False
-1.4477417615267227,2.1588499386918003,0.1750418410667749,0.3836423874161043,-0.41487208285126903,-0.1098690065623575,0.1601943938103459,True,False
-0.7622304015861808,-0.5232095034498154,-1.1069016368589868,-0.9167318319498922,-1.1551463786035672,0.11372798736632206,-0.2942246091309822,False,True
-1.286525529122614,-0.39289890391882876,0.1750418410667749,0.29734441267648176,-1.1258018705372734,4.169136918922251,4.918871281763249,True,False
-1.133854907406593,-0.20912754560589883,-0.239704578262148,-0.14720370719933698,0.09187426348315368,-0.4114422159387299,-0.24469810932022226,True,False
-1.1741178808408503,2.1588499386918003,0.28815450088375383,-0.6272172666940269,-0.41038760191025647,-0.070938229853661,-0.32764640827087327,True,False
1.446919520395773,2.1588499386918003,-1.0691974169199938,-0.708973242763143,1.254471295489484,-0.6207969787354108,-0.44317520357273366,True,False
0.3758696474888309,-0.5232095034498154,-1.0691974169199938,-0.9339914268978167,-1.019718775745934,-0.35523368171693503,-0.45759550430903534,False,True
0.6726105006770933,-0.39289890391882876,0.6274924803346907,0.5591906360311786,-0.5452569706258551,0.19548804981391465,0.3860057854300801,True,False
-0.6735423009194287,2.1588499386918003,0.7029009202126767,0.3024920111697224,0.9382688696362603,-0.37228211516943355,-0.2567646365287528,True,False
1.373405356655945,-0.39289890391882876,0.4012671607007328,1.0198250011983743,-0.451696928420829,0.004237818117232104,0.5124002128339119,True,False
1.5768018469435614,-0.5232095034498154,-1.0691974169199938,-0.9285031785042881,-1.1178563379156452,-0.062392891174461854,-0.4129001506391091,False,True
-1.1644766790389056,-0.5335675254638169,-0.35281723807912696,-0.13687066022393482,-0.2850640370234524,-0.3535559951683352,-0.14496121669982803,True,False
0.7236650465828456,-0.39289890391882876,1.8717317383214593,2.5857547428333145,-0.06538029432803893,0.16758896738881715,0.7036986167364953,True,False
-1.1065746886715448,-0.39289890391882876,-1.0314931969810008,-0.7266491875891973,-0.5035196646063893,-0.5487650843322175,-0.3615571188172465,True,False
-1.5749946694012535,2.1588499386918003,-0.5790425577130849,-0.0923590732529716,0.3869196153532599,-0.5173114789678203,-0.2748698887693697,True,False
1.6111486283629892,-0.39289890391882876,-0.239704578262148,-0.13902810959242537,-0.33493295371189113,-0.2988078931219402,-0.12690541506319722,False,True
0.44363195788090776,-0.5325651362366555,-0.6544509975910708,-0.7388368840217229,0.29936989407747483,-0.5248489987491196,-0.4275063593187116,True,False
-1.4508094166455232,-0.5232095034498154,-0.9560847571030148,-0.9120384333237022,-1.1463821025736216,0.6759883400515708,-0.29159588366312744,False,True
-0.36447604770027114,2.1588499386918003,1.2307599993585785,0.2237640342142773,1.9336375604937102,-0.4081109822163303,-0.3369987077154479,True,False
-0.1681461200970346,-0.39289890391882876,0.7029009202126767,-0.3056816108110912,0.022913739137125952,-0.17162959698815183,-0.28091948964337204,False,True
-0.020186540170599933,-0.39289890391882876,1.2307599993585785,1.4003687898089732,1.4948097014401835,-0.3699768048760337,-0.14653432730965857,True,False
-0.07529477319762447,-0.5141880004053625,1.7209148585654874,2.2331820960352515,0.404615637655762,-0.0956147057429588,0.2761857258184797,True,False
0.6502604419544034,-0.5141880004053625,-0.35281723807912696,0.23739003022579663,1.1683729829829892,-0.5304312291716191,-0.28885170815579725,True,False
-0.7541230273436365,-0.5141880004053625,0.02422496131080293,0.33511870161952706,0.1269871910171402,-0.3589209712176348,-0.11235573255332294,True,False
-0.9224606019878178,2.1588499386918003,-0.7298594374690568,-0.5171873489010081,-0.7398201769297041,-0.31230783847883903,-0.13256378338181693,True,False
-0.8202419510649274,-0.49982042148271527,-0.39052145801811994,-0.6232430178573338,-0.11100663153701343,-0.40947485689253016,-0.367609422980486,True,False
-0.276171403923369,-0.5141880004053625,-0.8429720972860358,-0.5772931313073768,-0.31295713632045596,-0.5065151435885212,-0.3227861919762148,True,False
1.3756513184393526,-0.39289890391882876,0.5143798205177118,-0.054092734453954766,-0.04143204963474758,-0.19360849774354985,-0.18737707069322432,False,True
1.6217210826117128,-0.39289890391882876,-0.9183805371640218,-0.7808125217349867,-0.5660977119284862,-0.48766229186972293,-0.3823008440382135,False,True
0.8281844388448365,-0.39289890391882876,0.5897882603956978,-0.4631375647219814,-0.7918662067720786,0.6585114326963725,-0.040505156797982764,True,False
1.58479966207472,-0.49982042148271527,-0.315113018140134,-0.1202166650987445,0.6223083452445848,-0.4906917834071227,-0.30700630130170636,True,False
-0.2962207213069584,2.1588499386918003,1.0045346797246206,1.961532725550045,0.20651694845235924,-0.16937860028805204,0.30797478527290517,True,False
-1.7179693097596371,-0.5141880004053625,-0.4282256779571129,-0.08017137682044596,-0.7148671107807504,-0.14904721186275396,0.18702533872162594,True,False
-0.7614087082507879,-0.20912754560589883,0.1373376211277819,-0.04485733715725832,-1.002432125147591,1.3159473053743123,1.1558589470818503,True,False
0.5777870897727398,-0.39289890391882876,-0.16429613838416202,-0.3482249983581683,-0.939016726612442,0.5387559943135833,0.35503238277687865,False,True
1.3467824925892116,-0.5232095034498154,-1.0314931969810008,-0.8960657379990878,-1.15175975814189,0.43103403426859316,-0.1772923914271696,False,True
1.3268975138727006,-0.39289890391882876,0.4389713806397258,-0.5144242997097834,-0.19410908748125508,-0.14829285640025397,-0.31736995218140596,True,False
1.3917017282573627,-0.5232095034498154,-1.1446058567979798,-0.9330830271637154,-1.1860167266580897,0.5405785171109831,-0.3140107117698636,False,True
0.5326487358818172,-0.39289890391882876,0.1373376211277819,-0.1274838629715548,-0.21275410782521614,-0.22875542745234664,-0.16554043305838254,False,True
1.1677629045849212,2.1588499386918003,1.6455064186875015,0.8149808611585334,1.4941212126650076,-0.3242990729107379,-0.22970160052413344,True,False
0.2244589555537456,-0.39289890391882876,0.09963340118878891,0.2210388350119734,0.3263326031377538,-0.3811654050958327,-0.18844642923044225,True,False
-1.705260452838892,-0.5141880004053625,-0.7675636574080498,-0.30863390994692036,-0.1348804450113668,-0.5083135270111211,-0.252865764736144,True,False
0.5228979749684868,-0.39289890391882876,0.6651967002736837,0.871112394728209,-0.21831784144082936,-0.06861481502916125,0.22237645580096285,True,False
-0.27836258615108367,-0.39289890391882876,2.1356612778944104,0.9452605230242268,0.28651190100594065,0.029789346343029717,0.005151596223340003,True,False
1.2150924407035584,-0.5232095034498154,-1.1069016368589868,-0.9280868286261583,-1.132482072436956,-0.0956569496488588,-0.39895999324941633,False,True
-0.23716836027004745,-0.5232095034498154,-0.9560847571030148,-0.927178428892057,-1.0989135926959324,0.13392057438652022,-0.4194883564278299,False,True
1.2849363742119644,-0.5325651362366555,-0.4659298978961059,-0.5932279766430704,0.5487516931291375,-0.5097920637176209,-0.4031273996085286,True,False
-1.257711482828166,-0.3922306444340545,-0.4282256779571129,-0.7513273803656156,0.5145691558318756,-0.5006553103558218,-0.4368294083901789,True,False
-1.6722831603117858,2.1588499386918003,1.9094359582604523,2.494763369467502,-0.7842183990262024,1.548831923757291,2.5999283742768435,True,False
-0.8992888499297349,-0.5141880004053625,-0.013479258628190058,-0.3920174355396346,-0.10646632718179737,-0.30907919709933934,-0.2876800790935873,True,False
0.7146264198935225,-0.39289890391882876,0.09963340118878891,-0.6264981169045301,-0.9396679997781492,0.8275896486392568,-0.03309159370926843,True,False
-0.8829645423332605,-0.5232095034498154,-1.1823100767369727,-0.934218526831342,-1.0586835188599604,-0.4993698886477219,-0.4525396012160967,False,True
0.9230626293048827,-0.39289890391882876,0.5143798205177118,-0.21241923811002542,0.434071792550463,-0.32338177666833795,-0.3087910833766102,False,True
0.8470286060031829,-0.39289890391882876,-0.05118347856718305,0.3724387906955217,-0.8603987516092129,0.3713373603881986,0.9536104274119213,False,True
-0.16628361520347712,-0.5232095034498154,-1.0314931969810008,-0.9190028312851454,-1.026640879107165,-0.2848311951127415,-0.42602972087435015,False,True
-0.49468705158221676,-0.5232095034498154,-1.1823100767369727,-0.9303578279614115,-1.0971830668556246,-0.4520386095086263,-0.4308240474322128,False,True
0.8513561909029194,2.1588499386918003,0.06192918124979592,0.5277751452268423,0.5578136940348352,-0.42176783350942904,-0.15986491256544405,True,False
0.958450222282475,2.1588499386918003,-1.0314931969810008,-0.6903131982251457,1.3282698490664795,-0.6170372711103111,-0.44141863756896815,True,False
-1.00408213997019,-0.5141880004053625,1.0422388996636136,-0.014880145931915752,1.9361310063281323,-0.42611895581712855,-0.36628966150370545,True,False
0.6305398019049712,-0.34478422101507983,-0.9560847571030148,-0.7403508835785584,-0.3540989925884179,-0.5391214040996183,-0.38827216705865547,True,False
-1.6802261958872515,2.1588499386918003,0.8160135800296556,0.5764123809901822,1.8716177473136486,-0.443402748173927,-0.29010424784021593,True,False
-0.8382644248878807,-0.5232095034498154,-0.9560847571030148,-0.9065880349190945,-1.2023729870197082,6.785639962556212,0.7546353951175622,False,True
0.9337994222206847,-0.5232095034498154,-0.9937889770420077,-0.9294494282273102,-1.1793179169536725,1.5926388541755871,-0.305848807699739,False,True
1.7285959957684969,-0.5232095034498154,-0.9937889770420077,-0.9246803296232785,-1.047890992113955,-0.17165373636295184,-0.4322654020753148,False,True
-0.24626176651506343,-0.39289890391882876,1.1930557794195855,-0.12116291482176667,2.105499245021479,-0.4236808789623288,-0.3844255510223424,True,False
0.761517719566617,2.1588499386918003,-0.9937889770420077,-0.5974671754022097,-0.3279550269364567,-0.5548663113129169,-0.3288915589647107,True,False
-1.4299384059265408,-0.39289890391882876,-0.35281723807912696,0.2937108137400766,1.9217285654636354,-0.5576000955090167,-0.3278634001225899,True,False
-1.6198591255137118,2.1588499386918003,0.7029009202126767,-0.4552647670264369,1.4892645756293046,-0.42756128346142847,-0.41023100120263395,True,False
-0.6756239240357576,-0.49982042148271527,-0.4282256779571129,-0.556475637400889,-0.07734511277231738,-0.4262758617533286,-0.3483202632595882,True,False
-0.12837616266401292,2.1588499386918003,1.4569853189925366,0.5153603488607913,-0.9029361932322618,1.9517301588566542,1.3260964163194537,True,False
-0.8317456577604295,-0.39289890391882876,1.8717317383214593,3.1103934392657306,1.2179255669909415,-0.26035386906554375,0.1622465507798486,True,False
0.678910149581773,-0.5232095034498154,-1.0691974169199938,-0.9180944315510441,-1.0897399449618277,-0.19334899946444983,-0.39588366576887024,False,True
-0.9476591976065367,-0.49982042148271527,0.06192918124979592,-0.2736983701729416,0.2540971051584555,-0.3759030213894332,-0.30387703636583957,True,False
1.6251174150646706,-0.5232095034498154,-1.0691974169199938,-0.9084426843762179,-1.1447446157569863,0.1617351689998177,-0.2761702492486111,False,True
-1.0601216254439934,-0.5335675254638169,-0.5413383377740919,-0.7979207167272276,-0.5159496781690301,-0.3380886907652367,-0.39875317986934883,True,False
1.0064918926251196,-0.39289890391882876,0.5520840404567048,0.6734219025944158,-0.2823472975322166,-0.06526547677566154,0.18892992744126838,True,False
-0.9982755070667462,-0.39289890391882876,0.28815450088375383,-0.3370214016375857,-0.5177546352282758,0.017291185040330934,-0.143714271648787,False,True
-1.4330060610453415,-0.39289890391882876,-0.27740879820114095,0.03383278980926592,1.9929964575967405,-0.5525066874262171,-0.36245617796814983,True,False
0.7268970403687248,2.1588499386918003,0.9291262398466347,-0.15284335554854916,-0.7885912331388081,0.8857836464383516,0.23677069526189498,True,False
1.0409482331559332,-0.5232095034498154,-1.0691974169199938,-0.9107136837114711,-1.178015370622258,0.8967429225975505,-0.11407487563130228,False,True
1.7076702054938215,-0.3922306444340545,0.06192918124979592,-0.14387290817429893,0.8106937603765825,-0.4494617312487265,-0.3276031791499431,True,False
1.2178314184882018,2.1588499386918003,1.0422388996636136,0.056694183117481714,-0.9019685873860681,1.548506042197491,0.7551707012358494,True,False
1.2298829207406325,-0.39289890391882876,-0.239704578262148,-0.5845981791691081,-0.6073326072201206,-0.14415295362205433,-0.25117063000083834,False,True
-0.08000581498721106,-0.39289890391882876,-0.239704578262148,-0.023547793394798892,-0.5754574377099357,-0.1690647884156521,0.07562547687988061,True,False
0.30032864018836686,-0.5232095034498154,-1.1069016368589868,-0.9329316272080319,-1.1221361330045785,-0.15708562367115314,-0.42826348403123715,False,True
-1.6469750055816812,-0.5232095034498154,-1.1823100767369727,-0.9357325263881775,-1.0604326525050027,-0.49773444600502204,-0.4560128577484757,False,True
1.0006852597216758,-0.5141880004053625,1.8717317383214593,2.127088577090005,1.2454465101932553,-0.26463860809254336,0.0010797922757682992,True,False
0.8215561126059995,2.1588499386918003,0.8914220199076417,-0.18160934712842333,1.1590504728110085,-0.3738572093751334,-0.35610335423357875,True,False
-1.4262133961394259,-0.5232095034498154,-1.0691974169199938,-0.9279354286704747,-1.0074190168164348,-0.3723484984501335,-0.4476615510480946,False,True
0.6201864658790192,-0.5141880004053625,-0.9937889770420077,-0.5799804805207598,0.6125578555637109,-0.6005138690597127,-0.4030204747246762,True,False
0.2819227094755634,-0.5141880004053625,0.8537177999686487,0.5616887352999571,-0.08636989806854599,-0.08609172238435966,0.03455798437983102,True,False
-1.2347040694371616,-0.39289890391882876,0.1373376211277819,-0.3963701842655366,1.1649863625213115,-0.4689180673375247,-0.3911807260584626,True,False
-0.7282122975009102,-0.5232095034498154,-1.0691974169199938,-0.9194191811632751,-1.1772338428234095,0.8647582509875534,-0.21175961128219378,False,True
0.8269245090639005,2.1588499386918003,-0.27740879820114095,0.4274726745864915,1.6388899334993559,-0.5412094600198181,-0.29471956180123765,True,False
-1.2009598631303553,-0.39289890391882876,-0.4659298978961059,-0.07339622880360717,0.4213998775262737,-0.4993819583351219,-0.2747274606868704,True,False
-0.3430024618686671,-0.39289890391882876,-0.013479258628190058,-0.34830069833601,-0.6513028498077255,0.014472913032431114,-0.07167242838539768,False,True
0.8118053516926691,-0.5141880004053625,-0.5036341178350989,-0.323849605493117,0.17302289993027356,-0.48166969207562355,-0.3075057986321285,True,False
-0.42429532251688223,-0.5141880004053625,1.1176473395415996,0.03947243815847809,-0.32936922009627806,0.15575463889311827,-0.05144458477831576,True,False
-1.6725570580902502,-0.39289890391882876,1.0045346797246206,0.7170250898312777,1.0966026801220532,-0.35199900549373536,-0.20296788783355724,True,False
-1.3421815577065672,-0.5141880004053625,1.4946895389315296,1.0191815513867193,-0.7505010568473026,1.1233030247829299,1.1510185235657797,True,False
0.5324296176590457,-0.5141880004053625,0.09963340118878891,0.3382224007110398,-0.7247850707042346,0.18201224383181588,0.529663159326362,True,False
-0.006053414801840161,-0.39289890391882876,0.5897882603956978,0.6069951720382589,0.1941427583039221,-0.25290083709604444,-0.05553199728287362,True,False
1.0302662197958241,-0.39289890391882876,-0.05118347856718305,0.705518693199328,0.9588304938678741,-0.47819362210442384,-0.18744074294928362,True,False
1.458532786202661,2.1588499386918003,-1.0691974169199938,-0.8692679458430997,-0.6989946533422287,-0.5346133758557187,-0.423200975509815,True,False
0.04669929733039108,-0.39289890391882876,-0.202000358323155,-0.7238482884090516,1.5882208812073337,-0.531348525414019,-0.4496116333831296,True,False
-1.064777887677887,-0.5141880004053625,1.4569853189925366,0.4908335560400565,-0.5945118297580556,0.6606236279913721,0.4123241318526645,True,False
0.933251626663756,-0.39289890391882876,-0.9560847571030148,-0.789101669308661,1.1345439939756825,-0.6052934652701123,-0.4544327420934917,True,False
0.23766082847572662,-0.5232095034498154,-1.0691974169199938,-0.9277461787258703,-1.0928846639619567,-0.18171985565455093,-0.42429052644229065,False,True
-1.7071229577324496,2.1588499386918003,-1.0691974169199938,-0.7661267260336825,0.7581825354158459,-0.6150759469078113,-0.4450577271837048,True,False
-0.5626137006413723,-0.5141880004053625,1.0799431196026066,2.107709382762511,-0.6364166060201317,0.5609219752236813,1.5545311503354315,True,False
-1.5019735216626613,-0.5141880004053625,1.4946895389315296,-0.039066288852362595,1.8062485292813775,-0.37215538345173355,-0.36448223448417805,True,False
-0.4401813936678138,-0.39289890391882876,-0.8052678773470429,-0.5306619449568439,1.6476914251387704,-0.596452419249613,-0.424243332497146,True,False
-1.1568075412419043,-0.5232095034498154,-0.9560847571030148,-0.8811528423642583,-1.1391994899461078,0.5500290823451822,-0.1515141386872893,False,True
-0.3534105774503119,-0.5232095034498154,-1.1446058567979798,-0.9222957803212626,-1.0804918660087852,-0.3920884721928317,-0.4137808195875794,False,True
-1.2496588881413144,2.1588499386918003,-0.013479258628190058,-0.08225312621109475,0.03716731756374688,-0.3474668378750358,-0.2144232757839851,True,False
1.1745007899351438,-0.5232095034498154,-1.0314931969810008,-0.9262700291579558,-1.015252902609656,-0.30532552431793963,-0.4431683003906529,False,True
-1.2181058640622229,-0.5232095034498154,-1.0314931969810008,-0.90810203447593,-1.186705215433266,1.7827485004129697,0.03659077952989947,False,True
0.4966037882359105,-0.5232095034498154,-0.9937889770420077,-0.9188514313294619,-1.065624230025926,-0.11542106276635702,-0.41148462220274745,False,True
-1.4647782033472043,-0.39289890391882876,0.9668304597856276,-0.22627233405507008,-0.1272140294607561,-0.03416792718956439,-0.22528834372124618,False,True
0.8967136630166135,-0.39289890391882876,0.1750418410667749,0.10029737035434363,-0.9994548763900721,1.3410763945411102,1.3932909798984179,True,False
1.423035634113683,-0.49982042148271527,-0.6167467776520779,-0.8160130114314117,0.6604915605597624,-0.5417224217343181,-0.45348348011898865,True,False
-1.0000832324046107,2.1588499386918003,2.0979570579554174,1.9483230794166555,0.32179229878253773,0.007019881062931798,0.24552766773149845,True,False
0.20944935729389993,-0.5232095034498154,-1.1069016368589868,-0.9199112310192467,-1.0301391463972496,-0.399861350878431,-0.4269026168868112,False,True
-1.2081907644818137,-0.39289890391882876,-0.239704578262148,-0.1277866628829219,0.8926611402320201,-0.4996474914579219,-0.33059357337523415,True,False
0.7313889639355399,-0.5141880004053625,0.7783093600906626,1.3397331075577121,1.8210231262405643,-0.443770873639627,-0.19007046354100243,True,False
1.4670783968907481,-0.5232095034498154,-1.1446058567979798,-0.9302442779946489,-1.0911727459263836,-0.37028458190473373,-0.43286820423269795,False,True
-0.1774038650091292,-0.5141880004053625,2.0979570579554174,3.4271599965446344,0.835479356282926,-0.1559993518051533,0.3415980852418413,True,False
0.5458506088037982,-0.39289890391882876,0.36356294076173984,-0.35291839698435823,0.5134712953525404,-0.36408679742483424,-0.34798304163960014,True,False
1.3608060588465856,2.1588499386918003,1.1930557794195855,1.2811791746970997,0.3556026799851097,-0.17864208536755122,0.06621968365089596,True,False
-0.46302446839173944,-0.39289890391882876,0.7783093600906626,0.3116517084885771,-0.5079483221331985,0.21473920121691284,0.20528985779422165,False,True
-0.7952624736689798,-0.5232095034498154,-1.0314931969810008,-0.9040142356724741,-1.0927916249382843,-0.08980918610355934,-0.34920493621037774,False,True
-1.1241589260489553,-0.39289890391882876,0.5897882603956978,0.4159662779545419,0.18701596909061155,-0.25092140836244464,-0.10588152721419684,True,False
0.34491919852236086,-0.39289890391882876,1.9471401781994453,3.0472596577456907,-0.20289197131593534,0.3000417169164051,1.0403409414300753,True,False
-0.37066613749356514,-0.5232095034498154,-1.1446058567979798,-0.9328559272301901,-1.1019466648676544,-0.3441597435274361,-0.4372971557844022,False,True
-1.0449476885170692,-0.5232095034498154,-1.0314931969810008,-0.9062852350077274,-1.022100574751949,-0.29329204598014075,-0.40183786012185646,False,True
0.6328405432440716,-0.39289890391882876,-0.5036341178350989,-0.5653325348083765,0.4421475798052323,-0.5079635060765212,-0.39169001791510594,False,True
-1.7342936173561116,-0.5141880004053625,0.7029009202126767,1.2275457403962027,1.14306636854408,-0.39584817981793136,-0.12501060519853413,True,False
1.734731306006098,-0.5141880004053625,1.7209148585654874,2.8342020701100177,-0.05326661344588456,0.12044476840442145,0.7737652409927552,True,False
0.4148726911421524,-0.5141880004053625,1.9471401781994453,1.7121012985613993,1.399872681684805,-0.2784282259470421,-0.08848822733117302,True,False
0.13483960244021462,-0.5232095034498154,-0.9937889770420077,-0.8968605877664265,-1.03287449369322,-0.21068710541454827,-0.3772074474988999,False,True
1.0789104652510904,2.1588499386918003,0.8914220199076417,0.8906429890113867,-0.607648939900607,0.4112699211510949,0.6854394258861637,True,False
-1.5225706346031795,-0.5141880004053625,0.8914220199076417,-0.4275585751363476,0.07337810557706853,-0.14651861235245417,-0.3251761739085207,True,False
1.721912889973967,-0.39289890391882876,0.9291262398466347,2.068799594151839,-0.08878891268402994,-0.06494563005956157,0.5513977771760831,True,False
-0.8871825681216112,-0.39289890391882876,-0.126591918445169,-0.4650300641680258,1.418666564466642,-0.5155975833570204,-0.4097875599046814,True,False
-0.8157500274981122,-0.5232095034498154,-1.1069016368589868,-0.9137038328362213,-1.051780023303464,-0.36744217052203393,-0.4051335849897591,False,True
0.03968751420170406,-0.5141880004053625,-0.6167467776520779,-0.31219180890548376,2.1146915005603186,-0.5861931849596139,-0.40679332622511155,True,False
0.09128985566438509,-0.5232095034498154,-0.9560847571030148,-0.8953844381985119,-1.1621243053790018,1.0725137802037346,-0.11241591795804746,False,True
0.9144622390611025,-0.5141880004053625,-0.9183805371640218,-0.6121908210924347,-1.1306026841587722,0.5616582261550812,1.050340337797416,True,False
-0.2648320358949455,-0.5141880004053625,-0.239704578262148,0.043900886862221884,2.0383064621252283,-0.5503220740068172,-0.3629025262814849,True,False
0.3716516217004801,-0.5232095034498154,-0.9560847571030148,-0.8847864413006635,-1.0630749607773005,-0.05011198424496298,-0.32595584953821816,False,True
1.3891818686954909,-0.5232095034498154,-1.1823100767369727,-0.9356568264103358,-1.0600791042150473,-0.498066362408522,-0.4558791742189868,False,True
1.5583959162307581,-0.5232095034498154,-1.0314931969810008,-0.9106001337447085,-1.1958416475579015,2.9740990649172607,0.23860521785876088,False,True
0.5968503751538577,-0.39289890391882876,-0.39052145801811994,-0.47089681245076326,-0.300099143248922,-0.36106937557483454,-0.2801731232384479,True,False
-0.9449202198218934,-0.39289890391882876,0.5143798205177118,-0.4703669126058709,-1.1138928755071984,4.603718083446611,1.3390195336131923,False,True
-1.6267613495310131,-0.39289890391882876,0.8914220199076417,1.9693676732566687,1.4626181992495124,-0.40444179724673057,-0.06064676939621253,True,False
0.23667479647325498,-0.5141880004053625,1.4192810990535434,0.4386384213181532,0.682634848193808,-0.2232637196853471,-0.1990306685118869,True,False
-0.0019997276805679785,-0.5232095034498154,-0.9937889770420077,-0.9154070823376611,-1.0284830517758798,-0.22086788673644736,-0.418041869452988,False,True
0.6637909922105416,-0.39289890391882876,-1.0691974169199938,-0.789782969109237,-0.31517146508386046,-0.5810997768768145,-0.41341934672066744,True,False
-0.3489734334391897,-0.5232095034498154,-1.1069016368589868,-0.923847629867019,-1.0947826600448751,-0.268235374937743,-0.4108598019504188,False,True
0.9328133902182131,-0.3922306444340545,-0.7298594374690568,-0.7614711773964133,-0.6447156869317152,-0.3676051113019339,-0.35573571473295795,True,False
-1.5250904941650514,2.1588499386918003,-0.6167467776520779,-0.7677542755572806,1.5671010228336855,-0.574908027240615,-0.4554609322780964,True,False
-1.473214254923906,2.1588499386918003,-0.6921552175300638,-0.48206255918242497,2.0761361291504508,-0.5923487255336134,-0.42582091724655446,True,False
0.23294978668614003,-0.39289890391882876,2.1356612778944104,0.5773586307132044,-0.25720815333591773,0.41224153098679495,0.1327005945425148,True,False
-1.1943863164472113,-0.5232095034498154,-1.1446058567979798,-0.9302442779946489,-1.153843832272153,-0.08790217549435947,-0.38410498793255154,False,True
-0.14826114138052376,2.1588499386918003,1.7963232984434734,0.7408705828514366,0.6434282036182333,-0.15395353979085344,-0.1304360596836119,True,False
0.8086829170181757,-0.5232095034498154,-1.1446058567979798,-0.9288816783934969,-1.1558906907929472,-0.06840963034336132,-0.37177739350430855,False,True
1.4553007924167818,-0.5232095034498154,-0.9937889770420077,-0.8944760384644106,-1.1463634947688872,0.5106215529841859,-0.1923335162491016,False,True
-1.5070132407864052,-0.39289890391882876,-1.1069016368589868,-0.7439844825149635,-0.5203411200863701,-0.5788246408019146,-0.3683056414111572,True,False
-1.2925512802488295,-0.39289890391882876,-0.202000358323155,-0.46949636286069046,1.2222611854940781,-0.5144992418036206,-0.4048299781837625,True,False
